ID,Hours,Date,Machine ID,Department,MSEB Zone,KWH Reading,Consumption,P_F,Parts Produced,Molten Metal,Batch ID,Cost of Energy,KWH_Tonne,KWH_part
1,0,2024-07-30,MM1,Moulding,Zone A,1044,17,0.89,48.0,0.0,0,85,0.0,0.3541666666666667
2,1,2024-07-30,MM1,Moulding,Zone A,1061,17,0.86,57.0,0.0,0,85,0.0,0.2982456140350877
3,2,2024-07-30,MM1,Moulding,Zone A,1081,20,0.89,45.0,0.0,0,100,0.0,0.4444444444444444
4,3,2024-07-30,MM1,Moulding,Zone A,1097,16,0.87,47.0,0.0,0,80,0.0,0.3404255319148936
5,4,2024-07-30,MM1,Moulding,Zone A,1112,15,0.85,60.0,0.0,0,75,0.0,0.25
6,5,2024-07-30,MM1,Moulding,Zone A,1130,18,0.86,57.0,0.0,0,90,0.0,0.3157894736842105
7,6,2024-07-30,MM1,Moulding,Zone B,1148,18,0.88,50.0,0.0,0,126,0.0,0.36
8,7,2024-07-30,MM1,Moulding,Zone B,1165,17,0.89,45.0,0.0,0,119,0.0,0.3777777777777778
9,8,2024-07-30,MM1,Moulding,Zone B,1185,20,0.9,59.0,0.0,0,140,0.0,0.3389830508474576
10,9,2024-07-30,MM1,Moulding,Zone C,1201,16,0.89,52.0,0.0,0,144,0.0,0.3076923076923077
11,10,2024-07-30,MM1,Moulding,Zone C,1217,16,0.88,52.0,0.0,0,144,0.0,0.3076923076923077
12,11,2024-07-30,MM1,Moulding,Zone C,1236,19,0.87,56.0,0.0,0,171,0.0,0.3392857142857143
13,12,2024-07-30,MM1,Moulding,Zone B,1254,18,0.86,59.0,0.0,0,126,0.0,0.3050847457627119
14,13,2024-07-30,MM1,Moulding,Zone B,1273,19,0.85,57.0,0.0,0,133,0.0,0.3333333333333333
15,14,2024-07-30,MM1,Moulding,Zone B,1292,19,0.86,46.0,0.0,0,133,0.0,0.4130434782608696
16,15,2024-07-30,MM1,Moulding,Zone B,1311,19,0.89,45.0,0.0,0,133,0.0,0.4222222222222222
17,16,2024-07-30,MM1,Moulding,Zone B,1331,20,0.87,55.0,0.0,0,140,0.0,0.3636363636363636
18,17,2024-07-30,MM1,Moulding,Zone B,1347,16,0.88,48.0,0.0,0,112,0.0,0.3333333333333333
19,18,2024-07-30,MM1,Moulding,Zone D,1364,17,0.85,47.0,0.0,0,187,0.0,0.3617021276595745
20,19,2024-07-30,MM1,Moulding,Zone D,1382,18,0.86,50.0,0.0,0,198,0.0,0.36
21,20,2024-07-30,MM1,Moulding,Zone D,1401,19,0.85,48.0,0.0,0,209,0.0,0.3958333333333333
22,21,2024-07-30,MM1,Moulding,Zone D,1417,16,0.85,56.0,0.0,0,176,0.0,0.2857142857142857
23,22,2024-07-30,MM1,Moulding,Zone A,1435,18,0.88,53.0,0.0,0,90,0.0,0.3396226415094339
24,23,2024-07-30,MM1,Moulding,Zone A,1453,18,0.86,58.0,0.0,0,90,0.0,0.3103448275862069
25,0,2024-07-31,MM1,Moulding,Zone A,1470,17,0.87,53.0,0.0,0,85,0.0,0.3207547169811321
26,1,2024-07-31,MM1,Moulding,Zone A,1486,16,0.88,47.0,0.0,0,80,0.0,0.3404255319148936
27,2,2024-07-31,MM1,Moulding,Zone A,1504,18,0.87,60.0,0.0,0,90,0.0,0.3
28,3,2024-07-31,MM1,Moulding,Zone A,1520,16,0.87,54.0,0.0,0,80,0.0,0.2962962962962963
29,4,2024-07-31,MM1,Moulding,Zone A,1537,17,0.9,54.0,0.0,0,85,0.0,0.3148148148148148
30,5,2024-07-31,MM1,Moulding,Zone A,1554,17,0.88,48.0,0.0,0,85,0.0,0.3541666666666667
31,6,2024-07-31,MM1,Moulding,Zone B,1571,17,0.86,58.0,0.0,0,119,0.0,0.293103448275862
32,7,2024-07-31,MM1,Moulding,Zone B,1588,17,0.87,57.0,0.0,0,119,0.0,0.2982456140350877
33,8,2024-07-31,MM1,Moulding,Zone B,1606,18,0.89,53.0,0.0,0,126,0.0,0.3396226415094339
34,9,2024-07-31,MM1,Moulding,Zone C,1624,18,0.86,59.0,0.0,0,162,0.0,0.3050847457627119
35,10,2024-07-31,MM1,Moulding,Zone C,1642,18,0.89,50.0,0.0,0,162,0.0,0.36
36,11,2024-07-31,MM1,Moulding,Zone C,1662,20,0.89,53.0,0.0,0,180,0.0,0.3773584905660378
37,12,2024-07-31,MM1,Moulding,Zone B,1681,19,0.88,46.0,0.0,0,133,0.0,0.4130434782608696
38,13,2024-07-31,MM1,Moulding,Zone B,1700,19,0.88,45.0,0.0,0,133,0.0,0.4222222222222222
39,14,2024-07-31,MM1,Moulding,Zone B,1716,16,0.85,52.0,0.0,0,112,0.0,0.3076923076923077
40,15,2024-07-31,MM1,Moulding,Zone B,1731,15,0.86,58.0,0.0,0,105,0.0,0.2586206896551724
41,16,2024-07-31,MM1,Moulding,Zone B,1751,20,0.87,49.0,0.0,0,140,0.0,0.4081632653061225
42,17,2024-07-31,MM1,Moulding,Zone B,1771,20,0.9,57.0,0.0,0,140,0.0,0.3508771929824561
43,18,2024-07-31,MM1,Moulding,Zone D,1786,15,0.9,54.0,0.0,0,165,0.0,0.2777777777777778
44,19,2024-07-31,MM1,Moulding,Zone D,1801,15,0.87,56.0,0.0,0,165,0.0,0.2678571428571428
45,20,2024-07-31,MM1,Moulding,Zone D,1821,20,0.88,58.0,0.0,0,220,0.0,0.3448275862068966
46,21,2024-07-31,MM1,Moulding,Zone D,1838,17,0.88,52.0,0.0,0,187,0.0,0.3269230769230769
47,22,2024-07-31,MM1,Moulding,Zone A,1856,18,0.88,50.0,0.0,0,90,0.0,0.36
48,23,2024-07-31,MM1,Moulding,Zone A,1871,15,0.87,49.0,0.0,0,75,0.0,0.3061224489795918
49,0,2024-08-01,MM1,Moulding,Zone A,1891,20,0.85,51.0,0.0,0,100,0.0,0.392156862745098
50,1,2024-08-01,MM1,Moulding,Zone A,1906,15,0.9,55.0,0.0,0,75,0.0,0.2727272727272727
51,2,2024-08-01,MM1,Moulding,Zone A,1923,17,0.88,55.0,0.0,0,85,0.0,0.3090909090909091
52,3,2024-08-01,MM1,Moulding,Zone A,1942,19,0.85,47.0,0.0,0,95,0.0,0.4042553191489361
53,4,2024-08-01,MM1,Moulding,Zone A,1957,15,0.87,49.0,0.0,0,75,0.0,0.3061224489795918
54,5,2024-08-01,MM1,Moulding,Zone A,1976,19,0.87,54.0,0.0,0,95,0.0,0.3518518518518519
55,6,2024-08-01,MM1,Moulding,Zone B,1995,19,0.85,47.0,0.0,0,133,0.0,0.4042553191489361
56,7,2024-08-01,MM1,Moulding,Zone B,2013,18,0.89,54.0,0.0,0,126,0.0,0.3333333333333333
57,8,2024-08-01,MM1,Moulding,Zone B,2033,20,0.89,47.0,0.0,0,140,0.0,0.425531914893617
58,9,2024-08-01,MM1,Moulding,Zone C,2048,15,0.87,56.0,0.0,0,135,0.0,0.2678571428571428
59,10,2024-08-01,MM1,Moulding,Zone C,2066,18,0.88,56.0,0.0,0,162,0.0,0.3214285714285715
60,11,2024-08-01,MM1,Moulding,Zone C,2085,19,0.86,46.0,0.0,0,171,0.0,0.4130434782608696
61,12,2024-08-01,MM1,Moulding,Zone B,2102,17,0.88,53.0,0.0,0,119,0.0,0.3207547169811321
62,13,2024-08-01,MM1,Moulding,Zone B,2121,19,0.86,49.0,0.0,0,133,0.0,0.3877551020408163
63,14,2024-08-01,MM1,Moulding,Zone B,2137,16,0.87,55.0,0.0,0,112,0.0,0.2909090909090909
64,15,2024-08-01,MM1,Moulding,Zone B,2156,19,0.87,45.0,0.0,0,133,0.0,0.4222222222222222
65,16,2024-08-01,MM1,Moulding,Zone B,2171,15,0.86,58.0,0.0,0,105,0.0,0.2586206896551724
66,17,2024-08-01,MM1,Moulding,Zone B,2186,15,0.88,56.0,0.0,0,105,0.0,0.2678571428571428
67,18,2024-08-01,MM1,Moulding,Zone D,2205,19,0.86,49.0,0.0,0,209,0.0,0.3877551020408163
68,19,2024-08-01,MM1,Moulding,Zone D,2220,15,0.85,45.0,0.0,0,165,0.0,0.3333333333333333
69,20,2024-08-01,MM1,Moulding,Zone D,2238,18,0.86,49.0,0.0,0,198,0.0,0.3673469387755102
70,21,2024-08-01,MM1,Moulding,Zone D,2253,15,0.9,59.0,0.0,0,165,0.0,0.2542372881355932
71,22,2024-08-01,MM1,Moulding,Zone A,2273,20,0.87,59.0,0.0,0,100,0.0,0.3389830508474576
72,23,2024-08-01,MM1,Moulding,Zone A,2289,16,0.88,51.0,0.0,0,80,0.0,0.3137254901960784
73,0,2024-08-02,MM1,Moulding,Zone A,2307,18,0.87,59.0,0.0,0,90,0.0,0.3050847457627119
74,1,2024-08-02,MM1,Moulding,Zone A,2327,20,0.88,45.0,0.0,0,100,0.0,0.4444444444444444
75,2,2024-08-02,MM1,Moulding,Zone A,2345,18,0.88,55.0,0.0,0,90,0.0,0.3272727272727273
76,3,2024-08-02,MM1,Moulding,Zone A,2361,16,0.88,60.0,0.0,0,80,0.0,0.2666666666666667
77,4,2024-08-02,MM1,Moulding,Zone A,2380,19,0.88,47.0,0.0,0,95,0.0,0.4042553191489361
78,5,2024-08-02,MM1,Moulding,Zone A,2396,16,0.9,49.0,0.0,0,80,0.0,0.3265306122448979
79,6,2024-08-02,MM1,Moulding,Zone B,2416,20,0.87,60.0,0.0,0,140,0.0,0.3333333333333333
80,7,2024-08-02,MM1,Moulding,Zone B,2433,17,0.87,52.0,0.0,0,119,0.0,0.3269230769230769
81,8,2024-08-02,MM1,Moulding,Zone B,2453,20,0.86,50.0,0.0,0,140,0.0,0.4
82,9,2024-08-02,MM1,Moulding,Zone C,2473,20,0.85,55.0,0.0,0,180,0.0,0.3636363636363636
83,10,2024-08-02,MM1,Moulding,Zone C,2492,19,0.88,51.0,0.0,0,171,0.0,0.3725490196078431
84,11,2024-08-02,MM1,Moulding,Zone C,2508,16,0.88,60.0,0.0,0,144,0.0,0.2666666666666667
85,12,2024-08-02,MM1,Moulding,Zone B,2525,17,0.89,53.0,0.0,0,119,0.0,0.3207547169811321
86,13,2024-08-02,MM1,Moulding,Zone B,2543,18,0.89,49.0,0.0,0,126,0.0,0.3673469387755102
87,14,2024-08-02,MM1,Moulding,Zone B,2558,15,0.87,53.0,0.0,0,105,0.0,0.2830188679245283
88,15,2024-08-02,MM1,Moulding,Zone B,2576,18,0.85,53.0,0.0,0,126,0.0,0.3396226415094339
89,16,2024-08-02,MM1,Moulding,Zone B,2596,20,0.89,50.0,0.0,0,140,0.0,0.4
90,17,2024-08-02,MM1,Moulding,Zone B,2616,20,0.89,57.0,0.0,0,140,0.0,0.3508771929824561
91,18,2024-08-02,MM1,Moulding,Zone D,2631,15,0.9,51.0,0.0,0,165,0.0,0.2941176470588235
92,19,2024-08-02,MM1,Moulding,Zone D,2648,17,0.87,46.0,0.0,0,187,0.0,0.3695652173913043
93,20,2024-08-02,MM1,Moulding,Zone D,2663,15,0.88,59.0,0.0,0,165,0.0,0.2542372881355932
94,21,2024-08-02,MM1,Moulding,Zone D,2679,16,0.87,49.0,0.0,0,176,0.0,0.3265306122448979
95,22,2024-08-02,MM1,Moulding,Zone A,2699,20,0.86,47.0,0.0,0,100,0.0,0.425531914893617
96,23,2024-08-02,MM1,Moulding,Zone A,2715,16,0.89,46.0,0.0,0,80,0.0,0.3478260869565217
97,0,2024-08-03,MM1,Moulding,Zone A,2733,18,0.9,59.0,0.0,0,90,0.0,0.3050847457627119
98,1,2024-08-03,MM1,Moulding,Zone A,2752,19,0.87,54.0,0.0,0,95,0.0,0.3518518518518519
99,2,2024-08-03,MM1,Moulding,Zone A,2771,19,0.87,59.0,0.0,0,95,0.0,0.3220338983050847
100,3,2024-08-03,MM1,Moulding,Zone A,2789,18,0.89,47.0,0.0,0,90,0.0,0.3829787234042553
101,4,2024-08-03,MM1,Moulding,Zone A,2804,15,0.9,45.0,0.0,0,75,0.0,0.3333333333333333
102,5,2024-08-03,MM1,Moulding,Zone A,2820,16,0.86,48.0,0.0,0,80,0.0,0.3333333333333333
103,6,2024-08-03,MM1,Moulding,Zone B,2837,17,0.88,50.0,0.0,0,119,0.0,0.34
104,7,2024-08-03,MM1,Moulding,Zone B,2855,18,0.88,58.0,0.0,0,126,0.0,0.3103448275862069
105,8,2024-08-03,MM1,Moulding,Zone B,2874,19,0.89,53.0,0.0,0,133,0.0,0.3584905660377358
106,9,2024-08-03,MM1,Moulding,Zone C,2893,19,0.9,53.0,0.0,0,171,0.0,0.3584905660377358
107,10,2024-08-03,MM1,Moulding,Zone C,2910,17,0.87,59.0,0.0,0,153,0.0,0.288135593220339
108,11,2024-08-03,MM1,Moulding,Zone C,2926,16,0.86,57.0,0.0,0,144,0.0,0.2807017543859649
109,12,2024-08-03,MM1,Moulding,Zone B,2944,18,0.89,48.0,0.0,0,126,0.0,0.375
110,13,2024-08-03,MM1,Moulding,Zone B,2961,17,0.87,56.0,0.0,0,119,0.0,0.3035714285714285
111,14,2024-08-03,MM1,Moulding,Zone B,2977,16,0.9,53.0,0.0,0,112,0.0,0.3018867924528302
112,15,2024-08-03,MM1,Moulding,Zone B,2992,15,0.85,48.0,0.0,0,105,0.0,0.3125
113,16,2024-08-03,MM1,Moulding,Zone B,3009,17,0.89,54.0,0.0,0,119,0.0,0.3148148148148148
114,17,2024-08-03,MM1,Moulding,Zone B,3028,19,0.89,48.0,0.0,0,133,0.0,0.3958333333333333
115,18,2024-08-03,MM1,Moulding,Zone D,3047,19,0.88,52.0,0.0,0,209,0.0,0.3653846153846154
116,19,2024-08-03,MM1,Moulding,Zone D,3065,18,0.9,51.0,0.0,0,198,0.0,0.3529411764705883
117,20,2024-08-03,MM1,Moulding,Zone D,3082,17,0.89,49.0,0.0,0,187,0.0,0.3469387755102041
118,21,2024-08-03,MM1,Moulding,Zone D,3098,16,0.87,60.0,0.0,0,176,0.0,0.2666666666666667
119,22,2024-08-03,MM1,Moulding,Zone A,3114,16,0.86,60.0,0.0,0,80,0.0,0.2666666666666667
120,23,2024-08-03,MM1,Moulding,Zone A,3134,20,0.87,51.0,0.0,0,100,0.0,0.392156862745098
121,0,2024-08-04,MM1,Moulding,Zone A,3149,15,0.87,54.0,0.0,0,75,0.0,0.2777777777777778
122,1,2024-08-04,MM1,Moulding,Zone A,3169,20,0.86,49.0,0.0,0,100,0.0,0.4081632653061225
123,2,2024-08-04,MM1,Moulding,Zone A,3185,16,0.89,49.0,0.0,0,80,0.0,0.3265306122448979
124,3,2024-08-04,MM1,Moulding,Zone A,3202,17,0.87,52.0,0.0,0,85,0.0,0.3269230769230769
125,4,2024-08-04,MM1,Moulding,Zone A,3217,15,0.89,45.0,0.0,0,75,0.0,0.3333333333333333
126,5,2024-08-04,MM1,Moulding,Zone A,3232,15,0.86,56.0,0.0,0,75,0.0,0.2678571428571428
127,6,2024-08-04,MM1,Moulding,Zone B,3249,17,0.86,60.0,0.0,0,119,0.0,0.2833333333333333
128,7,2024-08-04,MM1,Moulding,Zone B,3264,15,0.86,46.0,0.0,0,105,0.0,0.3260869565217391
129,8,2024-08-04,MM1,Moulding,Zone B,3284,20,0.86,45.0,0.0,0,140,0.0,0.4444444444444444
130,9,2024-08-04,MM1,Moulding,Zone C,3300,16,0.89,47.0,0.0,0,144,0.0,0.3404255319148936
131,10,2024-08-04,MM1,Moulding,Zone C,3320,20,0.89,55.0,0.0,0,180,0.0,0.3636363636363636
132,11,2024-08-04,MM1,Moulding,Zone C,3335,15,0.87,50.0,0.0,0,135,0.0,0.3
133,12,2024-08-04,MM1,Moulding,Zone B,3350,15,0.88,47.0,0.0,0,105,0.0,0.3191489361702128
134,13,2024-08-04,MM1,Moulding,Zone B,3368,18,0.85,55.0,0.0,0,126,0.0,0.3272727272727273
135,14,2024-08-04,MM1,Moulding,Zone B,3383,15,0.89,51.0,0.0,0,105,0.0,0.2941176470588235
136,15,2024-08-04,MM1,Moulding,Zone B,3400,17,0.89,47.0,0.0,0,119,0.0,0.3617021276595745
137,16,2024-08-04,MM1,Moulding,Zone B,3416,16,0.89,56.0,0.0,0,112,0.0,0.2857142857142857
138,17,2024-08-04,MM1,Moulding,Zone B,3431,15,0.89,46.0,0.0,0,105,0.0,0.3260869565217391
139,18,2024-08-04,MM1,Moulding,Zone D,3450,19,0.9,56.0,0.0,0,209,0.0,0.3392857142857143
140,19,2024-08-04,MM1,Moulding,Zone D,3469,19,0.88,45.0,0.0,0,209,0.0,0.4222222222222222
141,20,2024-08-04,MM1,Moulding,Zone D,3489,20,0.86,48.0,0.0,0,220,0.0,0.4166666666666667
142,21,2024-08-04,MM1,Moulding,Zone D,3507,18,0.88,55.0,0.0,0,198,0.0,0.3272727272727273
143,22,2024-08-04,MM1,Moulding,Zone A,3526,19,0.87,52.0,0.0,0,95,0.0,0.3653846153846154
144,23,2024-08-04,MM1,Moulding,Zone A,3542,16,0.86,48.0,0.0,0,80,0.0,0.3333333333333333
145,0,2024-08-05,MM1,Moulding,Zone A,3562,20,0.85,54.0,0.0,0,100,0.0,0.3703703703703703
146,1,2024-08-05,MM1,Moulding,Zone A,3577,15,0.88,53.0,0.0,0,75,0.0,0.2830188679245283
147,2,2024-08-05,MM1,Moulding,Zone A,3592,15,0.85,45.0,0.0,0,75,0.0,0.3333333333333333
148,3,2024-08-05,MM1,Moulding,Zone A,3610,18,0.89,58.0,0.0,0,90,0.0,0.3103448275862069
149,4,2024-08-05,MM1,Moulding,Zone A,3629,19,0.89,48.0,0.0,0,95,0.0,0.3958333333333333
150,5,2024-08-05,MM1,Moulding,Zone A,3648,19,0.89,60.0,0.0,0,95,0.0,0.3166666666666667
151,6,2024-08-05,MM1,Moulding,Zone B,3665,17,0.88,47.0,0.0,0,119,0.0,0.3617021276595745
152,7,2024-08-05,MM1,Moulding,Zone B,3681,16,0.86,56.0,0.0,0,112,0.0,0.2857142857142857
153,8,2024-08-05,MM1,Moulding,Zone B,3699,18,0.88,55.0,0.0,0,126,0.0,0.3272727272727273
154,9,2024-08-05,MM1,Moulding,Zone C,3718,19,0.88,52.0,0.0,0,171,0.0,0.3653846153846154
155,10,2024-08-05,MM1,Moulding,Zone C,3735,17,0.89,51.0,0.0,0,153,0.0,0.3333333333333333
156,11,2024-08-05,MM1,Moulding,Zone C,3751,16,0.89,47.0,0.0,0,144,0.0,0.3404255319148936
157,12,2024-08-05,MM1,Moulding,Zone B,3770,19,0.88,60.0,0.0,0,133,0.0,0.3166666666666667
158,13,2024-08-05,MM1,Moulding,Zone B,3788,18,0.86,47.0,0.0,0,126,0.0,0.3829787234042553
159,14,2024-08-05,MM1,Moulding,Zone B,3808,20,0.87,58.0,0.0,0,140,0.0,0.3448275862068966
160,15,2024-08-05,MM1,Moulding,Zone B,3825,17,0.87,45.0,0.0,0,119,0.0,0.3777777777777778
161,16,2024-08-05,MM1,Moulding,Zone B,3844,19,0.86,54.0,0.0,0,133,0.0,0.3518518518518519
162,17,2024-08-05,MM1,Moulding,Zone B,3861,17,0.88,52.0,0.0,0,119,0.0,0.3269230769230769
163,18,2024-08-05,MM1,Moulding,Zone D,3880,19,0.86,46.0,0.0,0,209,0.0,0.4130434782608696
164,19,2024-08-05,MM1,Moulding,Zone D,3896,16,0.85,58.0,0.0,0,176,0.0,0.2758620689655172
165,20,2024-08-05,MM1,Moulding,Zone D,3916,20,0.87,48.0,0.0,0,220,0.0,0.4166666666666667
166,21,2024-08-05,MM1,Moulding,Zone D,3934,18,0.87,45.0,0.0,0,198,0.0,0.4
167,22,2024-08-05,MM1,Moulding,Zone A,3949,15,0.88,54.0,0.0,0,75,0.0,0.2777777777777778
168,23,2024-08-05,MM1,Moulding,Zone A,3964,15,0.87,51.0,0.0,0,75,0.0,0.2941176470588235
169,0,2024-08-06,MM1,Moulding,Zone A,3980,16,0.86,53.0,0.0,0,80,0.0,0.3018867924528302
170,1,2024-08-06,MM1,Moulding,Zone A,3997,17,0.87,50.0,0.0,0,85,0.0,0.34
171,2,2024-08-06,MM1,Moulding,Zone A,4012,15,0.87,59.0,0.0,0,75,0.0,0.2542372881355932
172,3,2024-08-06,MM1,Moulding,Zone A,4032,20,0.88,50.0,0.0,0,100,0.0,0.4
173,4,2024-08-06,MM1,Moulding,Zone A,4047,15,0.88,49.0,0.0,0,75,0.0,0.3061224489795918
174,5,2024-08-06,MM1,Moulding,Zone A,4067,20,0.86,48.0,0.0,0,100,0.0,0.4166666666666667
175,6,2024-08-06,MM1,Moulding,Zone B,4083,16,0.89,49.0,0.0,0,112,0.0,0.3265306122448979
176,7,2024-08-06,MM1,Moulding,Zone B,4099,16,0.86,56.0,0.0,0,112,0.0,0.2857142857142857
177,8,2024-08-06,MM1,Moulding,Zone B,4118,19,0.87,57.0,0.0,0,133,0.0,0.3333333333333333
178,9,2024-08-06,MM1,Moulding,Zone C,4136,18,0.87,47.0,0.0,0,162,0.0,0.3829787234042553
179,10,2024-08-06,MM1,Moulding,Zone C,4154,18,0.89,58.0,0.0,0,162,0.0,0.3103448275862069
180,11,2024-08-06,MM1,Moulding,Zone C,4171,17,0.87,47.0,0.0,0,153,0.0,0.3617021276595745
181,12,2024-08-06,MM1,Moulding,Zone B,4189,18,0.86,45.0,0.0,0,126,0.0,0.4
182,13,2024-08-06,MM1,Moulding,Zone B,4206,17,0.86,53.0,0.0,0,119,0.0,0.3207547169811321
183,14,2024-08-06,MM1,Moulding,Zone B,4225,19,0.87,57.0,0.0,0,133,0.0,0.3333333333333333
184,15,2024-08-06,MM1,Moulding,Zone B,4245,20,0.86,47.0,0.0,0,140,0.0,0.425531914893617
185,16,2024-08-06,MM1,Moulding,Zone B,4260,15,0.9,55.0,0.0,0,105,0.0,0.2727272727272727
186,17,2024-08-06,MM1,Moulding,Zone B,4277,17,0.89,59.0,0.0,0,119,0.0,0.288135593220339
187,18,2024-08-06,MM1,Moulding,Zone D,4294,17,0.87,55.0,0.0,0,187,0.0,0.3090909090909091
188,19,2024-08-06,MM1,Moulding,Zone D,4314,20,0.87,60.0,0.0,0,220,0.0,0.3333333333333333
189,20,2024-08-06,MM1,Moulding,Zone D,4329,15,0.85,57.0,0.0,0,165,0.0,0.2631578947368421
190,21,2024-08-06,MM1,Moulding,Zone D,4345,16,0.86,55.0,0.0,0,176,0.0,0.2909090909090909
191,22,2024-08-06,MM1,Moulding,Zone A,4360,15,0.88,51.0,0.0,0,75,0.0,0.2941176470588235
192,23,2024-08-06,MM1,Moulding,Zone A,4379,19,0.86,51.0,0.0,0,95,0.0,0.3725490196078431
193,0,2024-08-07,MM1,Moulding,Zone A,4398,19,0.86,50.0,0.0,0,95,0.0,0.38
194,1,2024-08-07,MM1,Moulding,Zone A,4413,15,0.89,49.0,0.0,0,75,0.0,0.3061224489795918
195,2,2024-08-07,MM1,Moulding,Zone A,4430,17,0.89,46.0,0.0,0,85,0.0,0.3695652173913043
196,3,2024-08-07,MM1,Moulding,Zone A,4446,16,0.89,47.0,0.0,0,80,0.0,0.3404255319148936
197,4,2024-08-07,MM1,Moulding,Zone A,4464,18,0.86,45.0,0.0,0,90,0.0,0.4
198,5,2024-08-07,MM1,Moulding,Zone A,4482,18,0.86,51.0,0.0,0,90,0.0,0.3529411764705883
199,6,2024-08-07,MM1,Moulding,Zone B,4499,17,0.88,59.0,0.0,0,119,0.0,0.288135593220339
200,7,2024-08-07,MM1,Moulding,Zone B,4519,20,0.87,59.0,0.0,0,140,0.0,0.3389830508474576
201,8,2024-08-07,MM1,Moulding,Zone B,4534,15,0.89,60.0,0.0,0,105,0.0,0.25
202,9,2024-08-07,MM1,Moulding,Zone C,4549,15,0.86,59.0,0.0,0,135,0.0,0.2542372881355932
203,10,2024-08-07,MM1,Moulding,Zone C,4569,20,0.85,47.0,0.0,0,180,0.0,0.425531914893617
204,11,2024-08-07,MM1,Moulding,Zone C,4585,16,0.85,57.0,0.0,0,144,0.0,0.2807017543859649
205,12,2024-08-07,MM1,Moulding,Zone B,4603,18,0.9,52.0,0.0,0,126,0.0,0.3461538461538461
206,13,2024-08-07,MM1,Moulding,Zone B,4621,18,0.89,53.0,0.0,0,126,0.0,0.3396226415094339
207,14,2024-08-07,MM1,Moulding,Zone B,4637,16,0.85,59.0,0.0,0,112,0.0,0.2711864406779661
208,15,2024-08-07,MM1,Moulding,Zone B,4656,19,0.9,45.0,0.0,0,133,0.0,0.4222222222222222
209,16,2024-08-07,MM1,Moulding,Zone B,4676,20,0.86,54.0,0.0,0,140,0.0,0.3703703703703703
210,17,2024-08-07,MM1,Moulding,Zone B,4695,19,0.86,53.0,0.0,0,133,0.0,0.3584905660377358
211,18,2024-08-07,MM1,Moulding,Zone D,4712,17,0.86,46.0,0.0,0,187,0.0,0.3695652173913043
212,19,2024-08-07,MM1,Moulding,Zone D,4732,20,0.89,51.0,0.0,0,220,0.0,0.392156862745098
213,20,2024-08-07,MM1,Moulding,Zone D,4747,15,0.87,51.0,0.0,0,165,0.0,0.2941176470588235
214,21,2024-08-07,MM1,Moulding,Zone D,4767,20,0.89,47.0,0.0,0,220,0.0,0.425531914893617
215,22,2024-08-07,MM1,Moulding,Zone A,4787,20,0.88,50.0,0.0,0,100,0.0,0.4
216,23,2024-08-07,MM1,Moulding,Zone A,4805,18,0.86,52.0,0.0,0,90,0.0,0.3461538461538461
217,0,2024-08-08,MM1,Moulding,Zone A,4824,19,0.86,47.0,0.0,0,95,0.0,0.4042553191489361
218,1,2024-08-08,MM1,Moulding,Zone A,4840,16,0.86,56.0,0.0,0,80,0.0,0.2857142857142857
219,2,2024-08-08,MM1,Moulding,Zone A,4855,15,0.87,45.0,0.0,0,75,0.0,0.3333333333333333
220,3,2024-08-08,MM1,Moulding,Zone A,4873,18,0.89,60.0,0.0,0,90,0.0,0.3
221,4,2024-08-08,MM1,Moulding,Zone A,4890,17,0.85,60.0,0.0,0,85,0.0,0.2833333333333333
222,5,2024-08-08,MM1,Moulding,Zone A,4910,20,0.86,56.0,0.0,0,100,0.0,0.3571428571428572
223,6,2024-08-08,MM1,Moulding,Zone B,4927,17,0.86,49.0,0.0,0,119,0.0,0.3469387755102041
224,7,2024-08-08,MM1,Moulding,Zone B,4945,18,0.88,57.0,0.0,0,126,0.0,0.3157894736842105
225,8,2024-08-08,MM1,Moulding,Zone B,4961,16,0.89,59.0,0.0,0,112,0.0,0.2711864406779661
226,9,2024-08-08,MM1,Moulding,Zone C,4978,17,0.87,48.0,0.0,0,153,0.0,0.3541666666666667
227,10,2024-08-08,MM1,Moulding,Zone C,4997,19,0.86,45.0,0.0,0,171,0.0,0.4222222222222222
228,11,2024-08-08,MM1,Moulding,Zone C,5015,18,0.89,58.0,0.0,0,162,0.0,0.3103448275862069
229,12,2024-08-08,MM1,Moulding,Zone B,5033,18,0.87,56.0,0.0,0,126,0.0,0.3214285714285715
230,13,2024-08-08,MM1,Moulding,Zone B,5048,15,0.86,60.0,0.0,0,105,0.0,0.25
231,14,2024-08-08,MM1,Moulding,Zone B,5065,17,0.85,47.0,0.0,0,119,0.0,0.3617021276595745
232,15,2024-08-08,MM1,Moulding,Zone B,5084,19,0.89,50.0,0.0,0,133,0.0,0.38
233,16,2024-08-08,MM1,Moulding,Zone B,5101,17,0.9,50.0,0.0,0,119,0.0,0.34
234,17,2024-08-08,MM1,Moulding,Zone B,5121,20,0.89,55.0,0.0,0,140,0.0,0.3636363636363636
235,18,2024-08-08,MM1,Moulding,Zone D,5136,15,0.9,49.0,0.0,0,165,0.0,0.3061224489795918
236,19,2024-08-08,MM1,Moulding,Zone D,5155,19,0.88,59.0,0.0,0,209,0.0,0.3220338983050847
237,20,2024-08-08,MM1,Moulding,Zone D,5172,17,0.85,45.0,0.0,0,187,0.0,0.3777777777777778
238,21,2024-08-08,MM1,Moulding,Zone D,5188,16,0.87,54.0,0.0,0,176,0.0,0.2962962962962963
239,22,2024-08-08,MM1,Moulding,Zone A,5207,19,0.86,57.0,0.0,0,95,0.0,0.3333333333333333
240,23,2024-08-08,MM1,Moulding,Zone A,5225,18,0.87,55.0,0.0,0,90,0.0,0.3272727272727273
241,0,2024-08-09,MM1,Moulding,Zone A,5244,19,0.89,53.0,0.0,0,95,0.0,0.3584905660377358
242,1,2024-08-09,MM1,Moulding,Zone A,5259,15,0.89,52.0,0.0,0,75,0.0,0.2884615384615384
243,2,2024-08-09,MM1,Moulding,Zone A,5276,17,0.89,56.0,0.0,0,85,0.0,0.3035714285714285
244,3,2024-08-09,MM1,Moulding,Zone A,5293,17,0.9,54.0,0.0,0,85,0.0,0.3148148148148148
245,4,2024-08-09,MM1,Moulding,Zone A,5310,17,0.87,50.0,0.0,0,85,0.0,0.34
246,5,2024-08-09,MM1,Moulding,Zone A,5328,18,0.88,55.0,0.0,0,90,0.0,0.3272727272727273
247,6,2024-08-09,MM1,Moulding,Zone B,5347,19,0.85,59.0,0.0,0,133,0.0,0.3220338983050847
248,7,2024-08-09,MM1,Moulding,Zone B,5362,15,0.89,53.0,0.0,0,105,0.0,0.2830188679245283
249,8,2024-08-09,MM1,Moulding,Zone B,5378,16,0.86,45.0,0.0,0,112,0.0,0.3555555555555556
250,9,2024-08-09,MM1,Moulding,Zone C,5397,19,0.86,60.0,0.0,0,171,0.0,0.3166666666666667
251,10,2024-08-09,MM1,Moulding,Zone C,5416,19,0.85,48.0,0.0,0,171,0.0,0.3958333333333333
252,11,2024-08-09,MM1,Moulding,Zone C,5432,16,0.87,50.0,0.0,0,144,0.0,0.32
253,12,2024-08-09,MM1,Moulding,Zone B,5450,18,0.9,48.0,0.0,0,126,0.0,0.375
254,13,2024-08-09,MM1,Moulding,Zone B,5466,16,0.87,58.0,0.0,0,112,0.0,0.2758620689655172
255,14,2024-08-09,MM1,Moulding,Zone B,5486,20,0.9,54.0,0.0,0,140,0.0,0.3703703703703703
256,15,2024-08-09,MM1,Moulding,Zone B,5505,19,0.88,51.0,0.0,0,133,0.0,0.3725490196078431
257,16,2024-08-09,MM1,Moulding,Zone B,5524,19,0.88,56.0,0.0,0,133,0.0,0.3392857142857143
258,17,2024-08-09,MM1,Moulding,Zone B,5541,17,0.9,55.0,0.0,0,119,0.0,0.3090909090909091
259,18,2024-08-09,MM1,Moulding,Zone D,5561,20,0.9,60.0,0.0,0,220,0.0,0.3333333333333333
260,19,2024-08-09,MM1,Moulding,Zone D,5581,20,0.89,55.0,0.0,0,220,0.0,0.3636363636363636
261,20,2024-08-09,MM1,Moulding,Zone D,5596,15,0.89,47.0,0.0,0,165,0.0,0.3191489361702128
262,21,2024-08-09,MM1,Moulding,Zone D,5611,15,0.85,58.0,0.0,0,165,0.0,0.2586206896551724
263,22,2024-08-09,MM1,Moulding,Zone A,5630,19,0.88,47.0,0.0,0,95,0.0,0.4042553191489361
264,23,2024-08-09,MM1,Moulding,Zone A,5647,17,0.89,60.0,0.0,0,85,0.0,0.2833333333333333
265,0,2024-08-10,MM1,Moulding,Zone A,5667,20,0.89,54.0,0.0,0,100,0.0,0.3703703703703703
266,1,2024-08-10,MM1,Moulding,Zone A,5683,16,0.86,56.0,0.0,0,80,0.0,0.2857142857142857
267,2,2024-08-10,MM1,Moulding,Zone A,5701,18,0.88,59.0,0.0,0,90,0.0,0.3050847457627119
268,3,2024-08-10,MM1,Moulding,Zone A,5717,16,0.9,58.0,0.0,0,80,0.0,0.2758620689655172
269,4,2024-08-10,MM1,Moulding,Zone A,5732,15,0.85,49.0,0.0,0,75,0.0,0.3061224489795918
270,5,2024-08-10,MM1,Moulding,Zone A,5751,19,0.87,49.0,0.0,0,95,0.0,0.3877551020408163
271,6,2024-08-10,MM1,Moulding,Zone B,5770,19,0.88,53.0,0.0,0,133,0.0,0.3584905660377358
272,7,2024-08-10,MM1,Moulding,Zone B,5786,16,0.87,52.0,0.0,0,112,0.0,0.3076923076923077
273,8,2024-08-10,MM1,Moulding,Zone B,5806,20,0.87,59.0,0.0,0,140,0.0,0.3389830508474576
274,9,2024-08-10,MM1,Moulding,Zone C,5822,16,0.87,46.0,0.0,0,144,0.0,0.3478260869565217
275,10,2024-08-10,MM1,Moulding,Zone C,5837,15,0.88,46.0,0.0,0,135,0.0,0.3260869565217391
276,11,2024-08-10,MM1,Moulding,Zone C,5853,16,0.86,51.0,0.0,0,144,0.0,0.3137254901960784
277,12,2024-08-10,MM1,Moulding,Zone B,5872,19,0.85,46.0,0.0,0,133,0.0,0.4130434782608696
278,13,2024-08-10,MM1,Moulding,Zone B,5891,19,0.89,58.0,0.0,0,133,0.0,0.3275862068965517
279,14,2024-08-10,MM1,Moulding,Zone B,5909,18,0.9,56.0,0.0,0,126,0.0,0.3214285714285715
280,15,2024-08-10,MM1,Moulding,Zone B,5924,15,0.88,48.0,0.0,0,105,0.0,0.3125
281,16,2024-08-10,MM1,Moulding,Zone B,5943,19,0.85,48.0,0.0,0,133,0.0,0.3958333333333333
282,17,2024-08-10,MM1,Moulding,Zone B,5958,15,0.88,52.0,0.0,0,105,0.0,0.2884615384615384
283,18,2024-08-10,MM1,Moulding,Zone D,5977,19,0.89,49.0,0.0,0,209,0.0,0.3877551020408163
284,19,2024-08-10,MM1,Moulding,Zone D,5993,16,0.86,50.0,0.0,0,176,0.0,0.32
285,20,2024-08-10,MM1,Moulding,Zone D,6009,16,0.86,57.0,0.0,0,176,0.0,0.2807017543859649
286,21,2024-08-10,MM1,Moulding,Zone D,6028,19,0.85,49.0,0.0,0,209,0.0,0.3877551020408163
287,22,2024-08-10,MM1,Moulding,Zone A,6045,17,0.86,54.0,0.0,0,85,0.0,0.3148148148148148
288,23,2024-08-10,MM1,Moulding,Zone A,6061,16,0.9,54.0,0.0,0,80,0.0,0.2962962962962963
289,0,2024-08-11,MM1,Moulding,Zone A,6076,15,0.89,51.0,0.0,0,75,0.0,0.2941176470588235
290,1,2024-08-11,MM1,Moulding,Zone A,6091,15,0.86,49.0,0.0,0,75,0.0,0.3061224489795918
291,2,2024-08-11,MM1,Moulding,Zone A,6107,16,0.88,55.0,0.0,0,80,0.0,0.2909090909090909
292,3,2024-08-11,MM1,Moulding,Zone A,6125,18,0.85,55.0,0.0,0,90,0.0,0.3272727272727273
293,4,2024-08-11,MM1,Moulding,Zone A,6143,18,0.85,46.0,0.0,0,90,0.0,0.391304347826087
294,5,2024-08-11,MM1,Moulding,Zone A,6162,19,0.89,51.0,0.0,0,95,0.0,0.3725490196078431
295,6,2024-08-11,MM1,Moulding,Zone B,6182,20,0.9,53.0,0.0,0,140,0.0,0.3773584905660378
296,7,2024-08-11,MM1,Moulding,Zone B,6199,17,0.87,57.0,0.0,0,119,0.0,0.2982456140350877
297,8,2024-08-11,MM1,Moulding,Zone B,6217,18,0.9,47.0,0.0,0,126,0.0,0.3829787234042553
298,9,2024-08-11,MM1,Moulding,Zone C,6237,20,0.9,45.0,0.0,0,180,0.0,0.4444444444444444
299,10,2024-08-11,MM1,Moulding,Zone C,6254,17,0.86,58.0,0.0,0,153,0.0,0.293103448275862
300,11,2024-08-11,MM1,Moulding,Zone C,6272,18,0.87,46.0,0.0,0,162,0.0,0.391304347826087
301,12,2024-08-11,MM1,Moulding,Zone B,6288,16,0.86,60.0,0.0,0,112,0.0,0.2666666666666667
302,13,2024-08-11,MM1,Moulding,Zone B,6306,18,0.85,52.0,0.0,0,126,0.0,0.3461538461538461
303,14,2024-08-11,MM1,Moulding,Zone B,6322,16,0.89,55.0,0.0,0,112,0.0,0.2909090909090909
304,15,2024-08-11,MM1,Moulding,Zone B,6339,17,0.85,52.0,0.0,0,119,0.0,0.3269230769230769
305,16,2024-08-11,MM1,Moulding,Zone B,6357,18,0.89,59.0,0.0,0,126,0.0,0.3050847457627119
306,17,2024-08-11,MM1,Moulding,Zone B,6372,15,0.89,56.0,0.0,0,105,0.0,0.2678571428571428
307,18,2024-08-11,MM1,Moulding,Zone D,6392,20,0.89,47.0,0.0,0,220,0.0,0.425531914893617
308,19,2024-08-11,MM1,Moulding,Zone D,6412,20,0.88,59.0,0.0,0,220,0.0,0.3389830508474576
309,20,2024-08-11,MM1,Moulding,Zone D,6430,18,0.89,57.0,0.0,0,198,0.0,0.3157894736842105
310,21,2024-08-11,MM1,Moulding,Zone D,6446,16,0.9,60.0,0.0,0,176,0.0,0.2666666666666667
311,22,2024-08-11,MM1,Moulding,Zone A,6462,16,0.9,45.0,0.0,0,80,0.0,0.3555555555555556
312,23,2024-08-11,MM1,Moulding,Zone A,6477,15,0.87,48.0,0.0,0,75,0.0,0.3125
313,0,2024-08-12,MM1,Moulding,Zone A,6494,17,0.87,58.0,0.0,0,85,0.0,0.293103448275862
314,1,2024-08-12,MM1,Moulding,Zone A,6511,17,0.88,60.0,0.0,0,85,0.0,0.2833333333333333
315,2,2024-08-12,MM1,Moulding,Zone A,6530,19,0.87,59.0,0.0,0,95,0.0,0.3220338983050847
316,3,2024-08-12,MM1,Moulding,Zone A,6547,17,0.89,58.0,0.0,0,85,0.0,0.293103448275862
317,4,2024-08-12,MM1,Moulding,Zone A,6564,17,0.87,53.0,0.0,0,85,0.0,0.3207547169811321
318,5,2024-08-12,MM1,Moulding,Zone A,6583,19,0.86,60.0,0.0,0,95,0.0,0.3166666666666667
319,6,2024-08-12,MM1,Moulding,Zone B,6601,18,0.88,50.0,0.0,0,126,0.0,0.36
320,7,2024-08-12,MM1,Moulding,Zone B,6618,17,0.86,50.0,0.0,0,119,0.0,0.34
321,8,2024-08-12,MM1,Moulding,Zone B,6638,20,0.89,60.0,0.0,0,140,0.0,0.3333333333333333
322,9,2024-08-12,MM1,Moulding,Zone C,6656,18,0.85,49.0,0.0,0,162,0.0,0.3673469387755102
323,10,2024-08-12,MM1,Moulding,Zone C,6672,16,0.85,51.0,0.0,0,144,0.0,0.3137254901960784
324,11,2024-08-12,MM1,Moulding,Zone C,6689,17,0.89,57.0,0.0,0,153,0.0,0.2982456140350877
325,12,2024-08-12,MM1,Moulding,Zone B,6709,20,0.89,45.0,0.0,0,140,0.0,0.4444444444444444
326,13,2024-08-12,MM1,Moulding,Zone B,6725,16,0.85,51.0,0.0,0,112,0.0,0.3137254901960784
327,14,2024-08-12,MM1,Moulding,Zone B,6743,18,0.87,55.0,0.0,0,126,0.0,0.3272727272727273
328,15,2024-08-12,MM1,Moulding,Zone B,6761,18,0.87,45.0,0.0,0,126,0.0,0.4
329,16,2024-08-12,MM1,Moulding,Zone B,6777,16,0.86,52.0,0.0,0,112,0.0,0.3076923076923077
330,17,2024-08-12,MM1,Moulding,Zone B,6794,17,0.88,56.0,0.0,0,119,0.0,0.3035714285714285
331,18,2024-08-12,MM1,Moulding,Zone D,6813,19,0.89,45.0,0.0,0,209,0.0,0.4222222222222222
332,19,2024-08-12,MM1,Moulding,Zone D,6829,16,0.87,46.0,0.0,0,176,0.0,0.3478260869565217
333,20,2024-08-12,MM1,Moulding,Zone D,6848,19,0.86,47.0,0.0,0,209,0.0,0.4042553191489361
334,21,2024-08-12,MM1,Moulding,Zone D,6867,19,0.89,53.0,0.0,0,209,0.0,0.3584905660377358
335,22,2024-08-12,MM1,Moulding,Zone A,6884,17,0.89,59.0,0.0,0,85,0.0,0.288135593220339
336,23,2024-08-12,MM1,Moulding,Zone A,6902,18,0.87,60.0,0.0,0,90,0.0,0.3
337,0,2024-07-30,MM2,Moulding,Zone A,1826,25,0.79,60.0,0.0,0,125,0.0,0.4166666666666667
338,1,2024-07-30,MM2,Moulding,Zone A,1851,25,0.77,45.0,0.0,0,125,0.0,0.5555555555555556
339,2,2024-07-30,MM2,Moulding,Zone A,1878,27,0.77,58.0,0.0,0,135,0.0,0.4655172413793103
340,3,2024-07-30,MM2,Moulding,Zone A,1908,30,0.75,57.0,0.0,0,150,0.0,0.5263157894736842
341,4,2024-07-30,MM2,Moulding,Zone A,1936,28,0.75,59.0,0.0,0,140,0.0,0.4745762711864407
342,5,2024-07-30,MM2,Moulding,Zone A,1964,28,0.76,50.0,0.0,0,140,0.0,0.56
343,6,2024-07-30,MM2,Moulding,Zone B,1992,28,0.79,54.0,0.0,0,196,0.0,0.5185185185185185
344,7,2024-07-30,MM2,Moulding,Zone B,2020,28,0.75,60.0,0.0,0,196,0.0,0.4666666666666667
345,8,2024-07-30,MM2,Moulding,Zone B,2049,29,0.77,60.0,0.0,0,203,0.0,0.4833333333333333
346,9,2024-07-30,MM2,Moulding,Zone C,2075,26,0.76,54.0,0.0,0,234,0.0,0.4814814814814815
347,10,2024-07-30,MM2,Moulding,Zone C,2105,30,0.79,48.0,0.0,0,270,0.0,0.625
348,11,2024-07-30,MM2,Moulding,Zone C,2134,29,0.78,51.0,0.0,0,261,0.0,0.5686274509803921
349,12,2024-07-30,MM2,Moulding,Zone B,2162,28,0.76,51.0,0.0,0,196,0.0,0.5490196078431373
350,13,2024-07-30,MM2,Moulding,Zone B,2192,30,0.78,45.0,0.0,0,210,0.0,0.6666666666666666
351,14,2024-07-30,MM2,Moulding,Zone B,2218,26,0.79,53.0,0.0,0,182,0.0,0.4905660377358491
352,15,2024-07-30,MM2,Moulding,Zone B,2245,27,0.75,46.0,0.0,0,189,0.0,0.5869565217391305
353,16,2024-07-30,MM2,Moulding,Zone B,2275,30,0.77,46.0,0.0,0,210,0.0,0.6521739130434783
354,17,2024-07-30,MM2,Moulding,Zone B,2302,27,0.76,53.0,0.0,0,189,0.0,0.5094339622641509
355,18,2024-07-30,MM2,Moulding,Zone D,2331,29,0.76,59.0,0.0,0,319,0.0,0.4915254237288136
356,19,2024-07-30,MM2,Moulding,Zone D,2356,25,0.78,49.0,0.0,0,275,0.0,0.5102040816326531
357,20,2024-07-30,MM2,Moulding,Zone D,2385,29,0.76,56.0,0.0,0,319,0.0,0.5178571428571429
358,21,2024-07-30,MM2,Moulding,Zone D,2415,30,0.77,52.0,0.0,0,330,0.0,0.5769230769230769
359,22,2024-07-30,MM2,Moulding,Zone A,2444,29,0.79,46.0,0.0,0,145,0.0,0.6304347826086957
360,23,2024-07-30,MM2,Moulding,Zone A,2473,29,0.78,52.0,0.0,0,145,0.0,0.5576923076923077
361,0,2024-07-31,MM2,Moulding,Zone A,2503,30,0.75,48.0,0.0,0,150,0.0,0.625
362,1,2024-07-31,MM2,Moulding,Zone A,2533,30,0.75,50.0,0.0,0,150,0.0,0.6
363,2,2024-07-31,MM2,Moulding,Zone A,2558,25,0.79,46.0,0.0,0,125,0.0,0.5434782608695652
364,3,2024-07-31,MM2,Moulding,Zone A,2587,29,0.79,50.0,0.0,0,145,0.0,0.58
365,4,2024-07-31,MM2,Moulding,Zone A,2612,25,0.8,52.0,0.0,0,125,0.0,0.4807692307692308
366,5,2024-07-31,MM2,Moulding,Zone A,2638,26,0.78,46.0,0.0,0,130,0.0,0.5652173913043478
367,6,2024-07-31,MM2,Moulding,Zone B,2664,26,0.79,57.0,0.0,0,182,0.0,0.456140350877193
368,7,2024-07-31,MM2,Moulding,Zone B,2689,25,0.77,56.0,0.0,0,175,0.0,0.4464285714285715
369,8,2024-07-31,MM2,Moulding,Zone B,2718,29,0.77,48.0,0.0,0,203,0.0,0.6041666666666666
370,9,2024-07-31,MM2,Moulding,Zone C,2746,28,0.78,47.0,0.0,0,252,0.0,0.5957446808510638
371,10,2024-07-31,MM2,Moulding,Zone C,2775,29,0.78,46.0,0.0,0,261,0.0,0.6304347826086957
372,11,2024-07-31,MM2,Moulding,Zone C,2805,30,0.76,58.0,0.0,0,270,0.0,0.5172413793103449
373,12,2024-07-31,MM2,Moulding,Zone B,2834,29,0.78,54.0,0.0,0,203,0.0,0.5370370370370371
374,13,2024-07-31,MM2,Moulding,Zone B,2862,28,0.78,56.0,0.0,0,196,0.0,0.5
375,14,2024-07-31,MM2,Moulding,Zone B,2889,27,0.76,52.0,0.0,0,189,0.0,0.5192307692307693
376,15,2024-07-31,MM2,Moulding,Zone B,2919,30,0.76,52.0,0.0,0,210,0.0,0.5769230769230769
377,16,2024-07-31,MM2,Moulding,Zone B,2945,26,0.75,56.0,0.0,0,182,0.0,0.4642857142857143
378,17,2024-07-31,MM2,Moulding,Zone B,2974,29,0.76,49.0,0.0,0,203,0.0,0.5918367346938775
379,18,2024-07-31,MM2,Moulding,Zone D,3003,29,0.76,45.0,0.0,0,319,0.0,0.6444444444444445
380,19,2024-07-31,MM2,Moulding,Zone D,3030,27,0.77,48.0,0.0,0,297,0.0,0.5625
381,20,2024-07-31,MM2,Moulding,Zone D,3056,26,0.77,52.0,0.0,0,286,0.0,0.5
382,21,2024-07-31,MM2,Moulding,Zone D,3083,27,0.78,60.0,0.0,0,297,0.0,0.45
383,22,2024-07-31,MM2,Moulding,Zone A,3110,27,0.77,50.0,0.0,0,135,0.0,0.54
384,23,2024-07-31,MM2,Moulding,Zone A,3136,26,0.8,47.0,0.0,0,130,0.0,0.5531914893617021
385,0,2024-08-01,MM2,Moulding,Zone A,3164,28,0.8,49.0,0.0,0,140,0.0,0.5714285714285714
386,1,2024-08-01,MM2,Moulding,Zone A,3194,30,0.78,49.0,0.0,0,150,0.0,0.6122448979591837
387,2,2024-08-01,MM2,Moulding,Zone A,3223,29,0.77,46.0,0.0,0,145,0.0,0.6304347826086957
388,3,2024-08-01,MM2,Moulding,Zone A,3252,29,0.8,49.0,0.0,0,145,0.0,0.5918367346938775
389,4,2024-08-01,MM2,Moulding,Zone A,3282,30,0.79,48.0,0.0,0,150,0.0,0.625
390,5,2024-08-01,MM2,Moulding,Zone A,3309,27,0.75,59.0,0.0,0,135,0.0,0.4576271186440678
391,6,2024-08-01,MM2,Moulding,Zone B,3337,28,0.77,58.0,0.0,0,196,0.0,0.4827586206896552
392,7,2024-08-01,MM2,Moulding,Zone B,3363,26,0.78,55.0,0.0,0,182,0.0,0.4727272727272727
393,8,2024-08-01,MM2,Moulding,Zone B,3392,29,0.77,48.0,0.0,0,203,0.0,0.6041666666666666
394,9,2024-08-01,MM2,Moulding,Zone C,3421,29,0.77,59.0,0.0,0,261,0.0,0.4915254237288136
395,10,2024-08-01,MM2,Moulding,Zone C,3450,29,0.77,58.0,0.0,0,261,0.0,0.5
396,11,2024-08-01,MM2,Moulding,Zone C,3477,27,0.78,53.0,0.0,0,243,0.0,0.5094339622641509
397,12,2024-08-01,MM2,Moulding,Zone B,3504,27,0.76,50.0,0.0,0,189,0.0,0.54
398,13,2024-08-01,MM2,Moulding,Zone B,3531,27,0.8,50.0,0.0,0,189,0.0,0.54
399,14,2024-08-01,MM2,Moulding,Zone B,3561,30,0.75,45.0,0.0,0,210,0.0,0.6666666666666666
400,15,2024-08-01,MM2,Moulding,Zone B,3586,25,0.77,55.0,0.0,0,175,0.0,0.4545454545454545
401,16,2024-08-01,MM2,Moulding,Zone B,3612,26,0.8,47.0,0.0,0,182,0.0,0.5531914893617021
402,17,2024-08-01,MM2,Moulding,Zone B,3640,28,0.77,54.0,0.0,0,196,0.0,0.5185185185185185
403,18,2024-08-01,MM2,Moulding,Zone D,3670,30,0.79,45.0,0.0,0,330,0.0,0.6666666666666666
404,19,2024-08-01,MM2,Moulding,Zone D,3695,25,0.78,58.0,0.0,0,275,0.0,0.4310344827586207
405,20,2024-08-01,MM2,Moulding,Zone D,3724,29,0.76,54.0,0.0,0,319,0.0,0.5370370370370371
406,21,2024-08-01,MM2,Moulding,Zone D,3753,29,0.79,53.0,0.0,0,319,0.0,0.5471698113207547
407,22,2024-08-01,MM2,Moulding,Zone A,3778,25,0.76,45.0,0.0,0,125,0.0,0.5555555555555556
408,23,2024-08-01,MM2,Moulding,Zone A,3806,28,0.79,50.0,0.0,0,140,0.0,0.56
409,0,2024-08-02,MM2,Moulding,Zone A,3834,28,0.76,58.0,0.0,0,140,0.0,0.4827586206896552
410,1,2024-08-02,MM2,Moulding,Zone A,3860,26,0.78,59.0,0.0,0,130,0.0,0.4406779661016949
411,2,2024-08-02,MM2,Moulding,Zone A,3886,26,0.8,58.0,0.0,0,130,0.0,0.4482758620689655
412,3,2024-08-02,MM2,Moulding,Zone A,3912,26,0.76,47.0,0.0,0,130,0.0,0.5531914893617021
413,4,2024-08-02,MM2,Moulding,Zone A,3941,29,0.78,51.0,0.0,0,145,0.0,0.5686274509803921
414,5,2024-08-02,MM2,Moulding,Zone A,3970,29,0.76,59.0,0.0,0,145,0.0,0.4915254237288136
415,6,2024-08-02,MM2,Moulding,Zone B,3999,29,0.78,55.0,0.0,0,203,0.0,0.5272727272727272
416,7,2024-08-02,MM2,Moulding,Zone B,4025,26,0.77,56.0,0.0,0,182,0.0,0.4642857142857143
417,8,2024-08-02,MM2,Moulding,Zone B,4055,30,0.79,54.0,0.0,0,210,0.0,0.5555555555555556
418,9,2024-08-02,MM2,Moulding,Zone C,4081,26,0.8,58.0,0.0,0,234,0.0,0.4482758620689655
419,10,2024-08-02,MM2,Moulding,Zone C,4110,29,0.8,54.0,0.0,0,261,0.0,0.5370370370370371
420,11,2024-08-02,MM2,Moulding,Zone C,4138,28,0.77,54.0,0.0,0,252,0.0,0.5185185185185185
421,12,2024-08-02,MM2,Moulding,Zone B,4163,25,0.78,45.0,0.0,0,175,0.0,0.5555555555555556
422,13,2024-08-02,MM2,Moulding,Zone B,4188,25,0.78,47.0,0.0,0,175,0.0,0.5319148936170213
423,14,2024-08-02,MM2,Moulding,Zone B,4213,25,0.78,55.0,0.0,0,175,0.0,0.4545454545454545
424,15,2024-08-02,MM2,Moulding,Zone B,4239,26,0.79,49.0,0.0,0,182,0.0,0.5306122448979592
425,16,2024-08-02,MM2,Moulding,Zone B,4266,27,0.77,47.0,0.0,0,189,0.0,0.574468085106383
426,17,2024-08-02,MM2,Moulding,Zone B,4292,26,0.8,59.0,0.0,0,182,0.0,0.4406779661016949
427,18,2024-08-02,MM2,Moulding,Zone D,4318,26,0.76,55.0,0.0,0,286,0.0,0.4727272727272727
428,19,2024-08-02,MM2,Moulding,Zone D,4347,29,0.75,45.0,0.0,0,319,0.0,0.6444444444444445
429,20,2024-08-02,MM2,Moulding,Zone D,4373,26,0.75,56.0,0.0,0,286,0.0,0.4642857142857143
430,21,2024-08-02,MM2,Moulding,Zone D,4398,25,0.78,60.0,0.0,0,275,0.0,0.4166666666666667
431,22,2024-08-02,MM2,Moulding,Zone A,4423,25,0.77,52.0,0.0,0,125,0.0,0.4807692307692308
432,23,2024-08-02,MM2,Moulding,Zone A,4450,27,0.78,50.0,0.0,0,135,0.0,0.54
433,0,2024-08-03,MM2,Moulding,Zone A,4479,29,0.79,59.0,0.0,0,145,0.0,0.4915254237288136
434,1,2024-08-03,MM2,Moulding,Zone A,4504,25,0.79,56.0,0.0,0,125,0.0,0.4464285714285715
435,2,2024-08-03,MM2,Moulding,Zone A,4531,27,0.78,54.0,0.0,0,135,0.0,0.5
436,3,2024-08-03,MM2,Moulding,Zone A,4559,28,0.77,48.0,0.0,0,140,0.0,0.5833333333333334
437,4,2024-08-03,MM2,Moulding,Zone A,4587,28,0.78,55.0,0.0,0,140,0.0,0.509090909090909
438,5,2024-08-03,MM2,Moulding,Zone A,4612,25,0.76,46.0,0.0,0,125,0.0,0.5434782608695652
439,6,2024-08-03,MM2,Moulding,Zone B,4640,28,0.79,60.0,0.0,0,196,0.0,0.4666666666666667
440,7,2024-08-03,MM2,Moulding,Zone B,4669,29,0.8,53.0,0.0,0,203,0.0,0.5471698113207547
441,8,2024-08-03,MM2,Moulding,Zone B,4696,27,0.76,60.0,0.0,0,189,0.0,0.45
442,9,2024-08-03,MM2,Moulding,Zone C,4721,25,0.79,55.0,0.0,0,225,0.0,0.4545454545454545
443,10,2024-08-03,MM2,Moulding,Zone C,4749,28,0.77,56.0,0.0,0,252,0.0,0.5
444,11,2024-08-03,MM2,Moulding,Zone C,4774,25,0.78,57.0,0.0,0,225,0.0,0.4385964912280702
445,12,2024-08-03,MM2,Moulding,Zone B,4800,26,0.76,51.0,0.0,0,182,0.0,0.5098039215686274
446,13,2024-08-03,MM2,Moulding,Zone B,4828,28,0.76,52.0,0.0,0,196,0.0,0.5384615384615384
447,14,2024-08-03,MM2,Moulding,Zone B,4854,26,0.77,51.0,0.0,0,182,0.0,0.5098039215686274
448,15,2024-08-03,MM2,Moulding,Zone B,4882,28,0.78,54.0,0.0,0,196,0.0,0.5185185185185185
449,16,2024-08-03,MM2,Moulding,Zone B,4907,25,0.76,49.0,0.0,0,175,0.0,0.5102040816326531
450,17,2024-08-03,MM2,Moulding,Zone B,4933,26,0.76,60.0,0.0,0,182,0.0,0.4333333333333333
451,18,2024-08-03,MM2,Moulding,Zone D,4963,30,0.8,45.0,0.0,0,330,0.0,0.6666666666666666
452,19,2024-08-03,MM2,Moulding,Zone D,4992,29,0.75,54.0,0.0,0,319,0.0,0.5370370370370371
453,20,2024-08-03,MM2,Moulding,Zone D,5021,29,0.75,47.0,0.0,0,319,0.0,0.6170212765957447
454,21,2024-08-03,MM2,Moulding,Zone D,5050,29,0.79,45.0,0.0,0,319,0.0,0.6444444444444445
455,22,2024-08-03,MM2,Moulding,Zone A,5078,28,0.79,46.0,0.0,0,140,0.0,0.6086956521739131
456,23,2024-08-03,MM2,Moulding,Zone A,5105,27,0.77,50.0,0.0,0,135,0.0,0.54
457,0,2024-08-04,MM2,Moulding,Zone A,5132,27,0.77,50.0,0.0,0,135,0.0,0.54
458,1,2024-08-04,MM2,Moulding,Zone A,5158,26,0.78,59.0,0.0,0,130,0.0,0.4406779661016949
459,2,2024-08-04,MM2,Moulding,Zone A,5184,26,0.77,50.0,0.0,0,130,0.0,0.52
460,3,2024-08-04,MM2,Moulding,Zone A,5212,28,0.79,54.0,0.0,0,140,0.0,0.5185185185185185
461,4,2024-08-04,MM2,Moulding,Zone A,5242,30,0.77,59.0,0.0,0,150,0.0,0.5084745762711864
462,5,2024-08-04,MM2,Moulding,Zone A,5268,26,0.79,59.0,0.0,0,130,0.0,0.4406779661016949
463,6,2024-08-04,MM2,Moulding,Zone B,5297,29,0.77,53.0,0.0,0,203,0.0,0.5471698113207547
464,7,2024-08-04,MM2,Moulding,Zone B,5327,30,0.76,46.0,0.0,0,210,0.0,0.6521739130434783
465,8,2024-08-04,MM2,Moulding,Zone B,5355,28,0.76,51.0,0.0,0,196,0.0,0.5490196078431373
466,9,2024-08-04,MM2,Moulding,Zone C,5383,28,0.76,52.0,0.0,0,252,0.0,0.5384615384615384
467,10,2024-08-04,MM2,Moulding,Zone C,5409,26,0.76,47.0,0.0,0,234,0.0,0.5531914893617021
468,11,2024-08-04,MM2,Moulding,Zone C,5437,28,0.76,53.0,0.0,0,252,0.0,0.5283018867924528
469,12,2024-08-04,MM2,Moulding,Zone B,5466,29,0.77,57.0,0.0,0,203,0.0,0.5087719298245614
470,13,2024-08-04,MM2,Moulding,Zone B,5492,26,0.78,60.0,0.0,0,182,0.0,0.4333333333333333
471,14,2024-08-04,MM2,Moulding,Zone B,5517,25,0.79,56.0,0.0,0,175,0.0,0.4464285714285715
472,15,2024-08-04,MM2,Moulding,Zone B,5545,28,0.8,47.0,0.0,0,196,0.0,0.5957446808510638
473,16,2024-08-04,MM2,Moulding,Zone B,5572,27,0.77,57.0,0.0,0,189,0.0,0.4736842105263158
474,17,2024-08-04,MM2,Moulding,Zone B,5600,28,0.76,58.0,0.0,0,196,0.0,0.4827586206896552
475,18,2024-08-04,MM2,Moulding,Zone D,5627,27,0.8,50.0,0.0,0,297,0.0,0.54
476,19,2024-08-04,MM2,Moulding,Zone D,5652,25,0.79,60.0,0.0,0,275,0.0,0.4166666666666667
477,20,2024-08-04,MM2,Moulding,Zone D,5682,30,0.79,57.0,0.0,0,330,0.0,0.5263157894736842
478,21,2024-08-04,MM2,Moulding,Zone D,5707,25,0.75,59.0,0.0,0,275,0.0,0.423728813559322
479,22,2024-08-04,MM2,Moulding,Zone A,5732,25,0.76,60.0,0.0,0,125,0.0,0.4166666666666667
480,23,2024-08-04,MM2,Moulding,Zone A,5758,26,0.75,50.0,0.0,0,130,0.0,0.52
481,0,2024-08-05,MM2,Moulding,Zone A,5785,27,0.78,53.0,0.0,0,135,0.0,0.5094339622641509
482,1,2024-08-05,MM2,Moulding,Zone A,5811,26,0.79,60.0,0.0,0,130,0.0,0.4333333333333333
483,2,2024-08-05,MM2,Moulding,Zone A,5836,25,0.76,46.0,0.0,0,125,0.0,0.5434782608695652
484,3,2024-08-05,MM2,Moulding,Zone A,5863,27,0.77,51.0,0.0,0,135,0.0,0.5294117647058824
485,4,2024-08-05,MM2,Moulding,Zone A,5892,29,0.8,57.0,0.0,0,145,0.0,0.5087719298245614
486,5,2024-08-05,MM2,Moulding,Zone A,5918,26,0.75,55.0,0.0,0,130,0.0,0.4727272727272727
487,6,2024-08-05,MM2,Moulding,Zone B,5948,30,0.76,48.0,0.0,0,210,0.0,0.625
488,7,2024-08-05,MM2,Moulding,Zone B,5974,26,0.76,46.0,0.0,0,182,0.0,0.5652173913043478
489,8,2024-08-05,MM2,Moulding,Zone B,6003,29,0.76,58.0,0.0,0,203,0.0,0.5
490,9,2024-08-05,MM2,Moulding,Zone C,6031,28,0.79,59.0,0.0,0,252,0.0,0.4745762711864407
491,10,2024-08-05,MM2,Moulding,Zone C,6056,25,0.76,59.0,0.0,0,225,0.0,0.423728813559322
492,11,2024-08-05,MM2,Moulding,Zone C,6086,30,0.78,53.0,0.0,0,270,0.0,0.5660377358490566
493,12,2024-08-05,MM2,Moulding,Zone B,6116,30,0.77,60.0,0.0,0,210,0.0,0.5
494,13,2024-08-05,MM2,Moulding,Zone B,6143,27,0.76,56.0,0.0,0,189,0.0,0.4821428571428572
495,14,2024-08-05,MM2,Moulding,Zone B,6173,30,0.77,58.0,0.0,0,210,0.0,0.5172413793103449
496,15,2024-08-05,MM2,Moulding,Zone B,6198,25,0.76,58.0,0.0,0,175,0.0,0.4310344827586207
497,16,2024-08-05,MM2,Moulding,Zone B,6226,28,0.79,46.0,0.0,0,196,0.0,0.6086956521739131
498,17,2024-08-05,MM2,Moulding,Zone B,6254,28,0.76,55.0,0.0,0,196,0.0,0.509090909090909
499,18,2024-08-05,MM2,Moulding,Zone D,6284,30,0.79,49.0,0.0,0,330,0.0,0.6122448979591837
500,19,2024-08-05,MM2,Moulding,Zone D,6310,26,0.78,60.0,0.0,0,286,0.0,0.4333333333333333
501,20,2024-08-05,MM2,Moulding,Zone D,6335,25,0.77,54.0,0.0,0,275,0.0,0.462962962962963
502,21,2024-08-05,MM2,Moulding,Zone D,6365,30,0.78,57.0,0.0,0,330,0.0,0.5263157894736842
503,22,2024-08-05,MM2,Moulding,Zone A,6391,26,0.79,47.0,0.0,0,130,0.0,0.5531914893617021
504,23,2024-08-05,MM2,Moulding,Zone A,6420,29,0.78,57.0,0.0,0,145,0.0,0.5087719298245614
505,0,2024-08-06,MM2,Moulding,Zone A,6445,25,0.76,51.0,0.0,0,125,0.0,0.4901960784313725
506,1,2024-08-06,MM2,Moulding,Zone A,6474,29,0.78,50.0,0.0,0,145,0.0,0.58
507,2,2024-08-06,MM2,Moulding,Zone A,6503,29,0.78,59.0,0.0,0,145,0.0,0.4915254237288136
508,3,2024-08-06,MM2,Moulding,Zone A,6531,28,0.78,55.0,0.0,0,140,0.0,0.509090909090909
509,4,2024-08-06,MM2,Moulding,Zone A,6558,27,0.79,59.0,0.0,0,135,0.0,0.4576271186440678
510,5,2024-08-06,MM2,Moulding,Zone A,6586,28,0.79,60.0,0.0,0,140,0.0,0.4666666666666667
511,6,2024-08-06,MM2,Moulding,Zone B,6614,28,0.78,46.0,0.0,0,196,0.0,0.6086956521739131
512,7,2024-08-06,MM2,Moulding,Zone B,6639,25,0.8,46.0,0.0,0,175,0.0,0.5434782608695652
513,8,2024-08-06,MM2,Moulding,Zone B,6666,27,0.77,45.0,0.0,0,189,0.0,0.6
514,9,2024-08-06,MM2,Moulding,Zone C,6691,25,0.77,58.0,0.0,0,225,0.0,0.4310344827586207
515,10,2024-08-06,MM2,Moulding,Zone C,6719,28,0.79,54.0,0.0,0,252,0.0,0.5185185185185185
516,11,2024-08-06,MM2,Moulding,Zone C,6747,28,0.76,55.0,0.0,0,252,0.0,0.509090909090909
517,12,2024-08-06,MM2,Moulding,Zone B,6773,26,0.8,49.0,0.0,0,182,0.0,0.5306122448979592
518,13,2024-08-06,MM2,Moulding,Zone B,6802,29,0.79,56.0,0.0,0,203,0.0,0.5178571428571429
519,14,2024-08-06,MM2,Moulding,Zone B,6832,30,0.76,53.0,0.0,0,210,0.0,0.5660377358490566
520,15,2024-08-06,MM2,Moulding,Zone B,6858,26,0.8,57.0,0.0,0,182,0.0,0.456140350877193
521,16,2024-08-06,MM2,Moulding,Zone B,6887,29,0.77,56.0,0.0,0,203,0.0,0.5178571428571429
522,17,2024-08-06,MM2,Moulding,Zone B,6915,28,0.77,54.0,0.0,0,196,0.0,0.5185185185185185
523,18,2024-08-06,MM2,Moulding,Zone D,6944,29,0.77,58.0,0.0,0,319,0.0,0.5
524,19,2024-08-06,MM2,Moulding,Zone D,6974,30,0.78,48.0,0.0,0,330,0.0,0.625
525,20,2024-08-06,MM2,Moulding,Zone D,7001,27,0.76,48.0,0.0,0,297,0.0,0.5625
526,21,2024-08-06,MM2,Moulding,Zone D,7030,29,0.8,49.0,0.0,0,319,0.0,0.5918367346938775
527,22,2024-08-06,MM2,Moulding,Zone A,7055,25,0.79,56.0,0.0,0,125,0.0,0.4464285714285715
528,23,2024-08-06,MM2,Moulding,Zone A,7082,27,0.78,52.0,0.0,0,135,0.0,0.5192307692307693
529,0,2024-08-07,MM2,Moulding,Zone A,7108,26,0.77,60.0,0.0,0,130,0.0,0.4333333333333333
530,1,2024-08-07,MM2,Moulding,Zone A,7134,26,0.76,51.0,0.0,0,130,0.0,0.5098039215686274
531,2,2024-08-07,MM2,Moulding,Zone A,7161,27,0.78,49.0,0.0,0,135,0.0,0.5510204081632653
532,3,2024-08-07,MM2,Moulding,Zone A,7187,26,0.78,52.0,0.0,0,130,0.0,0.5
533,4,2024-08-07,MM2,Moulding,Zone A,7213,26,0.8,48.0,0.0,0,130,0.0,0.5416666666666666
534,5,2024-08-07,MM2,Moulding,Zone A,7238,25,0.76,45.0,0.0,0,125,0.0,0.5555555555555556
535,6,2024-08-07,MM2,Moulding,Zone B,7264,26,0.76,48.0,0.0,0,182,0.0,0.5416666666666666
536,7,2024-08-07,MM2,Moulding,Zone B,7290,26,0.77,46.0,0.0,0,182,0.0,0.5652173913043478
537,8,2024-08-07,MM2,Moulding,Zone B,7319,29,0.76,53.0,0.0,0,203,0.0,0.5471698113207547
538,9,2024-08-07,MM2,Moulding,Zone C,7344,25,0.79,46.0,0.0,0,225,0.0,0.5434782608695652
539,10,2024-08-07,MM2,Moulding,Zone C,7370,26,0.79,55.0,0.0,0,234,0.0,0.4727272727272727
540,11,2024-08-07,MM2,Moulding,Zone C,7399,29,0.77,57.0,0.0,0,261,0.0,0.5087719298245614
541,12,2024-08-07,MM2,Moulding,Zone B,7429,30,0.75,56.0,0.0,0,210,0.0,0.5357142857142857
542,13,2024-08-07,MM2,Moulding,Zone B,7454,25,0.77,57.0,0.0,0,175,0.0,0.4385964912280702
543,14,2024-08-07,MM2,Moulding,Zone B,7484,30,0.8,54.0,0.0,0,210,0.0,0.5555555555555556
544,15,2024-08-07,MM2,Moulding,Zone B,7514,30,0.77,46.0,0.0,0,210,0.0,0.6521739130434783
545,16,2024-08-07,MM2,Moulding,Zone B,7542,28,0.75,49.0,0.0,0,196,0.0,0.5714285714285714
546,17,2024-08-07,MM2,Moulding,Zone B,7571,29,0.79,49.0,0.0,0,203,0.0,0.5918367346938775
547,18,2024-08-07,MM2,Moulding,Zone D,7601,30,0.79,58.0,0.0,0,330,0.0,0.5172413793103449
548,19,2024-08-07,MM2,Moulding,Zone D,7628,27,0.78,58.0,0.0,0,297,0.0,0.4655172413793103
549,20,2024-08-07,MM2,Moulding,Zone D,7653,25,0.77,49.0,0.0,0,275,0.0,0.5102040816326531
550,21,2024-08-07,MM2,Moulding,Zone D,7683,30,0.79,57.0,0.0,0,330,0.0,0.5263157894736842
551,22,2024-08-07,MM2,Moulding,Zone A,7709,26,0.76,54.0,0.0,0,130,0.0,0.4814814814814815
552,23,2024-08-07,MM2,Moulding,Zone A,7736,27,0.77,53.0,0.0,0,135,0.0,0.5094339622641509
553,0,2024-08-08,MM2,Moulding,Zone A,7761,25,0.77,55.0,0.0,0,125,0.0,0.4545454545454545
554,1,2024-08-08,MM2,Moulding,Zone A,7786,25,0.77,59.0,0.0,0,125,0.0,0.423728813559322
555,2,2024-08-08,MM2,Moulding,Zone A,7814,28,0.8,52.0,0.0,0,140,0.0,0.5384615384615384
556,3,2024-08-08,MM2,Moulding,Zone A,7842,28,0.76,56.0,0.0,0,140,0.0,0.5
557,4,2024-08-08,MM2,Moulding,Zone A,7872,30,0.78,46.0,0.0,0,150,0.0,0.6521739130434783
558,5,2024-08-08,MM2,Moulding,Zone A,7902,30,0.8,51.0,0.0,0,150,0.0,0.5882352941176471
559,6,2024-08-08,MM2,Moulding,Zone B,7930,28,0.8,50.0,0.0,0,196,0.0,0.56
560,7,2024-08-08,MM2,Moulding,Zone B,7959,29,0.77,56.0,0.0,0,203,0.0,0.5178571428571429
561,8,2024-08-08,MM2,Moulding,Zone B,7986,27,0.8,50.0,0.0,0,189,0.0,0.54
562,9,2024-08-08,MM2,Moulding,Zone C,8012,26,0.76,52.0,0.0,0,234,0.0,0.5
563,10,2024-08-08,MM2,Moulding,Zone C,8042,30,0.77,58.0,0.0,0,270,0.0,0.5172413793103449
564,11,2024-08-08,MM2,Moulding,Zone C,8068,26,0.78,60.0,0.0,0,234,0.0,0.4333333333333333
565,12,2024-08-08,MM2,Moulding,Zone B,8096,28,0.76,46.0,0.0,0,196,0.0,0.6086956521739131
566,13,2024-08-08,MM2,Moulding,Zone B,8124,28,0.77,49.0,0.0,0,196,0.0,0.5714285714285714
567,14,2024-08-08,MM2,Moulding,Zone B,8154,30,0.79,46.0,0.0,0,210,0.0,0.6521739130434783
568,15,2024-08-08,MM2,Moulding,Zone B,8181,27,0.77,60.0,0.0,0,189,0.0,0.45
569,16,2024-08-08,MM2,Moulding,Zone B,8207,26,0.77,56.0,0.0,0,182,0.0,0.4642857142857143
570,17,2024-08-08,MM2,Moulding,Zone B,8233,26,0.76,56.0,0.0,0,182,0.0,0.4642857142857143
571,18,2024-08-08,MM2,Moulding,Zone D,8261,28,0.79,47.0,0.0,0,308,0.0,0.5957446808510638
572,19,2024-08-08,MM2,Moulding,Zone D,8289,28,0.78,56.0,0.0,0,308,0.0,0.5
573,20,2024-08-08,MM2,Moulding,Zone D,8318,29,0.75,54.0,0.0,0,319,0.0,0.5370370370370371
574,21,2024-08-08,MM2,Moulding,Zone D,8343,25,0.77,60.0,0.0,0,275,0.0,0.4166666666666667
575,22,2024-08-08,MM2,Moulding,Zone A,8369,26,0.79,58.0,0.0,0,130,0.0,0.4482758620689655
576,23,2024-08-08,MM2,Moulding,Zone A,8399,30,0.75,58.0,0.0,0,150,0.0,0.5172413793103449
577,0,2024-08-09,MM2,Moulding,Zone A,8426,27,0.76,56.0,0.0,0,135,0.0,0.4821428571428572
578,1,2024-08-09,MM2,Moulding,Zone A,8452,26,0.79,45.0,0.0,0,130,0.0,0.5777777777777777
579,2,2024-08-09,MM2,Moulding,Zone A,8482,30,0.76,58.0,0.0,0,150,0.0,0.5172413793103449
580,3,2024-08-09,MM2,Moulding,Zone A,8512,30,0.76,51.0,0.0,0,150,0.0,0.5882352941176471
581,4,2024-08-09,MM2,Moulding,Zone A,8539,27,0.8,51.0,0.0,0,135,0.0,0.5294117647058824
582,5,2024-08-09,MM2,Moulding,Zone A,8568,29,0.75,48.0,0.0,0,145,0.0,0.6041666666666666
583,6,2024-08-09,MM2,Moulding,Zone B,8597,29,0.77,56.0,0.0,0,203,0.0,0.5178571428571429
584,7,2024-08-09,MM2,Moulding,Zone B,8623,26,0.76,51.0,0.0,0,182,0.0,0.5098039215686274
585,8,2024-08-09,MM2,Moulding,Zone B,8652,29,0.78,60.0,0.0,0,203,0.0,0.4833333333333333
586,9,2024-08-09,MM2,Moulding,Zone C,8677,25,0.79,60.0,0.0,0,225,0.0,0.4166666666666667
587,10,2024-08-09,MM2,Moulding,Zone C,8706,29,0.76,56.0,0.0,0,261,0.0,0.5178571428571429
588,11,2024-08-09,MM2,Moulding,Zone C,8734,28,0.76,48.0,0.0,0,252,0.0,0.5833333333333334
589,12,2024-08-09,MM2,Moulding,Zone B,8763,29,0.79,54.0,0.0,0,203,0.0,0.5370370370370371
590,13,2024-08-09,MM2,Moulding,Zone B,8790,27,0.8,49.0,0.0,0,189,0.0,0.5510204081632653
591,14,2024-08-09,MM2,Moulding,Zone B,8818,28,0.76,45.0,0.0,0,196,0.0,0.6222222222222222
592,15,2024-08-09,MM2,Moulding,Zone B,8844,26,0.77,47.0,0.0,0,182,0.0,0.5531914893617021
593,16,2024-08-09,MM2,Moulding,Zone B,8873,29,0.79,59.0,0.0,0,203,0.0,0.4915254237288136
594,17,2024-08-09,MM2,Moulding,Zone B,8900,27,0.75,45.0,0.0,0,189,0.0,0.6
595,18,2024-08-09,MM2,Moulding,Zone D,8930,30,0.77,49.0,0.0,0,330,0.0,0.6122448979591837
596,19,2024-08-09,MM2,Moulding,Zone D,8959,29,0.76,52.0,0.0,0,319,0.0,0.5576923076923077
597,20,2024-08-09,MM2,Moulding,Zone D,8989,30,0.77,56.0,0.0,0,330,0.0,0.5357142857142857
598,21,2024-08-09,MM2,Moulding,Zone D,9015,26,0.79,47.0,0.0,0,286,0.0,0.5531914893617021
599,22,2024-08-09,MM2,Moulding,Zone A,9043,28,0.77,53.0,0.0,0,140,0.0,0.5283018867924528
600,23,2024-08-09,MM2,Moulding,Zone A,9071,28,0.79,45.0,0.0,0,140,0.0,0.6222222222222222
601,0,2024-08-10,MM2,Moulding,Zone A,9096,25,0.79,60.0,0.0,0,125,0.0,0.4166666666666667
602,1,2024-08-10,MM2,Moulding,Zone A,9122,26,0.76,49.0,0.0,0,130,0.0,0.5306122448979592
603,2,2024-08-10,MM2,Moulding,Zone A,9147,25,0.76,47.0,0.0,0,125,0.0,0.5319148936170213
604,3,2024-08-10,MM2,Moulding,Zone A,9173,26,0.78,49.0,0.0,0,130,0.0,0.5306122448979592
605,4,2024-08-10,MM2,Moulding,Zone A,9202,29,0.76,59.0,0.0,0,145,0.0,0.4915254237288136
606,5,2024-08-10,MM2,Moulding,Zone A,9231,29,0.76,56.0,0.0,0,145,0.0,0.5178571428571429
607,6,2024-08-10,MM2,Moulding,Zone B,9261,30,0.76,48.0,0.0,0,210,0.0,0.625
608,7,2024-08-10,MM2,Moulding,Zone B,9289,28,0.8,47.0,0.0,0,196,0.0,0.5957446808510638
609,8,2024-08-10,MM2,Moulding,Zone B,9318,29,0.78,51.0,0.0,0,203,0.0,0.5686274509803921
610,9,2024-08-10,MM2,Moulding,Zone C,9343,25,0.77,45.0,0.0,0,225,0.0,0.5555555555555556
611,10,2024-08-10,MM2,Moulding,Zone C,9373,30,0.79,58.0,0.0,0,270,0.0,0.5172413793103449
612,11,2024-08-10,MM2,Moulding,Zone C,9401,28,0.79,49.0,0.0,0,252,0.0,0.5714285714285714
613,12,2024-08-10,MM2,Moulding,Zone B,9430,29,0.78,52.0,0.0,0,203,0.0,0.5576923076923077
614,13,2024-08-10,MM2,Moulding,Zone B,9458,28,0.75,54.0,0.0,0,196,0.0,0.5185185185185185
615,14,2024-08-10,MM2,Moulding,Zone B,9483,25,0.76,59.0,0.0,0,175,0.0,0.423728813559322
616,15,2024-08-10,MM2,Moulding,Zone B,9510,27,0.78,60.0,0.0,0,189,0.0,0.45
617,16,2024-08-10,MM2,Moulding,Zone B,9535,25,0.76,52.0,0.0,0,175,0.0,0.4807692307692308
618,17,2024-08-10,MM2,Moulding,Zone B,9563,28,0.79,48.0,0.0,0,196,0.0,0.5833333333333334
619,18,2024-08-10,MM2,Moulding,Zone D,9590,27,0.77,56.0,0.0,0,297,0.0,0.4821428571428572
620,19,2024-08-10,MM2,Moulding,Zone D,9619,29,0.75,46.0,0.0,0,319,0.0,0.6304347826086957
621,20,2024-08-10,MM2,Moulding,Zone D,9649,30,0.78,53.0,0.0,0,330,0.0,0.5660377358490566
622,21,2024-08-10,MM2,Moulding,Zone D,9675,26,0.78,60.0,0.0,0,286,0.0,0.4333333333333333
623,22,2024-08-10,MM2,Moulding,Zone A,9704,29,0.77,54.0,0.0,0,145,0.0,0.5370370370370371
624,23,2024-08-10,MM2,Moulding,Zone A,9734,30,0.77,46.0,0.0,0,150,0.0,0.6521739130434783
625,0,2024-08-11,MM2,Moulding,Zone A,9762,28,0.75,45.0,0.0,0,140,0.0,0.6222222222222222
626,1,2024-08-11,MM2,Moulding,Zone A,9787,25,0.78,56.0,0.0,0,125,0.0,0.4464285714285715
627,2,2024-08-11,MM2,Moulding,Zone A,9817,30,0.77,49.0,0.0,0,150,0.0,0.6122448979591837
628,3,2024-08-11,MM2,Moulding,Zone A,9843,26,0.77,50.0,0.0,0,130,0.0,0.52
629,4,2024-08-11,MM2,Moulding,Zone A,9869,26,0.75,48.0,0.0,0,130,0.0,0.5416666666666666
630,5,2024-08-11,MM2,Moulding,Zone A,9898,29,0.78,46.0,0.0,0,145,0.0,0.6304347826086957
631,6,2024-08-11,MM2,Moulding,Zone B,9924,26,0.76,55.0,0.0,0,182,0.0,0.4727272727272727
632,7,2024-08-11,MM2,Moulding,Zone B,9954,30,0.78,55.0,0.0,0,210,0.0,0.5454545454545454
633,8,2024-08-11,MM2,Moulding,Zone B,9982,28,0.76,49.0,0.0,0,196,0.0,0.5714285714285714
634,9,2024-08-11,MM2,Moulding,Zone C,10011,29,0.79,54.0,0.0,0,261,0.0,0.5370370370370371
635,10,2024-08-11,MM2,Moulding,Zone C,10038,27,0.79,47.0,0.0,0,243,0.0,0.574468085106383
636,11,2024-08-11,MM2,Moulding,Zone C,10068,30,0.79,50.0,0.0,0,270,0.0,0.6
637,12,2024-08-11,MM2,Moulding,Zone B,10095,27,0.78,56.0,0.0,0,189,0.0,0.4821428571428572
638,13,2024-08-11,MM2,Moulding,Zone B,10120,25,0.79,58.0,0.0,0,175,0.0,0.4310344827586207
639,14,2024-08-11,MM2,Moulding,Zone B,10146,26,0.78,48.0,0.0,0,182,0.0,0.5416666666666666
640,15,2024-08-11,MM2,Moulding,Zone B,10176,30,0.79,46.0,0.0,0,210,0.0,0.6521739130434783
641,16,2024-08-11,MM2,Moulding,Zone B,10203,27,0.75,48.0,0.0,0,189,0.0,0.5625
642,17,2024-08-11,MM2,Moulding,Zone B,10232,29,0.79,51.0,0.0,0,203,0.0,0.5686274509803921
643,18,2024-08-11,MM2,Moulding,Zone D,10258,26,0.77,52.0,0.0,0,286,0.0,0.5
644,19,2024-08-11,MM2,Moulding,Zone D,10286,28,0.77,58.0,0.0,0,308,0.0,0.4827586206896552
645,20,2024-08-11,MM2,Moulding,Zone D,10311,25,0.77,56.0,0.0,0,275,0.0,0.4464285714285715
646,21,2024-08-11,MM2,Moulding,Zone D,10340,29,0.78,57.0,0.0,0,319,0.0,0.5087719298245614
647,22,2024-08-11,MM2,Moulding,Zone A,10365,25,0.79,58.0,0.0,0,125,0.0,0.4310344827586207
648,23,2024-08-11,MM2,Moulding,Zone A,10395,30,0.75,58.0,0.0,0,150,0.0,0.5172413793103449
649,0,2024-08-12,MM2,Moulding,Zone A,10421,26,0.77,59.0,0.0,0,130,0.0,0.4406779661016949
650,1,2024-08-12,MM2,Moulding,Zone A,10448,27,0.76,48.0,0.0,0,135,0.0,0.5625
651,2,2024-08-12,MM2,Moulding,Zone A,10476,28,0.78,52.0,0.0,0,140,0.0,0.5384615384615384
652,3,2024-08-12,MM2,Moulding,Zone A,10502,26,0.78,46.0,0.0,0,130,0.0,0.5652173913043478
653,4,2024-08-12,MM2,Moulding,Zone A,10528,26,0.78,49.0,0.0,0,130,0.0,0.5306122448979592
654,5,2024-08-12,MM2,Moulding,Zone A,10555,27,0.79,59.0,0.0,0,135,0.0,0.4576271186440678
655,6,2024-08-12,MM2,Moulding,Zone B,10585,30,0.8,53.0,0.0,0,210,0.0,0.5660377358490566
656,7,2024-08-12,MM2,Moulding,Zone B,10612,27,0.77,50.0,0.0,0,189,0.0,0.54
657,8,2024-08-12,MM2,Moulding,Zone B,10639,27,0.78,45.0,0.0,0,189,0.0,0.6
658,9,2024-08-12,MM2,Moulding,Zone C,10666,27,0.75,60.0,0.0,0,243,0.0,0.45
659,10,2024-08-12,MM2,Moulding,Zone C,10692,26,0.79,56.0,0.0,0,234,0.0,0.4642857142857143
660,11,2024-08-12,MM2,Moulding,Zone C,10717,25,0.77,49.0,0.0,0,225,0.0,0.5102040816326531
661,12,2024-08-12,MM2,Moulding,Zone B,10742,25,0.8,60.0,0.0,0,175,0.0,0.4166666666666667
662,13,2024-08-12,MM2,Moulding,Zone B,10770,28,0.78,45.0,0.0,0,196,0.0,0.6222222222222222
663,14,2024-08-12,MM2,Moulding,Zone B,10797,27,0.77,50.0,0.0,0,189,0.0,0.54
664,15,2024-08-12,MM2,Moulding,Zone B,10822,25,0.75,59.0,0.0,0,175,0.0,0.423728813559322
665,16,2024-08-12,MM2,Moulding,Zone B,10851,29,0.78,45.0,0.0,0,203,0.0,0.6444444444444445
666,17,2024-08-12,MM2,Moulding,Zone B,10881,30,0.79,45.0,0.0,0,210,0.0,0.6666666666666666
667,18,2024-08-12,MM2,Moulding,Zone D,10909,28,0.76,48.0,0.0,0,308,0.0,0.5833333333333334
668,19,2024-08-12,MM2,Moulding,Zone D,10937,28,0.76,52.0,0.0,0,308,0.0,0.5384615384615384
669,20,2024-08-12,MM2,Moulding,Zone D,10966,29,0.79,50.0,0.0,0,319,0.0,0.58
670,21,2024-08-12,MM2,Moulding,Zone D,10996,30,0.78,48.0,0.0,0,330,0.0,0.625
671,22,2024-08-12,MM2,Moulding,Zone A,11025,29,0.77,60.0,0.0,0,145,0.0,0.4833333333333333
672,23,2024-08-12,MM2,Moulding,Zone A,11051,26,0.78,51.0,0.0,0,130,0.0,0.5098039215686274
673,0,2024-07-30,SP1,Sand_Plant,Zone A,1281,50,0.71,54.0,0.0,0,250,0.0,0.9259259259259259
674,1,2024-07-30,SP1,Sand_Plant,Zone A,1331,50,0.62,57.0,0.0,0,250,0.0,0.8771929824561403
675,2,2024-07-30,SP1,Sand_Plant,Zone A,1393,62,0.64,56.0,0.0,0,310,0.0,1.107142857142857
676,3,2024-07-30,SP1,Sand_Plant,Zone A,1455,62,0.57,54.0,0.0,0,310,0.0,1.148148148148148
677,4,2024-07-30,SP1,Sand_Plant,Zone A,1526,71,0.56,54.0,0.0,0,355,0.0,1.314814814814815
678,5,2024-07-30,SP1,Sand_Plant,Zone A,1595,69,0.72,51.0,0.0,0,345,0.0,1.352941176470588
679,6,2024-07-30,SP1,Sand_Plant,Zone B,1648,53,0.67,60.0,0.0,0,371,0.0,0.8833333333333333
680,7,2024-07-30,SP1,Sand_Plant,Zone B,1708,60,0.61,58.0,0.0,0,420,0.0,1.03448275862069
681,8,2024-07-30,SP1,Sand_Plant,Zone B,1780,72,0.71,50.0,0.0,0,504,0.0,1.44
682,9,2024-07-30,SP1,Sand_Plant,Zone C,1838,58,0.75,53.0,0.0,0,522,0.0,1.094339622641509
683,10,2024-07-30,SP1,Sand_Plant,Zone C,1897,59,0.65,50.0,0.0,0,531,0.0,1.18
684,11,2024-07-30,SP1,Sand_Plant,Zone C,1952,55,0.56,60.0,0.0,0,495,0.0,0.9166666666666666
685,12,2024-07-30,SP1,Sand_Plant,Zone B,2012,60,0.74,54.0,0.0,0,420,0.0,1.111111111111111
686,13,2024-07-30,SP1,Sand_Plant,Zone B,2066,54,0.7,51.0,0.0,0,378,0.0,1.058823529411765
687,14,2024-07-30,SP1,Sand_Plant,Zone B,2135,69,0.65,60.0,0.0,0,483,0.0,1.15
688,15,2024-07-30,SP1,Sand_Plant,Zone B,2206,71,0.55,51.0,0.0,0,497,0.0,1.392156862745098
689,16,2024-07-30,SP1,Sand_Plant,Zone B,2269,63,0.57,50.0,0.0,0,441,0.0,1.26
690,17,2024-07-30,SP1,Sand_Plant,Zone B,2329,60,0.61,54.0,0.0,0,420,0.0,1.111111111111111
691,18,2024-07-30,SP1,Sand_Plant,Zone D,2404,75,0.73,56.0,0.0,0,825,0.0,1.339285714285714
692,19,2024-07-30,SP1,Sand_Plant,Zone D,2469,65,0.52,57.0,0.0,0,715,0.0,1.140350877192982
693,20,2024-07-30,SP1,Sand_Plant,Zone D,2534,65,0.59,56.0,0.0,0,715,0.0,1.160714285714286
694,21,2024-07-30,SP1,Sand_Plant,Zone D,2585,51,0.73,60.0,0.0,0,561,0.0,0.85
695,22,2024-07-30,SP1,Sand_Plant,Zone A,2644,59,0.6,56.0,0.0,0,295,0.0,1.053571428571429
696,23,2024-07-30,SP1,Sand_Plant,Zone A,2697,53,0.67,58.0,0.0,0,265,0.0,0.9137931034482759
697,0,2024-07-31,SP1,Sand_Plant,Zone A,2772,75,0.63,50.0,0.0,0,375,0.0,1.5
698,1,2024-07-31,SP1,Sand_Plant,Zone A,2834,62,0.69,51.0,0.0,0,310,0.0,1.215686274509804
699,2,2024-07-31,SP1,Sand_Plant,Zone A,2905,71,0.54,56.0,0.0,0,355,0.0,1.267857142857143
700,3,2024-07-31,SP1,Sand_Plant,Zone A,2975,70,0.73,60.0,0.0,0,350,0.0,1.166666666666667
701,4,2024-07-31,SP1,Sand_Plant,Zone A,3043,68,0.71,60.0,0.0,0,340,0.0,1.133333333333333
702,5,2024-07-31,SP1,Sand_Plant,Zone A,3108,65,0.55,53.0,0.0,0,325,0.0,1.226415094339623
703,6,2024-07-31,SP1,Sand_Plant,Zone B,3171,63,0.59,55.0,0.0,0,441,0.0,1.145454545454546
704,7,2024-07-31,SP1,Sand_Plant,Zone B,3240,69,0.75,51.0,0.0,0,483,0.0,1.352941176470588
705,8,2024-07-31,SP1,Sand_Plant,Zone B,3299,59,0.65,57.0,0.0,0,413,0.0,1.035087719298246
706,9,2024-07-31,SP1,Sand_Plant,Zone C,3353,54,0.68,58.0,0.0,0,486,0.0,0.9310344827586207
707,10,2024-07-31,SP1,Sand_Plant,Zone C,3405,52,0.72,55.0,0.0,0,468,0.0,0.9454545454545454
708,11,2024-07-31,SP1,Sand_Plant,Zone C,3468,63,0.74,59.0,0.0,0,567,0.0,1.067796610169492
709,12,2024-07-31,SP1,Sand_Plant,Zone B,3532,64,0.58,55.0,0.0,0,448,0.0,1.163636363636364
710,13,2024-07-31,SP1,Sand_Plant,Zone B,3583,51,0.67,60.0,0.0,0,357,0.0,0.85
711,14,2024-07-31,SP1,Sand_Plant,Zone B,3633,50,0.73,52.0,0.0,0,350,0.0,0.9615384615384616
712,15,2024-07-31,SP1,Sand_Plant,Zone B,3691,58,0.63,53.0,0.0,0,406,0.0,1.094339622641509
713,16,2024-07-31,SP1,Sand_Plant,Zone B,3765,74,0.51,53.0,0.0,0,518,0.0,1.39622641509434
714,17,2024-07-31,SP1,Sand_Plant,Zone B,3818,53,0.61,55.0,0.0,0,371,0.0,0.9636363636363636
715,18,2024-07-31,SP1,Sand_Plant,Zone D,3883,65,0.57,59.0,0.0,0,715,0.0,1.101694915254237
716,19,2024-07-31,SP1,Sand_Plant,Zone D,3942,59,0.67,54.0,0.0,0,649,0.0,1.092592592592593
717,20,2024-07-31,SP1,Sand_Plant,Zone D,3993,51,0.66,60.0,0.0,0,561,0.0,0.85
718,21,2024-07-31,SP1,Sand_Plant,Zone D,4061,68,0.73,53.0,0.0,0,748,0.0,1.283018867924528
719,22,2024-07-31,SP1,Sand_Plant,Zone A,4122,61,0.6,59.0,0.0,0,305,0.0,1.033898305084746
720,23,2024-07-31,SP1,Sand_Plant,Zone A,4177,55,0.72,55.0,0.0,0,275,0.0,1.0
721,0,2024-08-01,SP1,Sand_Plant,Zone A,4229,52,0.72,60.0,0.0,0,260,0.0,0.8666666666666667
722,1,2024-08-01,SP1,Sand_Plant,Zone A,4292,63,0.68,58.0,0.0,0,315,0.0,1.086206896551724
723,2,2024-08-01,SP1,Sand_Plant,Zone A,4357,65,0.7,58.0,0.0,0,325,0.0,1.120689655172414
724,3,2024-08-01,SP1,Sand_Plant,Zone A,4417,60,0.58,57.0,0.0,0,300,0.0,1.052631578947368
725,4,2024-08-01,SP1,Sand_Plant,Zone A,4486,69,0.59,51.0,0.0,0,345,0.0,1.352941176470588
726,5,2024-08-01,SP1,Sand_Plant,Zone A,4540,54,0.59,54.0,0.0,0,270,0.0,1.0
727,6,2024-08-01,SP1,Sand_Plant,Zone B,4609,69,0.7,57.0,0.0,0,483,0.0,1.210526315789474
728,7,2024-08-01,SP1,Sand_Plant,Zone B,4677,68,0.67,53.0,0.0,0,476,0.0,1.283018867924528
729,8,2024-08-01,SP1,Sand_Plant,Zone B,4729,52,0.61,58.0,0.0,0,364,0.0,0.896551724137931
730,9,2024-08-01,SP1,Sand_Plant,Zone C,4796,67,0.69,53.0,0.0,0,603,0.0,1.264150943396226
731,10,2024-08-01,SP1,Sand_Plant,Zone C,4858,62,0.56,53.0,0.0,0,558,0.0,1.169811320754717
732,11,2024-08-01,SP1,Sand_Plant,Zone C,4912,54,0.5,54.0,0.0,0,486,0.0,1.0
733,12,2024-08-01,SP1,Sand_Plant,Zone B,4965,53,0.64,51.0,0.0,0,371,0.0,1.03921568627451
734,13,2024-08-01,SP1,Sand_Plant,Zone B,5025,60,0.53,54.0,0.0,0,420,0.0,1.111111111111111
735,14,2024-08-01,SP1,Sand_Plant,Zone B,5090,65,0.59,60.0,0.0,0,455,0.0,1.083333333333333
736,15,2024-08-01,SP1,Sand_Plant,Zone B,5160,70,0.55,58.0,0.0,0,490,0.0,1.206896551724138
737,16,2024-08-01,SP1,Sand_Plant,Zone B,5218,58,0.54,55.0,0.0,0,406,0.0,1.054545454545454
738,17,2024-08-01,SP1,Sand_Plant,Zone B,5275,57,0.74,59.0,0.0,0,399,0.0,0.9661016949152542
739,18,2024-08-01,SP1,Sand_Plant,Zone D,5346,71,0.52,55.0,0.0,0,781,0.0,1.290909090909091
740,19,2024-08-01,SP1,Sand_Plant,Zone D,5407,61,0.63,50.0,0.0,0,671,0.0,1.22
741,20,2024-08-01,SP1,Sand_Plant,Zone D,5480,73,0.56,50.0,0.0,0,803,0.0,1.46
742,21,2024-08-01,SP1,Sand_Plant,Zone D,5532,52,0.65,53.0,0.0,0,572,0.0,0.9811320754716981
743,22,2024-08-01,SP1,Sand_Plant,Zone A,5598,66,0.57,59.0,0.0,0,330,0.0,1.11864406779661
744,23,2024-08-01,SP1,Sand_Plant,Zone A,5668,70,0.68,50.0,0.0,0,350,0.0,1.4
745,0,2024-08-02,SP1,Sand_Plant,Zone A,5737,69,0.73,51.0,0.0,0,345,0.0,1.352941176470588
746,1,2024-08-02,SP1,Sand_Plant,Zone A,5810,73,0.67,52.0,0.0,0,365,0.0,1.403846153846154
747,2,2024-08-02,SP1,Sand_Plant,Zone A,5868,58,0.65,58.0,0.0,0,290,0.0,1.0
748,3,2024-08-02,SP1,Sand_Plant,Zone A,5924,56,0.54,58.0,0.0,0,280,0.0,0.9655172413793104
749,4,2024-08-02,SP1,Sand_Plant,Zone A,5976,52,0.62,50.0,0.0,0,260,0.0,1.04
750,5,2024-08-02,SP1,Sand_Plant,Zone A,6043,67,0.65,56.0,0.0,0,335,0.0,1.196428571428571
751,6,2024-08-02,SP1,Sand_Plant,Zone B,6100,57,0.5,54.0,0.0,0,399,0.0,1.055555555555556
752,7,2024-08-02,SP1,Sand_Plant,Zone B,6158,58,0.57,53.0,0.0,0,406,0.0,1.094339622641509
753,8,2024-08-02,SP1,Sand_Plant,Zone B,6225,67,0.71,59.0,0.0,0,469,0.0,1.135593220338983
754,9,2024-08-02,SP1,Sand_Plant,Zone C,6289,64,0.65,54.0,0.0,0,576,0.0,1.185185185185185
755,10,2024-08-02,SP1,Sand_Plant,Zone C,6352,63,0.55,56.0,0.0,0,567,0.0,1.125
756,11,2024-08-02,SP1,Sand_Plant,Zone C,6423,71,0.72,55.0,0.0,0,639,0.0,1.290909090909091
757,12,2024-08-02,SP1,Sand_Plant,Zone B,6482,59,0.54,59.0,0.0,0,413,0.0,1.0
758,13,2024-08-02,SP1,Sand_Plant,Zone B,6557,75,0.64,56.0,0.0,0,525,0.0,1.339285714285714
759,14,2024-08-02,SP1,Sand_Plant,Zone B,6625,68,0.63,60.0,0.0,0,476,0.0,1.133333333333333
760,15,2024-08-02,SP1,Sand_Plant,Zone B,6686,61,0.68,56.0,0.0,0,427,0.0,1.089285714285714
761,16,2024-08-02,SP1,Sand_Plant,Zone B,6741,55,0.63,57.0,0.0,0,385,0.0,0.9649122807017544
762,17,2024-08-02,SP1,Sand_Plant,Zone B,6791,50,0.65,57.0,0.0,0,350,0.0,0.8771929824561403
763,18,2024-08-02,SP1,Sand_Plant,Zone D,6841,50,0.69,50.0,0.0,0,550,0.0,1.0
764,19,2024-08-02,SP1,Sand_Plant,Zone D,6904,63,0.73,58.0,0.0,0,693,0.0,1.086206896551724
765,20,2024-08-02,SP1,Sand_Plant,Zone D,6954,50,0.59,52.0,0.0,0,550,0.0,0.9615384615384616
766,21,2024-08-02,SP1,Sand_Plant,Zone D,7007,53,0.61,52.0,0.0,0,583,0.0,1.019230769230769
767,22,2024-08-02,SP1,Sand_Plant,Zone A,7072,65,0.62,53.0,0.0,0,325,0.0,1.226415094339623
768,23,2024-08-02,SP1,Sand_Plant,Zone A,7139,67,0.57,50.0,0.0,0,335,0.0,1.34
769,0,2024-08-03,SP1,Sand_Plant,Zone A,7201,62,0.58,50.0,0.0,0,310,0.0,1.24
770,1,2024-08-03,SP1,Sand_Plant,Zone A,7274,73,0.65,55.0,0.0,0,365,0.0,1.327272727272727
771,2,2024-08-03,SP1,Sand_Plant,Zone A,7328,54,0.68,60.0,0.0,0,270,0.0,0.9
772,3,2024-08-03,SP1,Sand_Plant,Zone A,7392,64,0.64,50.0,0.0,0,320,0.0,1.28
773,4,2024-08-03,SP1,Sand_Plant,Zone A,7451,59,0.61,57.0,0.0,0,295,0.0,1.035087719298246
774,5,2024-08-03,SP1,Sand_Plant,Zone A,7508,57,0.52,50.0,0.0,0,285,0.0,1.14
775,6,2024-08-03,SP1,Sand_Plant,Zone B,7581,73,0.73,60.0,0.0,0,511,0.0,1.216666666666667
776,7,2024-08-03,SP1,Sand_Plant,Zone B,7655,74,0.66,50.0,0.0,0,518,0.0,1.48
777,8,2024-08-03,SP1,Sand_Plant,Zone B,7708,53,0.6,55.0,0.0,0,371,0.0,0.9636363636363636
778,9,2024-08-03,SP1,Sand_Plant,Zone C,7779,71,0.52,52.0,0.0,0,639,0.0,1.365384615384615
779,10,2024-08-03,SP1,Sand_Plant,Zone C,7848,69,0.54,52.0,0.0,0,621,0.0,1.326923076923077
780,11,2024-08-03,SP1,Sand_Plant,Zone C,7904,56,0.64,59.0,0.0,0,504,0.0,0.9491525423728814
781,12,2024-08-03,SP1,Sand_Plant,Zone B,7957,53,0.5,60.0,0.0,0,371,0.0,0.8833333333333333
782,13,2024-08-03,SP1,Sand_Plant,Zone B,8021,64,0.71,50.0,0.0,0,448,0.0,1.28
783,14,2024-08-03,SP1,Sand_Plant,Zone B,8073,52,0.68,57.0,0.0,0,364,0.0,0.9122807017543859
784,15,2024-08-03,SP1,Sand_Plant,Zone B,8141,68,0.66,53.0,0.0,0,476,0.0,1.283018867924528
785,16,2024-08-03,SP1,Sand_Plant,Zone B,8210,69,0.74,60.0,0.0,0,483,0.0,1.15
786,17,2024-08-03,SP1,Sand_Plant,Zone B,8270,60,0.53,57.0,0.0,0,420,0.0,1.052631578947368
787,18,2024-08-03,SP1,Sand_Plant,Zone D,8333,63,0.62,58.0,0.0,0,693,0.0,1.086206896551724
788,19,2024-08-03,SP1,Sand_Plant,Zone D,8399,66,0.51,55.0,0.0,0,726,0.0,1.2
789,20,2024-08-03,SP1,Sand_Plant,Zone D,8449,50,0.66,59.0,0.0,0,550,0.0,0.847457627118644
790,21,2024-08-03,SP1,Sand_Plant,Zone D,8506,57,0.57,50.0,0.0,0,627,0.0,1.14
791,22,2024-08-03,SP1,Sand_Plant,Zone A,8578,72,0.66,56.0,0.0,0,360,0.0,1.285714285714286
792,23,2024-08-03,SP1,Sand_Plant,Zone A,8650,72,0.69,55.0,0.0,0,360,0.0,1.309090909090909
793,0,2024-08-04,SP1,Sand_Plant,Zone A,8712,62,0.62,54.0,0.0,0,310,0.0,1.148148148148148
794,1,2024-08-04,SP1,Sand_Plant,Zone A,8768,56,0.7,55.0,0.0,0,280,0.0,1.018181818181818
795,2,2024-08-04,SP1,Sand_Plant,Zone A,8825,57,0.69,56.0,0.0,0,285,0.0,1.017857142857143
796,3,2024-08-04,SP1,Sand_Plant,Zone A,8897,72,0.52,55.0,0.0,0,360,0.0,1.309090909090909
797,4,2024-08-04,SP1,Sand_Plant,Zone A,8958,61,0.52,58.0,0.0,0,305,0.0,1.051724137931034
798,5,2024-08-04,SP1,Sand_Plant,Zone A,9017,59,0.73,58.0,0.0,0,295,0.0,1.017241379310345
799,6,2024-08-04,SP1,Sand_Plant,Zone B,9085,68,0.58,56.0,0.0,0,476,0.0,1.214285714285714
800,7,2024-08-04,SP1,Sand_Plant,Zone B,9143,58,0.52,55.0,0.0,0,406,0.0,1.054545454545454
801,8,2024-08-04,SP1,Sand_Plant,Zone B,9208,65,0.71,57.0,0.0,0,455,0.0,1.140350877192982
802,9,2024-08-04,SP1,Sand_Plant,Zone C,9279,71,0.57,55.0,0.0,0,639,0.0,1.290909090909091
803,10,2024-08-04,SP1,Sand_Plant,Zone C,9351,72,0.62,60.0,0.0,0,648,0.0,1.2
804,11,2024-08-04,SP1,Sand_Plant,Zone C,9413,62,0.61,52.0,0.0,0,558,0.0,1.192307692307692
805,12,2024-08-04,SP1,Sand_Plant,Zone B,9464,51,0.62,53.0,0.0,0,357,0.0,0.9622641509433962
806,13,2024-08-04,SP1,Sand_Plant,Zone B,9535,71,0.71,56.0,0.0,0,497,0.0,1.267857142857143
807,14,2024-08-04,SP1,Sand_Plant,Zone B,9599,64,0.59,51.0,0.0,0,448,0.0,1.254901960784314
808,15,2024-08-04,SP1,Sand_Plant,Zone B,9660,61,0.75,53.0,0.0,0,427,0.0,1.150943396226415
809,16,2024-08-04,SP1,Sand_Plant,Zone B,9730,70,0.63,54.0,0.0,0,490,0.0,1.296296296296296
810,17,2024-08-04,SP1,Sand_Plant,Zone B,9794,64,0.6,55.0,0.0,0,448,0.0,1.163636363636364
811,18,2024-08-04,SP1,Sand_Plant,Zone D,9856,62,0.6,60.0,0.0,0,682,0.0,1.033333333333333
812,19,2024-08-04,SP1,Sand_Plant,Zone D,9930,74,0.69,59.0,0.0,0,814,0.0,1.254237288135593
813,20,2024-08-04,SP1,Sand_Plant,Zone D,9987,57,0.62,52.0,0.0,0,627,0.0,1.096153846153846
814,21,2024-08-04,SP1,Sand_Plant,Zone D,10052,65,0.61,51.0,0.0,0,715,0.0,1.274509803921569
815,22,2024-08-04,SP1,Sand_Plant,Zone A,10120,68,0.74,53.0,0.0,0,340,0.0,1.283018867924528
816,23,2024-08-04,SP1,Sand_Plant,Zone A,10182,62,0.52,55.0,0.0,0,310,0.0,1.127272727272727
817,0,2024-08-05,SP1,Sand_Plant,Zone A,10238,56,0.6,53.0,0.0,0,280,0.0,1.056603773584906
818,1,2024-08-05,SP1,Sand_Plant,Zone A,10288,50,0.59,52.0,0.0,0,250,0.0,0.9615384615384616
819,2,2024-08-05,SP1,Sand_Plant,Zone A,10342,54,0.64,60.0,0.0,0,270,0.0,0.9
820,3,2024-08-05,SP1,Sand_Plant,Zone A,10402,60,0.62,59.0,0.0,0,300,0.0,1.016949152542373
821,4,2024-08-05,SP1,Sand_Plant,Zone A,10466,64,0.6,54.0,0.0,0,320,0.0,1.185185185185185
822,5,2024-08-05,SP1,Sand_Plant,Zone A,10535,69,0.72,52.0,0.0,0,345,0.0,1.326923076923077
823,6,2024-08-05,SP1,Sand_Plant,Zone B,10609,74,0.6,52.0,0.0,0,518,0.0,1.423076923076923
824,7,2024-08-05,SP1,Sand_Plant,Zone B,10681,72,0.52,53.0,0.0,0,504,0.0,1.358490566037736
825,8,2024-08-05,SP1,Sand_Plant,Zone B,10738,57,0.66,55.0,0.0,0,399,0.0,1.036363636363636
826,9,2024-08-05,SP1,Sand_Plant,Zone C,10805,67,0.6,60.0,0.0,0,603,0.0,1.116666666666667
827,10,2024-08-05,SP1,Sand_Plant,Zone C,10879,74,0.51,57.0,0.0,0,666,0.0,1.298245614035088
828,11,2024-08-05,SP1,Sand_Plant,Zone C,10930,51,0.54,56.0,0.0,0,459,0.0,0.9107142857142857
829,12,2024-08-05,SP1,Sand_Plant,Zone B,10997,67,0.52,55.0,0.0,0,469,0.0,1.218181818181818
830,13,2024-08-05,SP1,Sand_Plant,Zone B,11047,50,0.66,55.0,0.0,0,350,0.0,0.9090909090909091
831,14,2024-08-05,SP1,Sand_Plant,Zone B,11118,71,0.63,57.0,0.0,0,497,0.0,1.245614035087719
832,15,2024-08-05,SP1,Sand_Plant,Zone B,11189,71,0.61,53.0,0.0,0,497,0.0,1.339622641509434
833,16,2024-08-05,SP1,Sand_Plant,Zone B,11249,60,0.64,51.0,0.0,0,420,0.0,1.176470588235294
834,17,2024-08-05,SP1,Sand_Plant,Zone B,11313,64,0.7,52.0,0.0,0,448,0.0,1.230769230769231
835,18,2024-08-05,SP1,Sand_Plant,Zone D,11386,73,0.54,50.0,0.0,0,803,0.0,1.46
836,19,2024-08-05,SP1,Sand_Plant,Zone D,11461,75,0.63,56.0,0.0,0,825,0.0,1.339285714285714
837,20,2024-08-05,SP1,Sand_Plant,Zone D,11526,65,0.59,56.0,0.0,0,715,0.0,1.160714285714286
838,21,2024-08-05,SP1,Sand_Plant,Zone D,11598,72,0.67,58.0,0.0,0,792,0.0,1.241379310344828
839,22,2024-08-05,SP1,Sand_Plant,Zone A,11659,61,0.56,50.0,0.0,0,305,0.0,1.22
840,23,2024-08-05,SP1,Sand_Plant,Zone A,11731,72,0.69,53.0,0.0,0,360,0.0,1.358490566037736
841,0,2024-08-06,SP1,Sand_Plant,Zone A,11784,53,0.61,54.0,0.0,0,265,0.0,0.9814814814814815
842,1,2024-08-06,SP1,Sand_Plant,Zone A,11835,51,0.74,50.0,0.0,0,255,0.0,1.02
843,2,2024-08-06,SP1,Sand_Plant,Zone A,11886,51,0.73,54.0,0.0,0,255,0.0,0.9444444444444444
844,3,2024-08-06,SP1,Sand_Plant,Zone A,11947,61,0.52,54.0,0.0,0,305,0.0,1.12962962962963
845,4,2024-08-06,SP1,Sand_Plant,Zone A,12009,62,0.6,52.0,0.0,0,310,0.0,1.192307692307692
846,5,2024-08-06,SP1,Sand_Plant,Zone A,12067,58,0.53,56.0,0.0,0,290,0.0,1.035714285714286
847,6,2024-08-06,SP1,Sand_Plant,Zone B,12137,70,0.68,54.0,0.0,0,490,0.0,1.296296296296296
848,7,2024-08-06,SP1,Sand_Plant,Zone B,12204,67,0.54,59.0,0.0,0,469,0.0,1.135593220338983
849,8,2024-08-06,SP1,Sand_Plant,Zone B,12274,70,0.58,55.0,0.0,0,490,0.0,1.272727272727273
850,9,2024-08-06,SP1,Sand_Plant,Zone C,12338,64,0.5,59.0,0.0,0,576,0.0,1.084745762711864
851,10,2024-08-06,SP1,Sand_Plant,Zone C,12401,63,0.64,58.0,0.0,0,567,0.0,1.086206896551724
852,11,2024-08-06,SP1,Sand_Plant,Zone C,12453,52,0.51,54.0,0.0,0,468,0.0,0.9629629629629629
853,12,2024-08-06,SP1,Sand_Plant,Zone B,12525,72,0.71,56.0,0.0,0,504,0.0,1.285714285714286
854,13,2024-08-06,SP1,Sand_Plant,Zone B,12594,69,0.51,52.0,0.0,0,483,0.0,1.326923076923077
855,14,2024-08-06,SP1,Sand_Plant,Zone B,12657,63,0.6,50.0,0.0,0,441,0.0,1.26
856,15,2024-08-06,SP1,Sand_Plant,Zone B,12718,61,0.7,57.0,0.0,0,427,0.0,1.070175438596491
857,16,2024-08-06,SP1,Sand_Plant,Zone B,12770,52,0.6,56.0,0.0,0,364,0.0,0.9285714285714286
858,17,2024-08-06,SP1,Sand_Plant,Zone B,12845,75,0.59,53.0,0.0,0,525,0.0,1.415094339622641
859,18,2024-08-06,SP1,Sand_Plant,Zone D,12914,69,0.71,50.0,0.0,0,759,0.0,1.38
860,19,2024-08-06,SP1,Sand_Plant,Zone D,12973,59,0.56,60.0,0.0,0,649,0.0,0.9833333333333333
861,20,2024-08-06,SP1,Sand_Plant,Zone D,13027,54,0.69,58.0,0.0,0,594,0.0,0.9310344827586207
862,21,2024-08-06,SP1,Sand_Plant,Zone D,13102,75,0.74,59.0,0.0,0,825,0.0,1.271186440677966
863,22,2024-08-06,SP1,Sand_Plant,Zone A,13168,66,0.54,58.0,0.0,0,330,0.0,1.137931034482759
864,23,2024-08-06,SP1,Sand_Plant,Zone A,13223,55,0.56,52.0,0.0,0,275,0.0,1.057692307692308
865,0,2024-08-07,SP1,Sand_Plant,Zone A,13298,75,0.66,51.0,0.0,0,375,0.0,1.470588235294118
866,1,2024-08-07,SP1,Sand_Plant,Zone A,13359,61,0.71,50.0,0.0,0,305,0.0,1.22
867,2,2024-08-07,SP1,Sand_Plant,Zone A,13419,60,0.57,60.0,0.0,0,300,0.0,1.0
868,3,2024-08-07,SP1,Sand_Plant,Zone A,13477,58,0.73,52.0,0.0,0,290,0.0,1.115384615384615
869,4,2024-08-07,SP1,Sand_Plant,Zone A,13534,57,0.65,51.0,0.0,0,285,0.0,1.117647058823529
870,5,2024-08-07,SP1,Sand_Plant,Zone A,13590,56,0.71,50.0,0.0,0,280,0.0,1.12
871,6,2024-08-07,SP1,Sand_Plant,Zone B,13654,64,0.6,59.0,0.0,0,448,0.0,1.084745762711864
872,7,2024-08-07,SP1,Sand_Plant,Zone B,13714,60,0.62,59.0,0.0,0,420,0.0,1.016949152542373
873,8,2024-08-07,SP1,Sand_Plant,Zone B,13768,54,0.63,53.0,0.0,0,378,0.0,1.018867924528302
874,9,2024-08-07,SP1,Sand_Plant,Zone C,13818,50,0.71,53.0,0.0,0,450,0.0,0.9433962264150944
875,10,2024-08-07,SP1,Sand_Plant,Zone C,13878,60,0.52,54.0,0.0,0,540,0.0,1.111111111111111
876,11,2024-08-07,SP1,Sand_Plant,Zone C,13943,65,0.73,52.0,0.0,0,585,0.0,1.25
877,12,2024-08-07,SP1,Sand_Plant,Zone B,13996,53,0.56,52.0,0.0,0,371,0.0,1.019230769230769
878,13,2024-08-07,SP1,Sand_Plant,Zone B,14063,67,0.58,58.0,0.0,0,469,0.0,1.155172413793103
879,14,2024-08-07,SP1,Sand_Plant,Zone B,14119,56,0.62,51.0,0.0,0,392,0.0,1.098039215686275
880,15,2024-08-07,SP1,Sand_Plant,Zone B,14179,60,0.52,53.0,0.0,0,420,0.0,1.132075471698113
881,16,2024-08-07,SP1,Sand_Plant,Zone B,14240,61,0.64,51.0,0.0,0,427,0.0,1.196078431372549
882,17,2024-08-07,SP1,Sand_Plant,Zone B,14314,74,0.67,50.0,0.0,0,518,0.0,1.48
883,18,2024-08-07,SP1,Sand_Plant,Zone D,14368,54,0.58,51.0,0.0,0,594,0.0,1.058823529411765
884,19,2024-08-07,SP1,Sand_Plant,Zone D,14441,73,0.74,57.0,0.0,0,803,0.0,1.280701754385965
885,20,2024-08-07,SP1,Sand_Plant,Zone D,14504,63,0.61,60.0,0.0,0,693,0.0,1.05
886,21,2024-08-07,SP1,Sand_Plant,Zone D,14570,66,0.51,53.0,0.0,0,726,0.0,1.245283018867924
887,22,2024-08-07,SP1,Sand_Plant,Zone A,14643,73,0.58,58.0,0.0,0,365,0.0,1.258620689655172
888,23,2024-08-07,SP1,Sand_Plant,Zone A,14702,59,0.73,60.0,0.0,0,295,0.0,0.9833333333333333
889,0,2024-08-08,SP1,Sand_Plant,Zone A,14753,51,0.56,60.0,0.0,0,255,0.0,0.85
890,1,2024-08-08,SP1,Sand_Plant,Zone A,14818,65,0.62,57.0,0.0,0,325,0.0,1.140350877192982
891,2,2024-08-08,SP1,Sand_Plant,Zone A,14885,67,0.58,59.0,0.0,0,335,0.0,1.135593220338983
892,3,2024-08-08,SP1,Sand_Plant,Zone A,14948,63,0.65,53.0,0.0,0,315,0.0,1.188679245283019
893,4,2024-08-08,SP1,Sand_Plant,Zone A,15003,55,0.5,57.0,0.0,0,275,0.0,0.9649122807017544
894,5,2024-08-08,SP1,Sand_Plant,Zone A,15066,63,0.57,56.0,0.0,0,315,0.0,1.125
895,6,2024-08-08,SP1,Sand_Plant,Zone B,15128,62,0.69,52.0,0.0,0,434,0.0,1.192307692307692
896,7,2024-08-08,SP1,Sand_Plant,Zone B,15191,63,0.53,50.0,0.0,0,441,0.0,1.26
897,8,2024-08-08,SP1,Sand_Plant,Zone B,15262,71,0.7,57.0,0.0,0,497,0.0,1.245614035087719
898,9,2024-08-08,SP1,Sand_Plant,Zone C,15315,53,0.68,51.0,0.0,0,477,0.0,1.03921568627451
899,10,2024-08-08,SP1,Sand_Plant,Zone C,15369,54,0.5,53.0,0.0,0,486,0.0,1.018867924528302
900,11,2024-08-08,SP1,Sand_Plant,Zone C,15438,69,0.6,60.0,0.0,0,621,0.0,1.15
901,12,2024-08-08,SP1,Sand_Plant,Zone B,15506,68,0.57,59.0,0.0,0,476,0.0,1.152542372881356
902,13,2024-08-08,SP1,Sand_Plant,Zone B,15581,75,0.59,53.0,0.0,0,525,0.0,1.415094339622641
903,14,2024-08-08,SP1,Sand_Plant,Zone B,15646,65,0.55,50.0,0.0,0,455,0.0,1.3
904,15,2024-08-08,SP1,Sand_Plant,Zone B,15714,68,0.61,51.0,0.0,0,476,0.0,1.333333333333333
905,16,2024-08-08,SP1,Sand_Plant,Zone B,15773,59,0.57,50.0,0.0,0,413,0.0,1.18
906,17,2024-08-08,SP1,Sand_Plant,Zone B,15843,70,0.7,56.0,0.0,0,490,0.0,1.25
907,18,2024-08-08,SP1,Sand_Plant,Zone D,15910,67,0.66,55.0,0.0,0,737,0.0,1.218181818181818
908,19,2024-08-08,SP1,Sand_Plant,Zone D,15974,64,0.64,53.0,0.0,0,704,0.0,1.207547169811321
909,20,2024-08-08,SP1,Sand_Plant,Zone D,16032,58,0.7,56.0,0.0,0,638,0.0,1.035714285714286
910,21,2024-08-08,SP1,Sand_Plant,Zone D,16107,75,0.63,52.0,0.0,0,825,0.0,1.442307692307692
911,22,2024-08-08,SP1,Sand_Plant,Zone A,16164,57,0.71,56.0,0.0,0,285,0.0,1.017857142857143
912,23,2024-08-08,SP1,Sand_Plant,Zone A,16234,70,0.69,56.0,0.0,0,350,0.0,1.25
913,0,2024-08-09,SP1,Sand_Plant,Zone A,16305,71,0.69,59.0,0.0,0,355,0.0,1.203389830508474
914,1,2024-08-09,SP1,Sand_Plant,Zone A,16368,63,0.53,60.0,0.0,0,315,0.0,1.05
915,2,2024-08-09,SP1,Sand_Plant,Zone A,16427,59,0.59,51.0,0.0,0,295,0.0,1.156862745098039
916,3,2024-08-09,SP1,Sand_Plant,Zone A,16496,69,0.67,60.0,0.0,0,345,0.0,1.15
917,4,2024-08-09,SP1,Sand_Plant,Zone A,16554,58,0.69,56.0,0.0,0,290,0.0,1.035714285714286
918,5,2024-08-09,SP1,Sand_Plant,Zone A,16628,74,0.65,60.0,0.0,0,370,0.0,1.233333333333333
919,6,2024-08-09,SP1,Sand_Plant,Zone B,16684,56,0.62,58.0,0.0,0,392,0.0,0.9655172413793104
920,7,2024-08-09,SP1,Sand_Plant,Zone B,16743,59,0.61,55.0,0.0,0,413,0.0,1.072727272727273
921,8,2024-08-09,SP1,Sand_Plant,Zone B,16809,66,0.51,59.0,0.0,0,462,0.0,1.11864406779661
922,9,2024-08-09,SP1,Sand_Plant,Zone C,16872,63,0.51,53.0,0.0,0,567,0.0,1.188679245283019
923,10,2024-08-09,SP1,Sand_Plant,Zone C,16938,66,0.65,56.0,0.0,0,594,0.0,1.178571428571429
924,11,2024-08-09,SP1,Sand_Plant,Zone C,17002,64,0.69,54.0,0.0,0,576,0.0,1.185185185185185
925,12,2024-08-09,SP1,Sand_Plant,Zone B,17071,69,0.56,51.0,0.0,0,483,0.0,1.352941176470588
926,13,2024-08-09,SP1,Sand_Plant,Zone B,17144,73,0.57,60.0,0.0,0,511,0.0,1.216666666666667
927,14,2024-08-09,SP1,Sand_Plant,Zone B,17199,55,0.7,57.0,0.0,0,385,0.0,0.9649122807017544
928,15,2024-08-09,SP1,Sand_Plant,Zone B,17269,70,0.66,60.0,0.0,0,490,0.0,1.166666666666667
929,16,2024-08-09,SP1,Sand_Plant,Zone B,17333,64,0.64,57.0,0.0,0,448,0.0,1.12280701754386
930,17,2024-08-09,SP1,Sand_Plant,Zone B,17388,55,0.67,55.0,0.0,0,385,0.0,1.0
931,18,2024-08-09,SP1,Sand_Plant,Zone D,17446,58,0.72,53.0,0.0,0,638,0.0,1.094339622641509
932,19,2024-08-09,SP1,Sand_Plant,Zone D,17496,50,0.65,52.0,0.0,0,550,0.0,0.9615384615384616
933,20,2024-08-09,SP1,Sand_Plant,Zone D,17549,53,0.72,51.0,0.0,0,583,0.0,1.03921568627451
934,21,2024-08-09,SP1,Sand_Plant,Zone D,17622,73,0.52,52.0,0.0,0,803,0.0,1.403846153846154
935,22,2024-08-09,SP1,Sand_Plant,Zone A,17687,65,0.51,51.0,0.0,0,325,0.0,1.274509803921569
936,23,2024-08-09,SP1,Sand_Plant,Zone A,17761,74,0.59,53.0,0.0,0,370,0.0,1.39622641509434
937,0,2024-08-10,SP1,Sand_Plant,Zone A,17828,67,0.68,56.0,0.0,0,335,0.0,1.196428571428571
938,1,2024-08-10,SP1,Sand_Plant,Zone A,17900,72,0.56,59.0,0.0,0,360,0.0,1.220338983050848
939,2,2024-08-10,SP1,Sand_Plant,Zone A,17961,61,0.69,56.0,0.0,0,305,0.0,1.089285714285714
940,3,2024-08-10,SP1,Sand_Plant,Zone A,18011,50,0.53,60.0,0.0,0,250,0.0,0.8333333333333334
941,4,2024-08-10,SP1,Sand_Plant,Zone A,18082,71,0.6,60.0,0.0,0,355,0.0,1.183333333333333
942,5,2024-08-10,SP1,Sand_Plant,Zone A,18155,73,0.58,60.0,0.0,0,365,0.0,1.216666666666667
943,6,2024-08-10,SP1,Sand_Plant,Zone B,18205,50,0.67,58.0,0.0,0,350,0.0,0.8620689655172413
944,7,2024-08-10,SP1,Sand_Plant,Zone B,18255,50,0.64,58.0,0.0,0,350,0.0,0.8620689655172413
945,8,2024-08-10,SP1,Sand_Plant,Zone B,18313,58,0.66,57.0,0.0,0,406,0.0,1.017543859649123
946,9,2024-08-10,SP1,Sand_Plant,Zone C,18365,52,0.53,55.0,0.0,0,468,0.0,0.9454545454545454
947,10,2024-08-10,SP1,Sand_Plant,Zone C,18428,63,0.74,56.0,0.0,0,567,0.0,1.125
948,11,2024-08-10,SP1,Sand_Plant,Zone C,18481,53,0.52,53.0,0.0,0,477,0.0,1.0
949,12,2024-08-10,SP1,Sand_Plant,Zone B,18548,67,0.68,59.0,0.0,0,469,0.0,1.135593220338983
950,13,2024-08-10,SP1,Sand_Plant,Zone B,18620,72,0.7,53.0,0.0,0,504,0.0,1.358490566037736
951,14,2024-08-10,SP1,Sand_Plant,Zone B,18676,56,0.67,58.0,0.0,0,392,0.0,0.9655172413793104
952,15,2024-08-10,SP1,Sand_Plant,Zone B,18731,55,0.72,57.0,0.0,0,385,0.0,0.9649122807017544
953,16,2024-08-10,SP1,Sand_Plant,Zone B,18799,68,0.7,55.0,0.0,0,476,0.0,1.236363636363636
954,17,2024-08-10,SP1,Sand_Plant,Zone B,18862,63,0.56,57.0,0.0,0,441,0.0,1.105263157894737
955,18,2024-08-10,SP1,Sand_Plant,Zone D,18916,54,0.66,56.0,0.0,0,594,0.0,0.9642857142857143
956,19,2024-08-10,SP1,Sand_Plant,Zone D,18980,64,0.62,52.0,0.0,0,704,0.0,1.230769230769231
957,20,2024-08-10,SP1,Sand_Plant,Zone D,19033,53,0.53,59.0,0.0,0,583,0.0,0.8983050847457628
958,21,2024-08-10,SP1,Sand_Plant,Zone D,19088,55,0.53,59.0,0.0,0,605,0.0,0.9322033898305084
959,22,2024-08-10,SP1,Sand_Plant,Zone A,19139,51,0.73,56.0,0.0,0,255,0.0,0.9107142857142857
960,23,2024-08-10,SP1,Sand_Plant,Zone A,19200,61,0.53,56.0,0.0,0,305,0.0,1.089285714285714
961,0,2024-08-11,SP1,Sand_Plant,Zone A,19258,58,0.62,57.0,0.0,0,290,0.0,1.017543859649123
962,1,2024-08-11,SP1,Sand_Plant,Zone A,19322,64,0.62,55.0,0.0,0,320,0.0,1.163636363636364
963,2,2024-08-11,SP1,Sand_Plant,Zone A,19386,64,0.65,53.0,0.0,0,320,0.0,1.207547169811321
964,3,2024-08-11,SP1,Sand_Plant,Zone A,19458,72,0.54,58.0,0.0,0,360,0.0,1.241379310344828
965,4,2024-08-11,SP1,Sand_Plant,Zone A,19521,63,0.74,60.0,0.0,0,315,0.0,1.05
966,5,2024-08-11,SP1,Sand_Plant,Zone A,19572,51,0.7,54.0,0.0,0,255,0.0,0.9444444444444444
967,6,2024-08-11,SP1,Sand_Plant,Zone B,19626,54,0.6,53.0,0.0,0,378,0.0,1.018867924528302
968,7,2024-08-11,SP1,Sand_Plant,Zone B,19698,72,0.69,60.0,0.0,0,504,0.0,1.2
969,8,2024-08-11,SP1,Sand_Plant,Zone B,19752,54,0.75,56.0,0.0,0,378,0.0,0.9642857142857143
970,9,2024-08-11,SP1,Sand_Plant,Zone C,19805,53,0.72,51.0,0.0,0,477,0.0,1.03921568627451
971,10,2024-08-11,SP1,Sand_Plant,Zone C,19870,65,0.54,60.0,0.0,0,585,0.0,1.083333333333333
972,11,2024-08-11,SP1,Sand_Plant,Zone C,19928,58,0.59,52.0,0.0,0,522,0.0,1.115384615384615
973,12,2024-08-11,SP1,Sand_Plant,Zone B,19981,53,0.72,55.0,0.0,0,371,0.0,0.9636363636363636
974,13,2024-08-11,SP1,Sand_Plant,Zone B,20050,69,0.59,59.0,0.0,0,483,0.0,1.169491525423729
975,14,2024-08-11,SP1,Sand_Plant,Zone B,20109,59,0.59,55.0,0.0,0,413,0.0,1.072727272727273
976,15,2024-08-11,SP1,Sand_Plant,Zone B,20176,67,0.68,51.0,0.0,0,469,0.0,1.313725490196078
977,16,2024-08-11,SP1,Sand_Plant,Zone B,20231,55,0.65,58.0,0.0,0,385,0.0,0.9482758620689655
978,17,2024-08-11,SP1,Sand_Plant,Zone B,20289,58,0.68,57.0,0.0,0,406,0.0,1.017543859649123
979,18,2024-08-11,SP1,Sand_Plant,Zone D,20343,54,0.59,57.0,0.0,0,594,0.0,0.9473684210526315
980,19,2024-08-11,SP1,Sand_Plant,Zone D,20395,52,0.68,53.0,0.0,0,572,0.0,0.9811320754716981
981,20,2024-08-11,SP1,Sand_Plant,Zone D,20446,51,0.61,55.0,0.0,0,561,0.0,0.9272727272727272
982,21,2024-08-11,SP1,Sand_Plant,Zone D,20517,71,0.51,57.0,0.0,0,781,0.0,1.245614035087719
983,22,2024-08-11,SP1,Sand_Plant,Zone A,20578,61,0.57,51.0,0.0,0,305,0.0,1.196078431372549
984,23,2024-08-11,SP1,Sand_Plant,Zone A,20629,51,0.6,59.0,0.0,0,255,0.0,0.864406779661017
985,0,2024-08-12,SP1,Sand_Plant,Zone A,20702,73,0.52,56.0,0.0,0,365,0.0,1.303571428571429
986,1,2024-08-12,SP1,Sand_Plant,Zone A,20769,67,0.68,51.0,0.0,0,335,0.0,1.313725490196078
987,2,2024-08-12,SP1,Sand_Plant,Zone A,20841,72,0.75,57.0,0.0,0,360,0.0,1.263157894736842
988,3,2024-08-12,SP1,Sand_Plant,Zone A,20899,58,0.6,59.0,0.0,0,290,0.0,0.9830508474576272
989,4,2024-08-12,SP1,Sand_Plant,Zone A,20973,74,0.65,50.0,0.0,0,370,0.0,1.48
990,5,2024-08-12,SP1,Sand_Plant,Zone A,21040,67,0.62,60.0,0.0,0,335,0.0,1.116666666666667
991,6,2024-08-12,SP1,Sand_Plant,Zone B,21095,55,0.7,56.0,0.0,0,385,0.0,0.9821428571428571
992,7,2024-08-12,SP1,Sand_Plant,Zone B,21169,74,0.59,52.0,0.0,0,518,0.0,1.423076923076923
993,8,2024-08-12,SP1,Sand_Plant,Zone B,21227,58,0.75,58.0,0.0,0,406,0.0,1.0
994,9,2024-08-12,SP1,Sand_Plant,Zone C,21291,64,0.72,57.0,0.0,0,576,0.0,1.12280701754386
995,10,2024-08-12,SP1,Sand_Plant,Zone C,21366,75,0.59,55.0,0.0,0,675,0.0,1.363636363636364
996,11,2024-08-12,SP1,Sand_Plant,Zone C,21426,60,0.53,53.0,0.0,0,540,0.0,1.132075471698113
997,12,2024-08-12,SP1,Sand_Plant,Zone B,21493,67,0.66,52.0,0.0,0,469,0.0,1.288461538461539
998,13,2024-08-12,SP1,Sand_Plant,Zone B,21566,73,0.62,58.0,0.0,0,511,0.0,1.258620689655172
999,14,2024-08-12,SP1,Sand_Plant,Zone B,21623,57,0.58,50.0,0.0,0,399,0.0,1.14
1000,15,2024-08-12,SP1,Sand_Plant,Zone B,21686,63,0.68,54.0,0.0,0,441,0.0,1.166666666666667
1001,16,2024-08-12,SP1,Sand_Plant,Zone B,21737,51,0.55,60.0,0.0,0,357,0.0,0.85
1002,17,2024-08-12,SP1,Sand_Plant,Zone B,21788,51,0.64,51.0,0.0,0,357,0.0,1.0
1003,18,2024-08-12,SP1,Sand_Plant,Zone D,21847,59,0.59,55.0,0.0,0,649,0.0,1.072727272727273
1004,19,2024-08-12,SP1,Sand_Plant,Zone D,21909,62,0.51,59.0,0.0,0,682,0.0,1.050847457627119
1005,20,2024-08-12,SP1,Sand_Plant,Zone D,21973,64,0.7,57.0,0.0,0,704,0.0,1.12280701754386
1006,21,2024-08-12,SP1,Sand_Plant,Zone D,22025,52,0.64,53.0,0.0,0,572,0.0,0.9811320754716981
1007,22,2024-08-12,SP1,Sand_Plant,Zone A,22095,70,0.59,53.0,0.0,0,350,0.0,1.320754716981132
1008,23,2024-08-12,SP1,Sand_Plant,Zone A,22145,50,0.56,54.0,0.0,0,250,0.0,0.9259259259259259
1009,0,2024-07-30,SP2,Sand_Plant,Zone A,1267,100,0.98,84.0,0.0,0,500,0.0,1.19047619047619
1010,1,2024-07-30,SP2,Sand_Plant,Zone A,1367,100,0.92,89.0,0.0,0,500,0.0,1.123595505617978
1011,2,2024-07-30,SP2,Sand_Plant,Zone A,1467,100,0.84,88.0,0.0,0,500,0.0,1.136363636363636
1012,3,2024-07-30,SP2,Sand_Plant,Zone A,1563,96,0.98,80.0,0.0,0,480,0.0,1.2
1013,4,2024-07-30,SP2,Sand_Plant,Zone A,1662,99,0.87,80.0,0.0,0,495,0.0,1.2375
1014,5,2024-07-30,SP2,Sand_Plant,Zone A,1750,88,0.94,87.0,0.0,0,440,0.0,1.011494252873563
1015,6,2024-07-30,SP2,Sand_Plant,Zone B,1833,83,0.97,83.0,0.0,0,581,0.0,1.0
1016,7,2024-07-30,SP2,Sand_Plant,Zone B,1917,84,0.96,83.0,0.0,0,588,0.0,1.012048192771084
1017,8,2024-07-30,SP2,Sand_Plant,Zone B,2004,87,0.92,89.0,0.0,0,609,0.0,0.9775280898876404
1018,9,2024-07-30,SP2,Sand_Plant,Zone C,2094,90,0.88,84.0,0.0,0,810,0.0,1.071428571428571
1019,10,2024-07-30,SP2,Sand_Plant,Zone C,2191,97,0.83,87.0,0.0,0,873,0.0,1.114942528735632
1020,11,2024-07-30,SP2,Sand_Plant,Zone C,2287,96,0.91,88.0,0.0,0,864,0.0,1.090909090909091
1021,12,2024-07-30,SP2,Sand_Plant,Zone B,2387,100,0.83,83.0,0.0,0,700,0.0,1.204819277108434
1022,13,2024-07-30,SP2,Sand_Plant,Zone B,2484,97,0.85,90.0,0.0,0,679,0.0,1.077777777777778
1023,14,2024-07-30,SP2,Sand_Plant,Zone B,2565,81,0.82,85.0,0.0,0,567,0.0,0.9529411764705882
1024,15,2024-07-30,SP2,Sand_Plant,Zone B,2649,84,0.84,81.0,0.0,0,588,0.0,1.037037037037037
1025,16,2024-07-30,SP2,Sand_Plant,Zone B,2745,96,0.87,87.0,0.0,0,672,0.0,1.103448275862069
1026,17,2024-07-30,SP2,Sand_Plant,Zone B,2839,94,0.92,88.0,0.0,0,658,0.0,1.068181818181818
1027,18,2024-07-30,SP2,Sand_Plant,Zone D,2932,93,0.82,80.0,0.0,0,1023,0.0,1.1625
1028,19,2024-07-30,SP2,Sand_Plant,Zone D,3028,96,0.86,89.0,0.0,0,1056,0.0,1.078651685393258
1029,20,2024-07-30,SP2,Sand_Plant,Zone D,3127,99,0.86,85.0,0.0,0,1089,0.0,1.164705882352941
1030,21,2024-07-30,SP2,Sand_Plant,Zone D,3215,88,0.97,85.0,0.0,0,968,0.0,1.035294117647059
1031,22,2024-07-30,SP2,Sand_Plant,Zone A,3299,84,0.85,87.0,0.0,0,420,0.0,0.9655172413793104
1032,23,2024-07-30,SP2,Sand_Plant,Zone A,3397,98,0.86,87.0,0.0,0,490,0.0,1.126436781609195
1033,0,2024-07-31,SP2,Sand_Plant,Zone A,3478,81,0.86,81.0,0.0,0,405,0.0,1.0
1034,1,2024-07-31,SP2,Sand_Plant,Zone A,3568,90,0.86,89.0,0.0,0,450,0.0,1.01123595505618
1035,2,2024-07-31,SP2,Sand_Plant,Zone A,3649,81,0.88,83.0,0.0,0,405,0.0,0.9759036144578314
1036,3,2024-07-31,SP2,Sand_Plant,Zone A,3736,87,0.88,81.0,0.0,0,435,0.0,1.074074074074074
1037,4,2024-07-31,SP2,Sand_Plant,Zone A,3830,94,0.84,86.0,0.0,0,470,0.0,1.093023255813953
1038,5,2024-07-31,SP2,Sand_Plant,Zone A,3929,99,0.96,86.0,0.0,0,495,0.0,1.151162790697674
1039,6,2024-07-31,SP2,Sand_Plant,Zone B,4018,89,0.88,83.0,0.0,0,623,0.0,1.072289156626506
1040,7,2024-07-31,SP2,Sand_Plant,Zone B,4114,96,0.81,84.0,0.0,0,672,0.0,1.142857142857143
1041,8,2024-07-31,SP2,Sand_Plant,Zone B,4213,99,0.85,87.0,0.0,0,693,0.0,1.137931034482759
1042,9,2024-07-31,SP2,Sand_Plant,Zone C,4304,91,1.0,87.0,0.0,0,819,0.0,1.045977011494253
1043,10,2024-07-31,SP2,Sand_Plant,Zone C,4402,98,0.99,87.0,0.0,0,882,0.0,1.126436781609195
1044,11,2024-07-31,SP2,Sand_Plant,Zone C,4484,82,0.97,84.0,0.0,0,738,0.0,0.9761904761904762
1045,12,2024-07-31,SP2,Sand_Plant,Zone B,4583,99,0.81,83.0,0.0,0,693,0.0,1.192771084337349
1046,13,2024-07-31,SP2,Sand_Plant,Zone B,4668,85,0.91,85.0,0.0,0,595,0.0,1.0
1047,14,2024-07-31,SP2,Sand_Plant,Zone B,4758,90,0.86,81.0,0.0,0,630,0.0,1.111111111111111
1048,15,2024-07-31,SP2,Sand_Plant,Zone B,4857,99,0.95,90.0,0.0,0,693,0.0,1.1
1049,16,2024-07-31,SP2,Sand_Plant,Zone B,4957,100,0.89,85.0,0.0,0,700,0.0,1.176470588235294
1050,17,2024-07-31,SP2,Sand_Plant,Zone B,5045,88,0.96,83.0,0.0,0,616,0.0,1.060240963855422
1051,18,2024-07-31,SP2,Sand_Plant,Zone D,5134,89,0.98,86.0,0.0,0,979,0.0,1.034883720930233
1052,19,2024-07-31,SP2,Sand_Plant,Zone D,5224,90,0.96,81.0,0.0,0,990,0.0,1.111111111111111
1053,20,2024-07-31,SP2,Sand_Plant,Zone D,5321,97,0.85,81.0,0.0,0,1067,0.0,1.197530864197531
1054,21,2024-07-31,SP2,Sand_Plant,Zone D,5414,93,0.97,83.0,0.0,0,1023,0.0,1.120481927710843
1055,22,2024-07-31,SP2,Sand_Plant,Zone A,5504,90,0.82,87.0,0.0,0,450,0.0,1.03448275862069
1056,23,2024-07-31,SP2,Sand_Plant,Zone A,5584,80,0.97,86.0,0.0,0,400,0.0,0.9302325581395349
1057,0,2024-08-01,SP2,Sand_Plant,Zone A,5678,94,0.96,90.0,0.0,0,470,0.0,1.044444444444445
1058,1,2024-08-01,SP2,Sand_Plant,Zone A,5768,90,0.82,83.0,0.0,0,450,0.0,1.08433734939759
1059,2,2024-08-01,SP2,Sand_Plant,Zone A,5862,94,0.88,90.0,0.0,0,470,0.0,1.044444444444445
1060,3,2024-08-01,SP2,Sand_Plant,Zone A,5952,90,0.94,84.0,0.0,0,450,0.0,1.071428571428571
1061,4,2024-08-01,SP2,Sand_Plant,Zone A,6051,99,0.86,83.0,0.0,0,495,0.0,1.192771084337349
1062,5,2024-08-01,SP2,Sand_Plant,Zone A,6132,81,0.84,86.0,0.0,0,405,0.0,0.9418604651162791
1063,6,2024-08-01,SP2,Sand_Plant,Zone B,6215,83,0.81,81.0,0.0,0,581,0.0,1.024691358024691
1064,7,2024-08-01,SP2,Sand_Plant,Zone B,6310,95,0.91,89.0,0.0,0,665,0.0,1.067415730337079
1065,8,2024-08-01,SP2,Sand_Plant,Zone B,6395,85,0.92,83.0,0.0,0,595,0.0,1.024096385542169
1066,9,2024-08-01,SP2,Sand_Plant,Zone C,6475,80,0.94,89.0,0.0,0,720,0.0,0.898876404494382
1067,10,2024-08-01,SP2,Sand_Plant,Zone C,6560,85,0.85,88.0,0.0,0,765,0.0,0.9659090909090909
1068,11,2024-08-01,SP2,Sand_Plant,Zone C,6645,85,0.99,85.0,0.0,0,765,0.0,1.0
1069,12,2024-08-01,SP2,Sand_Plant,Zone B,6743,98,0.92,80.0,0.0,0,686,0.0,1.225
1070,13,2024-08-01,SP2,Sand_Plant,Zone B,6835,92,0.81,82.0,0.0,0,644,0.0,1.121951219512195
1071,14,2024-08-01,SP2,Sand_Plant,Zone B,6926,91,0.85,87.0,0.0,0,637,0.0,1.045977011494253
1072,15,2024-08-01,SP2,Sand_Plant,Zone B,7011,85,1.0,84.0,0.0,0,595,0.0,1.011904761904762
1073,16,2024-08-01,SP2,Sand_Plant,Zone B,7095,84,0.8,81.0,0.0,0,588,0.0,1.037037037037037
1074,17,2024-08-01,SP2,Sand_Plant,Zone B,7188,93,0.98,80.0,0.0,0,651,0.0,1.1625
1075,18,2024-08-01,SP2,Sand_Plant,Zone D,7282,94,0.82,83.0,0.0,0,1034,0.0,1.132530120481928
1076,19,2024-08-01,SP2,Sand_Plant,Zone D,7380,98,0.96,90.0,0.0,0,1078,0.0,1.088888888888889
1077,20,2024-08-01,SP2,Sand_Plant,Zone D,7463,83,0.83,81.0,0.0,0,913,0.0,1.024691358024691
1078,21,2024-08-01,SP2,Sand_Plant,Zone D,7547,84,0.98,88.0,0.0,0,924,0.0,0.9545454545454546
1079,22,2024-08-01,SP2,Sand_Plant,Zone A,7628,81,0.85,87.0,0.0,0,405,0.0,0.9310344827586207
1080,23,2024-08-01,SP2,Sand_Plant,Zone A,7725,97,0.85,82.0,0.0,0,485,0.0,1.182926829268293
1081,0,2024-08-02,SP2,Sand_Plant,Zone A,7813,88,0.9,83.0,0.0,0,440,0.0,1.060240963855422
1082,1,2024-08-02,SP2,Sand_Plant,Zone A,7898,85,0.89,88.0,0.0,0,425,0.0,0.9659090909090909
1083,2,2024-08-02,SP2,Sand_Plant,Zone A,7982,84,0.8,90.0,0.0,0,420,0.0,0.9333333333333333
1084,3,2024-08-02,SP2,Sand_Plant,Zone A,8066,84,0.93,87.0,0.0,0,420,0.0,0.9655172413793104
1085,4,2024-08-02,SP2,Sand_Plant,Zone A,8153,87,0.84,90.0,0.0,0,435,0.0,0.9666666666666667
1086,5,2024-08-02,SP2,Sand_Plant,Zone A,8233,80,0.94,85.0,0.0,0,400,0.0,0.9411764705882353
1087,6,2024-08-02,SP2,Sand_Plant,Zone B,8332,99,0.88,84.0,0.0,0,693,0.0,1.178571428571429
1088,7,2024-08-02,SP2,Sand_Plant,Zone B,8420,88,0.86,81.0,0.0,0,616,0.0,1.08641975308642
1089,8,2024-08-02,SP2,Sand_Plant,Zone B,8514,94,0.89,83.0,0.0,0,658,0.0,1.132530120481928
1090,9,2024-08-02,SP2,Sand_Plant,Zone C,8606,92,0.84,90.0,0.0,0,828,0.0,1.022222222222222
1091,10,2024-08-02,SP2,Sand_Plant,Zone C,8689,83,1.0,88.0,0.0,0,747,0.0,0.9431818181818182
1092,11,2024-08-02,SP2,Sand_Plant,Zone C,8773,84,0.99,85.0,0.0,0,756,0.0,0.9882352941176471
1093,12,2024-08-02,SP2,Sand_Plant,Zone B,8856,83,1.0,81.0,0.0,0,581,0.0,1.024691358024691
1094,13,2024-08-02,SP2,Sand_Plant,Zone B,8941,85,0.91,87.0,0.0,0,595,0.0,0.9770114942528736
1095,14,2024-08-02,SP2,Sand_Plant,Zone B,9023,82,0.81,86.0,0.0,0,574,0.0,0.9534883720930233
1096,15,2024-08-02,SP2,Sand_Plant,Zone B,9112,89,0.81,84.0,0.0,0,623,0.0,1.05952380952381
1097,16,2024-08-02,SP2,Sand_Plant,Zone B,9196,84,0.91,88.0,0.0,0,588,0.0,0.9545454545454546
1098,17,2024-08-02,SP2,Sand_Plant,Zone B,9288,92,0.96,87.0,0.0,0,644,0.0,1.057471264367816
1099,18,2024-08-02,SP2,Sand_Plant,Zone D,9370,82,0.94,81.0,0.0,0,902,0.0,1.012345679012346
1100,19,2024-08-02,SP2,Sand_Plant,Zone D,9457,87,0.91,90.0,0.0,0,957,0.0,0.9666666666666667
1101,20,2024-08-02,SP2,Sand_Plant,Zone D,9550,93,0.84,85.0,0.0,0,1023,0.0,1.094117647058824
1102,21,2024-08-02,SP2,Sand_Plant,Zone D,9646,96,0.91,80.0,0.0,0,1056,0.0,1.2
1103,22,2024-08-02,SP2,Sand_Plant,Zone A,9735,89,0.84,83.0,0.0,0,445,0.0,1.072289156626506
1104,23,2024-08-02,SP2,Sand_Plant,Zone A,9834,99,0.87,84.0,0.0,0,495,0.0,1.178571428571429
1105,0,2024-08-03,SP2,Sand_Plant,Zone A,9927,93,0.8,89.0,0.0,0,465,0.0,1.044943820224719
1106,1,2024-08-03,SP2,Sand_Plant,Zone A,10027,100,0.89,86.0,0.0,0,500,0.0,1.162790697674419
1107,2,2024-08-03,SP2,Sand_Plant,Zone A,10121,94,0.92,85.0,0.0,0,470,0.0,1.105882352941177
1108,3,2024-08-03,SP2,Sand_Plant,Zone A,10203,82,0.88,90.0,0.0,0,410,0.0,0.9111111111111111
1109,4,2024-08-03,SP2,Sand_Plant,Zone A,10293,90,0.85,88.0,0.0,0,450,0.0,1.022727272727273
1110,5,2024-08-03,SP2,Sand_Plant,Zone A,10382,89,0.91,90.0,0.0,0,445,0.0,0.9888888888888889
1111,6,2024-08-03,SP2,Sand_Plant,Zone B,10468,86,0.81,81.0,0.0,0,602,0.0,1.061728395061728
1112,7,2024-08-03,SP2,Sand_Plant,Zone B,10555,87,0.91,83.0,0.0,0,609,0.0,1.048192771084337
1113,8,2024-08-03,SP2,Sand_Plant,Zone B,10653,98,0.92,90.0,0.0,0,686,0.0,1.088888888888889
1114,9,2024-08-03,SP2,Sand_Plant,Zone C,10734,81,1.0,86.0,0.0,0,729,0.0,0.9418604651162791
1115,10,2024-08-03,SP2,Sand_Plant,Zone C,10825,91,0.92,90.0,0.0,0,819,0.0,1.011111111111111
1116,11,2024-08-03,SP2,Sand_Plant,Zone C,10914,89,0.99,88.0,0.0,0,801,0.0,1.011363636363636
1117,12,2024-08-03,SP2,Sand_Plant,Zone B,11009,95,0.97,87.0,0.0,0,665,0.0,1.091954022988506
1118,13,2024-08-03,SP2,Sand_Plant,Zone B,11100,91,0.86,84.0,0.0,0,637,0.0,1.083333333333333
1119,14,2024-08-03,SP2,Sand_Plant,Zone B,11198,98,0.96,80.0,0.0,0,686,0.0,1.225
1120,15,2024-08-03,SP2,Sand_Plant,Zone B,11289,91,0.92,81.0,0.0,0,637,0.0,1.123456790123457
1121,16,2024-08-03,SP2,Sand_Plant,Zone B,11371,82,0.9,83.0,0.0,0,574,0.0,0.9879518072289156
1122,17,2024-08-03,SP2,Sand_Plant,Zone B,11455,84,0.83,84.0,0.0,0,588,0.0,1.0
1123,18,2024-08-03,SP2,Sand_Plant,Zone D,11549,94,0.94,84.0,0.0,0,1034,0.0,1.119047619047619
1124,19,2024-08-03,SP2,Sand_Plant,Zone D,11644,95,0.99,83.0,0.0,0,1045,0.0,1.144578313253012
1125,20,2024-08-03,SP2,Sand_Plant,Zone D,11742,98,0.96,87.0,0.0,0,1078,0.0,1.126436781609195
1126,21,2024-08-03,SP2,Sand_Plant,Zone D,11839,97,0.89,82.0,0.0,0,1067,0.0,1.182926829268293
1127,22,2024-08-03,SP2,Sand_Plant,Zone A,11937,98,0.95,84.0,0.0,0,490,0.0,1.166666666666667
1128,23,2024-08-03,SP2,Sand_Plant,Zone A,12018,81,0.88,89.0,0.0,0,405,0.0,0.9101123595505618
1129,0,2024-08-04,SP2,Sand_Plant,Zone A,12104,86,0.87,83.0,0.0,0,430,0.0,1.036144578313253
1130,1,2024-08-04,SP2,Sand_Plant,Zone A,12194,90,0.86,81.0,0.0,0,450,0.0,1.111111111111111
1131,2,2024-08-04,SP2,Sand_Plant,Zone A,12281,87,0.9,86.0,0.0,0,435,0.0,1.011627906976744
1132,3,2024-08-04,SP2,Sand_Plant,Zone A,12369,88,0.89,80.0,0.0,0,440,0.0,1.1
1133,4,2024-08-04,SP2,Sand_Plant,Zone A,12463,94,0.99,87.0,0.0,0,470,0.0,1.080459770114943
1134,5,2024-08-04,SP2,Sand_Plant,Zone A,12563,100,0.84,81.0,0.0,0,500,0.0,1.234567901234568
1135,6,2024-08-04,SP2,Sand_Plant,Zone B,12663,100,0.98,87.0,0.0,0,700,0.0,1.149425287356322
1136,7,2024-08-04,SP2,Sand_Plant,Zone B,12751,88,0.92,83.0,0.0,0,616,0.0,1.060240963855422
1137,8,2024-08-04,SP2,Sand_Plant,Zone B,12836,85,0.99,89.0,0.0,0,595,0.0,0.9550561797752809
1138,9,2024-08-04,SP2,Sand_Plant,Zone C,12936,100,0.99,80.0,0.0,0,900,0.0,1.25
1139,10,2024-08-04,SP2,Sand_Plant,Zone C,13030,94,0.8,84.0,0.0,0,846,0.0,1.119047619047619
1140,11,2024-08-04,SP2,Sand_Plant,Zone C,13115,85,0.83,84.0,0.0,0,765,0.0,1.011904761904762
1141,12,2024-08-04,SP2,Sand_Plant,Zone B,13203,88,0.9,83.0,0.0,0,616,0.0,1.060240963855422
1142,13,2024-08-04,SP2,Sand_Plant,Zone B,13295,92,0.98,87.0,0.0,0,644,0.0,1.057471264367816
1143,14,2024-08-04,SP2,Sand_Plant,Zone B,13383,88,0.92,85.0,0.0,0,616,0.0,1.035294117647059
1144,15,2024-08-04,SP2,Sand_Plant,Zone B,13479,96,0.94,81.0,0.0,0,672,0.0,1.185185185185185
1145,16,2024-08-04,SP2,Sand_Plant,Zone B,13572,93,0.86,85.0,0.0,0,651,0.0,1.094117647058824
1146,17,2024-08-04,SP2,Sand_Plant,Zone B,13664,92,0.89,85.0,0.0,0,644,0.0,1.082352941176471
1147,18,2024-08-04,SP2,Sand_Plant,Zone D,13758,94,0.9,85.0,0.0,0,1034,0.0,1.105882352941177
1148,19,2024-08-04,SP2,Sand_Plant,Zone D,13856,98,0.9,90.0,0.0,0,1078,0.0,1.088888888888889
1149,20,2024-08-04,SP2,Sand_Plant,Zone D,13944,88,0.88,83.0,0.0,0,968,0.0,1.060240963855422
1150,21,2024-08-04,SP2,Sand_Plant,Zone D,14035,91,0.9,85.0,0.0,0,1001,0.0,1.070588235294118
1151,22,2024-08-04,SP2,Sand_Plant,Zone A,14121,86,0.88,88.0,0.0,0,430,0.0,0.9772727272727273
1152,23,2024-08-04,SP2,Sand_Plant,Zone A,14208,87,0.83,82.0,0.0,0,435,0.0,1.060975609756098
1153,0,2024-08-05,SP2,Sand_Plant,Zone A,14297,89,0.8,88.0,0.0,0,445,0.0,1.011363636363636
1154,1,2024-08-05,SP2,Sand_Plant,Zone A,14394,97,0.91,87.0,0.0,0,485,0.0,1.114942528735632
1155,2,2024-08-05,SP2,Sand_Plant,Zone A,14493,99,0.92,87.0,0.0,0,495,0.0,1.137931034482759
1156,3,2024-08-05,SP2,Sand_Plant,Zone A,14579,86,0.96,85.0,0.0,0,430,0.0,1.011764705882353
1157,4,2024-08-05,SP2,Sand_Plant,Zone A,14666,87,0.96,85.0,0.0,0,435,0.0,1.023529411764706
1158,5,2024-08-05,SP2,Sand_Plant,Zone A,14753,87,0.91,81.0,0.0,0,435,0.0,1.074074074074074
1159,6,2024-08-05,SP2,Sand_Plant,Zone B,14833,80,0.88,90.0,0.0,0,560,0.0,0.8888888888888888
1160,7,2024-08-05,SP2,Sand_Plant,Zone B,14921,88,0.86,81.0,0.0,0,616,0.0,1.08641975308642
1161,8,2024-08-05,SP2,Sand_Plant,Zone B,15004,83,1.0,85.0,0.0,0,581,0.0,0.9764705882352941
1162,9,2024-08-05,SP2,Sand_Plant,Zone C,15089,85,0.89,81.0,0.0,0,765,0.0,1.049382716049383
1163,10,2024-08-05,SP2,Sand_Plant,Zone C,15184,95,0.95,85.0,0.0,0,855,0.0,1.117647058823529
1164,11,2024-08-05,SP2,Sand_Plant,Zone C,15276,92,0.82,85.0,0.0,0,828,0.0,1.082352941176471
1165,12,2024-08-05,SP2,Sand_Plant,Zone B,15367,91,0.99,83.0,0.0,0,637,0.0,1.096385542168675
1166,13,2024-08-05,SP2,Sand_Plant,Zone B,15451,84,0.85,80.0,0.0,0,588,0.0,1.05
1167,14,2024-08-05,SP2,Sand_Plant,Zone B,15541,90,0.85,80.0,0.0,0,630,0.0,1.125
1168,15,2024-08-05,SP2,Sand_Plant,Zone B,15622,81,0.94,83.0,0.0,0,567,0.0,0.9759036144578314
1169,16,2024-08-05,SP2,Sand_Plant,Zone B,15707,85,0.87,85.0,0.0,0,595,0.0,1.0
1170,17,2024-08-05,SP2,Sand_Plant,Zone B,15788,81,0.91,83.0,0.0,0,567,0.0,0.9759036144578314
1171,18,2024-08-05,SP2,Sand_Plant,Zone D,15868,80,0.94,89.0,0.0,0,880,0.0,0.898876404494382
1172,19,2024-08-05,SP2,Sand_Plant,Zone D,15949,81,0.93,89.0,0.0,0,891,0.0,0.9101123595505618
1173,20,2024-08-05,SP2,Sand_Plant,Zone D,16045,96,0.8,84.0,0.0,0,1056,0.0,1.142857142857143
1174,21,2024-08-05,SP2,Sand_Plant,Zone D,16129,84,0.94,81.0,0.0,0,924,0.0,1.037037037037037
1175,22,2024-08-05,SP2,Sand_Plant,Zone A,16229,100,0.9,80.0,0.0,0,500,0.0,1.25
1176,23,2024-08-05,SP2,Sand_Plant,Zone A,16317,88,0.84,82.0,0.0,0,440,0.0,1.073170731707317
1177,0,2024-08-06,SP2,Sand_Plant,Zone A,16401,84,0.95,83.0,0.0,0,420,0.0,1.012048192771084
1178,1,2024-08-06,SP2,Sand_Plant,Zone A,16492,91,0.81,87.0,0.0,0,455,0.0,1.045977011494253
1179,2,2024-08-06,SP2,Sand_Plant,Zone A,16575,83,0.91,83.0,0.0,0,415,0.0,1.0
1180,3,2024-08-06,SP2,Sand_Plant,Zone A,16668,93,0.89,90.0,0.0,0,465,0.0,1.033333333333333
1181,4,2024-08-06,SP2,Sand_Plant,Zone A,16750,82,0.93,86.0,0.0,0,410,0.0,0.9534883720930233
1182,5,2024-08-06,SP2,Sand_Plant,Zone A,16839,89,0.99,87.0,0.0,0,445,0.0,1.022988505747126
1183,6,2024-08-06,SP2,Sand_Plant,Zone B,16925,86,0.9,83.0,0.0,0,602,0.0,1.036144578313253
1184,7,2024-08-06,SP2,Sand_Plant,Zone B,17007,82,0.96,80.0,0.0,0,574,0.0,1.025
1185,8,2024-08-06,SP2,Sand_Plant,Zone B,17096,89,0.96,87.0,0.0,0,623,0.0,1.022988505747126
1186,9,2024-08-06,SP2,Sand_Plant,Zone C,17193,97,0.94,81.0,0.0,0,873,0.0,1.197530864197531
1187,10,2024-08-06,SP2,Sand_Plant,Zone C,17284,91,0.97,87.0,0.0,0,819,0.0,1.045977011494253
1188,11,2024-08-06,SP2,Sand_Plant,Zone C,17364,80,0.93,86.0,0.0,0,720,0.0,0.9302325581395349
1189,12,2024-08-06,SP2,Sand_Plant,Zone B,17453,89,0.98,84.0,0.0,0,623,0.0,1.05952380952381
1190,13,2024-08-06,SP2,Sand_Plant,Zone B,17536,83,0.89,89.0,0.0,0,581,0.0,0.9325842696629213
1191,14,2024-08-06,SP2,Sand_Plant,Zone B,17627,91,0.92,85.0,0.0,0,637,0.0,1.070588235294118
1192,15,2024-08-06,SP2,Sand_Plant,Zone B,17711,84,0.97,85.0,0.0,0,588,0.0,0.9882352941176471
1193,16,2024-08-06,SP2,Sand_Plant,Zone B,17810,99,0.91,90.0,0.0,0,693,0.0,1.1
1194,17,2024-08-06,SP2,Sand_Plant,Zone B,17895,85,0.99,88.0,0.0,0,595,0.0,0.9659090909090909
1195,18,2024-08-06,SP2,Sand_Plant,Zone D,17991,96,0.81,90.0,0.0,0,1056,0.0,1.066666666666667
1196,19,2024-08-06,SP2,Sand_Plant,Zone D,18091,100,0.97,81.0,0.0,0,1100,0.0,1.234567901234568
1197,20,2024-08-06,SP2,Sand_Plant,Zone D,18180,89,0.95,82.0,0.0,0,979,0.0,1.085365853658537
1198,21,2024-08-06,SP2,Sand_Plant,Zone D,18280,100,0.83,87.0,0.0,0,1100,0.0,1.149425287356322
1199,22,2024-08-06,SP2,Sand_Plant,Zone A,18365,85,0.88,84.0,0.0,0,425,0.0,1.011904761904762
1200,23,2024-08-06,SP2,Sand_Plant,Zone A,18459,94,0.97,90.0,0.0,0,470,0.0,1.044444444444445
1201,0,2024-08-07,SP2,Sand_Plant,Zone A,18541,82,0.87,81.0,0.0,0,410,0.0,1.012345679012346
1202,1,2024-08-07,SP2,Sand_Plant,Zone A,18632,91,0.89,89.0,0.0,0,455,0.0,1.02247191011236
1203,2,2024-08-07,SP2,Sand_Plant,Zone A,18720,88,0.92,83.0,0.0,0,440,0.0,1.060240963855422
1204,3,2024-08-07,SP2,Sand_Plant,Zone A,18813,93,0.91,89.0,0.0,0,465,0.0,1.044943820224719
1205,4,2024-08-07,SP2,Sand_Plant,Zone A,18912,99,0.91,83.0,0.0,0,495,0.0,1.192771084337349
1206,5,2024-08-07,SP2,Sand_Plant,Zone A,18994,82,0.87,83.0,0.0,0,410,0.0,0.9879518072289156
1207,6,2024-08-07,SP2,Sand_Plant,Zone B,19077,83,0.92,85.0,0.0,0,581,0.0,0.9764705882352941
1208,7,2024-08-07,SP2,Sand_Plant,Zone B,19163,86,0.94,82.0,0.0,0,602,0.0,1.048780487804878
1209,8,2024-08-07,SP2,Sand_Plant,Zone B,19259,96,0.93,88.0,0.0,0,672,0.0,1.090909090909091
1210,9,2024-08-07,SP2,Sand_Plant,Zone C,19340,81,0.86,89.0,0.0,0,729,0.0,0.9101123595505618
1211,10,2024-08-07,SP2,Sand_Plant,Zone C,19423,83,0.98,82.0,0.0,0,747,0.0,1.01219512195122
1212,11,2024-08-07,SP2,Sand_Plant,Zone C,19518,95,0.91,82.0,0.0,0,855,0.0,1.158536585365854
1213,12,2024-08-07,SP2,Sand_Plant,Zone B,19604,86,0.9,85.0,0.0,0,602,0.0,1.011764705882353
1214,13,2024-08-07,SP2,Sand_Plant,Zone B,19700,96,0.85,85.0,0.0,0,672,0.0,1.129411764705882
1215,14,2024-08-07,SP2,Sand_Plant,Zone B,19783,83,0.96,85.0,0.0,0,581,0.0,0.9764705882352941
1216,15,2024-08-07,SP2,Sand_Plant,Zone B,19867,84,0.97,90.0,0.0,0,588,0.0,0.9333333333333333
1217,16,2024-08-07,SP2,Sand_Plant,Zone B,19952,85,0.92,87.0,0.0,0,595,0.0,0.9770114942528736
1218,17,2024-08-07,SP2,Sand_Plant,Zone B,20039,87,0.91,90.0,0.0,0,609,0.0,0.9666666666666667
1219,18,2024-08-07,SP2,Sand_Plant,Zone D,20129,90,0.82,86.0,0.0,0,990,0.0,1.046511627906977
1220,19,2024-08-07,SP2,Sand_Plant,Zone D,20212,83,0.91,81.0,0.0,0,913,0.0,1.024691358024691
1221,20,2024-08-07,SP2,Sand_Plant,Zone D,20307,95,0.88,90.0,0.0,0,1045,0.0,1.055555555555556
1222,21,2024-08-07,SP2,Sand_Plant,Zone D,20404,97,0.84,83.0,0.0,0,1067,0.0,1.168674698795181
1223,22,2024-08-07,SP2,Sand_Plant,Zone A,20489,85,0.87,89.0,0.0,0,425,0.0,0.9550561797752809
1224,23,2024-08-07,SP2,Sand_Plant,Zone A,20572,83,0.9,84.0,0.0,0,415,0.0,0.9880952380952381
1225,0,2024-08-08,SP2,Sand_Plant,Zone A,20659,87,0.84,83.0,0.0,0,435,0.0,1.048192771084337
1226,1,2024-08-08,SP2,Sand_Plant,Zone A,20751,92,0.96,87.0,0.0,0,460,0.0,1.057471264367816
1227,2,2024-08-08,SP2,Sand_Plant,Zone A,20845,94,0.87,86.0,0.0,0,470,0.0,1.093023255813953
1228,3,2024-08-08,SP2,Sand_Plant,Zone A,20931,86,0.85,83.0,0.0,0,430,0.0,1.036144578313253
1229,4,2024-08-08,SP2,Sand_Plant,Zone A,21028,97,0.91,88.0,0.0,0,485,0.0,1.102272727272727
1230,5,2024-08-08,SP2,Sand_Plant,Zone A,21128,100,0.93,87.0,0.0,0,500,0.0,1.149425287356322
1231,6,2024-08-08,SP2,Sand_Plant,Zone B,21226,98,0.87,87.0,0.0,0,686,0.0,1.126436781609195
1232,7,2024-08-08,SP2,Sand_Plant,Zone B,21306,80,0.94,89.0,0.0,0,560,0.0,0.898876404494382
1233,8,2024-08-08,SP2,Sand_Plant,Zone B,21403,97,0.82,80.0,0.0,0,679,0.0,1.2125
1234,9,2024-08-08,SP2,Sand_Plant,Zone C,21485,82,0.97,82.0,0.0,0,738,0.0,1.0
1235,10,2024-08-08,SP2,Sand_Plant,Zone C,21566,81,0.86,80.0,0.0,0,729,0.0,1.0125
1236,11,2024-08-08,SP2,Sand_Plant,Zone C,21652,86,0.94,90.0,0.0,0,774,0.0,0.9555555555555556
1237,12,2024-08-08,SP2,Sand_Plant,Zone B,21744,92,0.8,90.0,0.0,0,644,0.0,1.022222222222222
1238,13,2024-08-08,SP2,Sand_Plant,Zone B,21833,89,0.8,80.0,0.0,0,623,0.0,1.1125
1239,14,2024-08-08,SP2,Sand_Plant,Zone B,21913,80,0.99,83.0,0.0,0,560,0.0,0.963855421686747
1240,15,2024-08-08,SP2,Sand_Plant,Zone B,22001,88,0.85,89.0,0.0,0,616,0.0,0.9887640449438202
1241,16,2024-08-08,SP2,Sand_Plant,Zone B,22091,90,0.83,90.0,0.0,0,630,0.0,1.0
1242,17,2024-08-08,SP2,Sand_Plant,Zone B,22182,91,0.89,82.0,0.0,0,637,0.0,1.109756097560976
1243,18,2024-08-08,SP2,Sand_Plant,Zone D,22281,99,0.81,85.0,0.0,0,1089,0.0,1.164705882352941
1244,19,2024-08-08,SP2,Sand_Plant,Zone D,22362,81,0.98,83.0,0.0,0,891,0.0,0.9759036144578314
1245,20,2024-08-08,SP2,Sand_Plant,Zone D,22443,81,0.84,90.0,0.0,0,891,0.0,0.9
1246,21,2024-08-08,SP2,Sand_Plant,Zone D,22543,100,0.85,88.0,0.0,0,1100,0.0,1.136363636363636
1247,22,2024-08-08,SP2,Sand_Plant,Zone A,22632,89,0.83,82.0,0.0,0,445,0.0,1.085365853658537
1248,23,2024-08-08,SP2,Sand_Plant,Zone A,22722,90,0.96,85.0,0.0,0,450,0.0,1.058823529411765
1249,0,2024-08-09,SP2,Sand_Plant,Zone A,22808,86,0.92,81.0,0.0,0,430,0.0,1.061728395061728
1250,1,2024-08-09,SP2,Sand_Plant,Zone A,22896,88,0.85,83.0,0.0,0,440,0.0,1.060240963855422
1251,2,2024-08-09,SP2,Sand_Plant,Zone A,22991,95,0.92,85.0,0.0,0,475,0.0,1.117647058823529
1252,3,2024-08-09,SP2,Sand_Plant,Zone A,23083,92,0.9,90.0,0.0,0,460,0.0,1.022222222222222
1253,4,2024-08-09,SP2,Sand_Plant,Zone A,23181,98,0.83,89.0,0.0,0,490,0.0,1.101123595505618
1254,5,2024-08-09,SP2,Sand_Plant,Zone A,23261,80,0.89,83.0,0.0,0,400,0.0,0.963855421686747
1255,6,2024-08-09,SP2,Sand_Plant,Zone B,23351,90,0.96,89.0,0.0,0,630,0.0,1.01123595505618
1256,7,2024-08-09,SP2,Sand_Plant,Zone B,23439,88,0.99,85.0,0.0,0,616,0.0,1.035294117647059
1257,8,2024-08-09,SP2,Sand_Plant,Zone B,23536,97,0.9,90.0,0.0,0,679,0.0,1.077777777777778
1258,9,2024-08-09,SP2,Sand_Plant,Zone C,23633,97,0.83,83.0,0.0,0,873,0.0,1.168674698795181
1259,10,2024-08-09,SP2,Sand_Plant,Zone C,23727,94,0.83,90.0,0.0,0,846,0.0,1.044444444444445
1260,11,2024-08-09,SP2,Sand_Plant,Zone C,23816,89,0.99,87.0,0.0,0,801,0.0,1.022988505747126
1261,12,2024-08-09,SP2,Sand_Plant,Zone B,23902,86,0.91,84.0,0.0,0,602,0.0,1.023809523809524
1262,13,2024-08-09,SP2,Sand_Plant,Zone B,23996,94,0.9,90.0,0.0,0,658,0.0,1.044444444444445
1263,14,2024-08-09,SP2,Sand_Plant,Zone B,24093,97,0.81,83.0,0.0,0,679,0.0,1.168674698795181
1264,15,2024-08-09,SP2,Sand_Plant,Zone B,24191,98,0.9,87.0,0.0,0,686,0.0,1.126436781609195
1265,16,2024-08-09,SP2,Sand_Plant,Zone B,24289,98,1.0,86.0,0.0,0,686,0.0,1.13953488372093
1266,17,2024-08-09,SP2,Sand_Plant,Zone B,24382,93,0.99,82.0,0.0,0,651,0.0,1.134146341463415
1267,18,2024-08-09,SP2,Sand_Plant,Zone D,24471,89,1.0,82.0,0.0,0,979,0.0,1.085365853658537
1268,19,2024-08-09,SP2,Sand_Plant,Zone D,24558,87,0.98,88.0,0.0,0,957,0.0,0.9886363636363636
1269,20,2024-08-09,SP2,Sand_Plant,Zone D,24641,83,0.91,85.0,0.0,0,913,0.0,0.9764705882352941
1270,21,2024-08-09,SP2,Sand_Plant,Zone D,24727,86,1.0,89.0,0.0,0,946,0.0,0.9662921348314607
1271,22,2024-08-09,SP2,Sand_Plant,Zone A,24811,84,0.91,87.0,0.0,0,420,0.0,0.9655172413793104
1272,23,2024-08-09,SP2,Sand_Plant,Zone A,24903,92,0.98,88.0,0.0,0,460,0.0,1.045454545454545
1273,0,2024-08-10,SP2,Sand_Plant,Zone A,24995,92,0.82,84.0,0.0,0,460,0.0,1.095238095238095
1274,1,2024-08-10,SP2,Sand_Plant,Zone A,25084,89,0.94,82.0,0.0,0,445,0.0,1.085365853658537
1275,2,2024-08-10,SP2,Sand_Plant,Zone A,25165,81,0.89,84.0,0.0,0,405,0.0,0.9642857142857143
1276,3,2024-08-10,SP2,Sand_Plant,Zone A,25245,80,0.82,85.0,0.0,0,400,0.0,0.9411764705882353
1277,4,2024-08-10,SP2,Sand_Plant,Zone A,25325,80,1.0,89.0,0.0,0,400,0.0,0.898876404494382
1278,5,2024-08-10,SP2,Sand_Plant,Zone A,25416,91,0.86,82.0,0.0,0,455,0.0,1.109756097560976
1279,6,2024-08-10,SP2,Sand_Plant,Zone B,25513,97,0.97,86.0,0.0,0,679,0.0,1.127906976744186
1280,7,2024-08-10,SP2,Sand_Plant,Zone B,25610,97,0.95,89.0,0.0,0,679,0.0,1.089887640449438
1281,8,2024-08-10,SP2,Sand_Plant,Zone B,25709,99,0.99,89.0,0.0,0,693,0.0,1.112359550561798
1282,9,2024-08-10,SP2,Sand_Plant,Zone C,25802,93,0.88,82.0,0.0,0,837,0.0,1.134146341463415
1283,10,2024-08-10,SP2,Sand_Plant,Zone C,25893,91,0.93,87.0,0.0,0,819,0.0,1.045977011494253
1284,11,2024-08-10,SP2,Sand_Plant,Zone C,25974,81,0.83,85.0,0.0,0,729,0.0,0.9529411764705882
1285,12,2024-08-10,SP2,Sand_Plant,Zone B,26059,85,0.84,87.0,0.0,0,595,0.0,0.9770114942528736
1286,13,2024-08-10,SP2,Sand_Plant,Zone B,26141,82,0.97,87.0,0.0,0,574,0.0,0.9425287356321839
1287,14,2024-08-10,SP2,Sand_Plant,Zone B,26227,86,0.91,88.0,0.0,0,602,0.0,0.9772727272727273
1288,15,2024-08-10,SP2,Sand_Plant,Zone B,26326,99,0.91,82.0,0.0,0,693,0.0,1.207317073170732
1289,16,2024-08-10,SP2,Sand_Plant,Zone B,26421,95,0.83,86.0,0.0,0,665,0.0,1.104651162790698
1290,17,2024-08-10,SP2,Sand_Plant,Zone B,26509,88,0.82,82.0,0.0,0,616,0.0,1.073170731707317
1291,18,2024-08-10,SP2,Sand_Plant,Zone D,26590,81,0.99,87.0,0.0,0,891,0.0,0.9310344827586207
1292,19,2024-08-10,SP2,Sand_Plant,Zone D,26680,90,0.94,85.0,0.0,0,990,0.0,1.058823529411765
1293,20,2024-08-10,SP2,Sand_Plant,Zone D,26769,89,0.86,80.0,0.0,0,979,0.0,1.1125
1294,21,2024-08-10,SP2,Sand_Plant,Zone D,26855,86,0.88,90.0,0.0,0,946,0.0,0.9555555555555556
1295,22,2024-08-10,SP2,Sand_Plant,Zone A,26945,90,0.84,81.0,0.0,0,450,0.0,1.111111111111111
1296,23,2024-08-10,SP2,Sand_Plant,Zone A,27039,94,0.92,90.0,0.0,0,470,0.0,1.044444444444445
1297,0,2024-08-11,SP2,Sand_Plant,Zone A,27124,85,0.83,82.0,0.0,0,425,0.0,1.036585365853659
1298,1,2024-08-11,SP2,Sand_Plant,Zone A,27218,94,0.85,89.0,0.0,0,470,0.0,1.056179775280899
1299,2,2024-08-11,SP2,Sand_Plant,Zone A,27313,95,0.88,81.0,0.0,0,475,0.0,1.17283950617284
1300,3,2024-08-11,SP2,Sand_Plant,Zone A,27409,96,0.8,81.0,0.0,0,480,0.0,1.185185185185185
1301,4,2024-08-11,SP2,Sand_Plant,Zone A,27492,83,0.95,81.0,0.0,0,415,0.0,1.024691358024691
1302,5,2024-08-11,SP2,Sand_Plant,Zone A,27572,80,0.87,83.0,0.0,0,400,0.0,0.963855421686747
1303,6,2024-08-11,SP2,Sand_Plant,Zone B,27665,93,0.87,82.0,0.0,0,651,0.0,1.134146341463415
1304,7,2024-08-11,SP2,Sand_Plant,Zone B,27751,86,0.99,83.0,0.0,0,602,0.0,1.036144578313253
1305,8,2024-08-11,SP2,Sand_Plant,Zone B,27849,98,0.8,83.0,0.0,0,686,0.0,1.180722891566265
1306,9,2024-08-11,SP2,Sand_Plant,Zone C,27931,82,0.81,89.0,0.0,0,738,0.0,0.9213483146067416
1307,10,2024-08-11,SP2,Sand_Plant,Zone C,28016,85,0.81,84.0,0.0,0,765,0.0,1.011904761904762
1308,11,2024-08-11,SP2,Sand_Plant,Zone C,28116,100,0.81,80.0,0.0,0,900,0.0,1.25
1309,12,2024-08-11,SP2,Sand_Plant,Zone B,28207,91,0.85,87.0,0.0,0,637,0.0,1.045977011494253
1310,13,2024-08-11,SP2,Sand_Plant,Zone B,28289,82,0.95,89.0,0.0,0,574,0.0,0.9213483146067416
1311,14,2024-08-11,SP2,Sand_Plant,Zone B,28384,95,0.81,88.0,0.0,0,665,0.0,1.079545454545455
1312,15,2024-08-11,SP2,Sand_Plant,Zone B,28466,82,0.83,87.0,0.0,0,574,0.0,0.9425287356321839
1313,16,2024-08-11,SP2,Sand_Plant,Zone B,28548,82,0.82,87.0,0.0,0,574,0.0,0.9425287356321839
1314,17,2024-08-11,SP2,Sand_Plant,Zone B,28642,94,0.82,86.0,0.0,0,658,0.0,1.093023255813953
1315,18,2024-08-11,SP2,Sand_Plant,Zone D,28734,92,0.84,81.0,0.0,0,1012,0.0,1.135802469135802
1316,19,2024-08-11,SP2,Sand_Plant,Zone D,28830,96,0.81,89.0,0.0,0,1056,0.0,1.078651685393258
1317,20,2024-08-11,SP2,Sand_Plant,Zone D,28918,88,0.86,85.0,0.0,0,968,0.0,1.035294117647059
1318,21,2024-08-11,SP2,Sand_Plant,Zone D,29004,86,0.97,83.0,0.0,0,946,0.0,1.036144578313253
1319,22,2024-08-11,SP2,Sand_Plant,Zone A,29104,100,0.81,88.0,0.0,0,500,0.0,1.136363636363636
1320,23,2024-08-11,SP2,Sand_Plant,Zone A,29187,83,0.92,83.0,0.0,0,415,0.0,1.0
1321,0,2024-08-12,SP2,Sand_Plant,Zone A,29283,96,0.97,84.0,0.0,0,480,0.0,1.142857142857143
1322,1,2024-08-12,SP2,Sand_Plant,Zone A,29382,99,0.88,84.0,0.0,0,495,0.0,1.178571428571429
1323,2,2024-08-12,SP2,Sand_Plant,Zone A,29475,93,0.94,85.0,0.0,0,465,0.0,1.094117647058824
1324,3,2024-08-12,SP2,Sand_Plant,Zone A,29565,90,1.0,88.0,0.0,0,450,0.0,1.022727272727273
1325,4,2024-08-12,SP2,Sand_Plant,Zone A,29646,81,0.92,89.0,0.0,0,405,0.0,0.9101123595505618
1326,5,2024-08-12,SP2,Sand_Plant,Zone A,29726,80,0.91,87.0,0.0,0,400,0.0,0.9195402298850575
1327,6,2024-08-12,SP2,Sand_Plant,Zone B,29824,98,0.89,88.0,0.0,0,686,0.0,1.113636363636364
1328,7,2024-08-12,SP2,Sand_Plant,Zone B,29920,96,0.9,90.0,0.0,0,672,0.0,1.066666666666667
1329,8,2024-08-12,SP2,Sand_Plant,Zone B,30009,89,0.93,81.0,0.0,0,623,0.0,1.098765432098765
1330,9,2024-08-12,SP2,Sand_Plant,Zone C,30091,82,0.86,83.0,0.0,0,738,0.0,0.9879518072289156
1331,10,2024-08-12,SP2,Sand_Plant,Zone C,30181,90,0.91,80.0,0.0,0,810,0.0,1.125
1332,11,2024-08-12,SP2,Sand_Plant,Zone C,30268,87,0.93,81.0,0.0,0,783,0.0,1.074074074074074
1333,12,2024-08-12,SP2,Sand_Plant,Zone B,30355,87,0.86,82.0,0.0,0,609,0.0,1.060975609756098
1334,13,2024-08-12,SP2,Sand_Plant,Zone B,30454,99,0.94,88.0,0.0,0,693,0.0,1.125
1335,14,2024-08-12,SP2,Sand_Plant,Zone B,30548,94,0.88,81.0,0.0,0,658,0.0,1.160493827160494
1336,15,2024-08-12,SP2,Sand_Plant,Zone B,30642,94,0.81,81.0,0.0,0,658,0.0,1.160493827160494
1337,16,2024-08-12,SP2,Sand_Plant,Zone B,30722,80,0.95,88.0,0.0,0,560,0.0,0.9090909090909091
1338,17,2024-08-12,SP2,Sand_Plant,Zone B,30817,95,0.98,89.0,0.0,0,665,0.0,1.067415730337079
1339,18,2024-08-12,SP2,Sand_Plant,Zone D,30900,83,0.8,87.0,0.0,0,913,0.0,0.9540229885057471
1340,19,2024-08-12,SP2,Sand_Plant,Zone D,30997,97,0.83,82.0,0.0,0,1067,0.0,1.182926829268293
1341,20,2024-08-12,SP2,Sand_Plant,Zone D,31084,87,0.98,88.0,0.0,0,957,0.0,0.9886363636363636
1342,21,2024-08-12,SP2,Sand_Plant,Zone D,31175,91,0.9,85.0,0.0,0,1001,0.0,1.070588235294118
1343,22,2024-08-12,SP2,Sand_Plant,Zone A,31272,97,0.98,85.0,0.0,0,485,0.0,1.141176470588235
1344,23,2024-08-12,SP2,Sand_Plant,Zone A,31368,96,0.88,88.0,0.0,0,480,0.0,1.090909090909091
1345,0,2024-07-30,SP3,Sand_Plant,Zone A,1446,30,0.24,38.0,0.0,0,150,0.0,0.7894736842105263
1346,1,2024-07-30,SP3,Sand_Plant,Zone A,1476,30,0.3,31.0,0.0,0,150,0.0,0.967741935483871
1347,2,2024-07-30,SP3,Sand_Plant,Zone A,1511,35,0.38,33.0,0.0,0,175,0.0,1.060606060606061
1348,3,2024-07-30,SP3,Sand_Plant,Zone A,1546,35,0.2,36.0,0.0,0,175,0.0,0.9722222222222222
1349,4,2024-07-30,SP3,Sand_Plant,Zone A,1575,29,0.43,40.0,0.0,0,145,0.0,0.725
1350,5,2024-07-30,SP3,Sand_Plant,Zone A,1619,44,0.25,34.0,0.0,0,220,0.0,1.294117647058824
1351,6,2024-07-30,SP3,Sand_Plant,Zone B,1644,25,0.22,30.0,0.0,0,175,0.0,0.8333333333333334
1352,7,2024-07-30,SP3,Sand_Plant,Zone B,1689,45,0.21,38.0,0.0,0,315,0.0,1.184210526315789
1353,8,2024-07-30,SP3,Sand_Plant,Zone B,1709,20,0.2,32.0,0.0,0,140,0.0,0.625
1354,9,2024-07-30,SP3,Sand_Plant,Zone C,1734,25,0.37,38.0,0.0,0,225,0.0,0.6578947368421053
1355,10,2024-07-30,SP3,Sand_Plant,Zone C,1765,31,0.25,35.0,0.0,0,279,0.0,0.8857142857142857
1356,11,2024-07-30,SP3,Sand_Plant,Zone C,1792,27,0.3,40.0,0.0,0,243,0.0,0.675
1357,12,2024-07-30,SP3,Sand_Plant,Zone B,1827,35,0.32,35.0,0.0,0,245,0.0,1.0
1358,13,2024-07-30,SP3,Sand_Plant,Zone B,1851,24,0.26,36.0,0.0,0,168,0.0,0.6666666666666666
1359,14,2024-07-30,SP3,Sand_Plant,Zone B,1879,28,0.45,37.0,0.0,0,196,0.0,0.7567567567567568
1360,15,2024-07-30,SP3,Sand_Plant,Zone B,1902,23,0.39,36.0,0.0,0,161,0.0,0.6388888888888888
1361,16,2024-07-30,SP3,Sand_Plant,Zone B,1924,22,0.41,34.0,0.0,0,154,0.0,0.6470588235294118
1362,17,2024-07-30,SP3,Sand_Plant,Zone B,1948,24,0.22,31.0,0.0,0,168,0.0,0.7741935483870968
1363,18,2024-07-30,SP3,Sand_Plant,Zone D,1983,35,0.2,30.0,0.0,0,385,0.0,1.166666666666667
1364,19,2024-07-30,SP3,Sand_Plant,Zone D,2019,36,0.37,39.0,0.0,0,396,0.0,0.9230769230769231
1365,20,2024-07-30,SP3,Sand_Plant,Zone D,2064,45,0.22,33.0,0.0,0,495,0.0,1.363636363636364
1366,21,2024-07-30,SP3,Sand_Plant,Zone D,2096,32,0.4,33.0,0.0,0,352,0.0,0.9696969696969697
1367,22,2024-07-30,SP3,Sand_Plant,Zone A,2117,21,0.27,32.0,0.0,0,105,0.0,0.65625
1368,23,2024-07-30,SP3,Sand_Plant,Zone A,2146,29,0.38,38.0,0.0,0,145,0.0,0.7631578947368421
1369,0,2024-07-31,SP3,Sand_Plant,Zone A,2183,37,0.43,37.0,0.0,0,185,0.0,1.0
1370,1,2024-07-31,SP3,Sand_Plant,Zone A,2206,23,0.28,32.0,0.0,0,115,0.0,0.71875
1371,2,2024-07-31,SP3,Sand_Plant,Zone A,2247,41,0.28,35.0,0.0,0,205,0.0,1.171428571428571
1372,3,2024-07-31,SP3,Sand_Plant,Zone A,2277,30,0.44,32.0,0.0,0,150,0.0,0.9375
1373,4,2024-07-31,SP3,Sand_Plant,Zone A,2298,21,0.44,35.0,0.0,0,105,0.0,0.6
1374,5,2024-07-31,SP3,Sand_Plant,Zone A,2324,26,0.26,32.0,0.0,0,130,0.0,0.8125
1375,6,2024-07-31,SP3,Sand_Plant,Zone B,2363,39,0.35,34.0,0.0,0,273,0.0,1.147058823529412
1376,7,2024-07-31,SP3,Sand_Plant,Zone B,2393,30,0.24,39.0,0.0,0,210,0.0,0.7692307692307693
1377,8,2024-07-31,SP3,Sand_Plant,Zone B,2434,41,0.23,39.0,0.0,0,287,0.0,1.051282051282051
1378,9,2024-07-31,SP3,Sand_Plant,Zone C,2463,29,0.31,32.0,0.0,0,261,0.0,0.90625
1379,10,2024-07-31,SP3,Sand_Plant,Zone C,2490,27,0.27,30.0,0.0,0,243,0.0,0.9
1380,11,2024-07-31,SP3,Sand_Plant,Zone C,2527,37,0.39,40.0,0.0,0,333,0.0,0.925
1381,12,2024-07-31,SP3,Sand_Plant,Zone B,2561,34,0.21,37.0,0.0,0,238,0.0,0.918918918918919
1382,13,2024-07-31,SP3,Sand_Plant,Zone B,2605,44,0.26,40.0,0.0,0,308,0.0,1.1
1383,14,2024-07-31,SP3,Sand_Plant,Zone B,2643,38,0.24,39.0,0.0,0,266,0.0,0.9743589743589743
1384,15,2024-07-31,SP3,Sand_Plant,Zone B,2688,45,0.33,30.0,0.0,0,315,0.0,1.5
1385,16,2024-07-31,SP3,Sand_Plant,Zone B,2709,21,0.24,34.0,0.0,0,147,0.0,0.6176470588235294
1386,17,2024-07-31,SP3,Sand_Plant,Zone B,2745,36,0.26,38.0,0.0,0,252,0.0,0.9473684210526315
1387,18,2024-07-31,SP3,Sand_Plant,Zone D,2767,22,0.38,30.0,0.0,0,242,0.0,0.7333333333333333
1388,19,2024-07-31,SP3,Sand_Plant,Zone D,2807,40,0.21,36.0,0.0,0,440,0.0,1.111111111111111
1389,20,2024-07-31,SP3,Sand_Plant,Zone D,2830,23,0.44,37.0,0.0,0,253,0.0,0.6216216216216216
1390,21,2024-07-31,SP3,Sand_Plant,Zone D,2867,37,0.32,36.0,0.0,0,407,0.0,1.027777777777778
1391,22,2024-07-31,SP3,Sand_Plant,Zone A,2911,44,0.43,37.0,0.0,0,220,0.0,1.189189189189189
1392,23,2024-07-31,SP3,Sand_Plant,Zone A,2945,34,0.29,40.0,0.0,0,170,0.0,0.85
1393,0,2024-08-01,SP3,Sand_Plant,Zone A,2981,36,0.21,40.0,0.0,0,180,0.0,0.9
1394,1,2024-08-01,SP3,Sand_Plant,Zone A,3005,24,0.45,39.0,0.0,0,120,0.0,0.6153846153846154
1395,2,2024-08-01,SP3,Sand_Plant,Zone A,3035,30,0.23,40.0,0.0,0,150,0.0,0.75
1396,3,2024-08-01,SP3,Sand_Plant,Zone A,3058,23,0.45,36.0,0.0,0,115,0.0,0.6388888888888888
1397,4,2024-08-01,SP3,Sand_Plant,Zone A,3093,35,0.28,36.0,0.0,0,175,0.0,0.9722222222222222
1398,5,2024-08-01,SP3,Sand_Plant,Zone A,3136,43,0.36,34.0,0.0,0,215,0.0,1.264705882352941
1399,6,2024-08-01,SP3,Sand_Plant,Zone B,3178,42,0.35,33.0,0.0,0,294,0.0,1.272727272727273
1400,7,2024-08-01,SP3,Sand_Plant,Zone B,3213,35,0.36,34.0,0.0,0,245,0.0,1.029411764705882
1401,8,2024-08-01,SP3,Sand_Plant,Zone B,3251,38,0.41,37.0,0.0,0,266,0.0,1.027027027027027
1402,9,2024-08-01,SP3,Sand_Plant,Zone C,3278,27,0.38,36.0,0.0,0,243,0.0,0.75
1403,10,2024-08-01,SP3,Sand_Plant,Zone C,3318,40,0.31,34.0,0.0,0,360,0.0,1.176470588235294
1404,11,2024-08-01,SP3,Sand_Plant,Zone C,3357,39,0.21,36.0,0.0,0,351,0.0,1.083333333333333
1405,12,2024-08-01,SP3,Sand_Plant,Zone B,3377,20,0.35,32.0,0.0,0,140,0.0,0.625
1406,13,2024-08-01,SP3,Sand_Plant,Zone B,3418,41,0.41,33.0,0.0,0,287,0.0,1.242424242424242
1407,14,2024-08-01,SP3,Sand_Plant,Zone B,3447,29,0.24,31.0,0.0,0,203,0.0,0.9354838709677419
1408,15,2024-08-01,SP3,Sand_Plant,Zone B,3484,37,0.31,39.0,0.0,0,259,0.0,0.9487179487179487
1409,16,2024-08-01,SP3,Sand_Plant,Zone B,3518,34,0.27,38.0,0.0,0,238,0.0,0.8947368421052632
1410,17,2024-08-01,SP3,Sand_Plant,Zone B,3544,26,0.29,33.0,0.0,0,182,0.0,0.7878787878787878
1411,18,2024-08-01,SP3,Sand_Plant,Zone D,3575,31,0.28,39.0,0.0,0,341,0.0,0.7948717948717948
1412,19,2024-08-01,SP3,Sand_Plant,Zone D,3598,23,0.24,33.0,0.0,0,253,0.0,0.696969696969697
1413,20,2024-08-01,SP3,Sand_Plant,Zone D,3630,32,0.43,33.0,0.0,0,352,0.0,0.9696969696969697
1414,21,2024-08-01,SP3,Sand_Plant,Zone D,3673,43,0.25,31.0,0.0,0,473,0.0,1.387096774193548
1415,22,2024-08-01,SP3,Sand_Plant,Zone A,3696,23,0.4,39.0,0.0,0,115,0.0,0.5897435897435898
1416,23,2024-08-01,SP3,Sand_Plant,Zone A,3729,33,0.23,32.0,0.0,0,165,0.0,1.03125
1417,0,2024-08-02,SP3,Sand_Plant,Zone A,3767,38,0.36,39.0,0.0,0,190,0.0,0.9743589743589743
1418,1,2024-08-02,SP3,Sand_Plant,Zone A,3796,29,0.35,32.0,0.0,0,145,0.0,0.90625
1419,2,2024-08-02,SP3,Sand_Plant,Zone A,3819,23,0.31,36.0,0.0,0,115,0.0,0.6388888888888888
1420,3,2024-08-02,SP3,Sand_Plant,Zone A,3855,36,0.24,38.0,0.0,0,180,0.0,0.9473684210526315
1421,4,2024-08-02,SP3,Sand_Plant,Zone A,3887,32,0.36,34.0,0.0,0,160,0.0,0.9411764705882353
1422,5,2024-08-02,SP3,Sand_Plant,Zone A,3913,26,0.44,33.0,0.0,0,130,0.0,0.7878787878787878
1423,6,2024-08-02,SP3,Sand_Plant,Zone B,3939,26,0.23,40.0,0.0,0,182,0.0,0.65
1424,7,2024-08-02,SP3,Sand_Plant,Zone B,3965,26,0.34,38.0,0.0,0,182,0.0,0.6842105263157895
1425,8,2024-08-02,SP3,Sand_Plant,Zone B,3989,24,0.4,32.0,0.0,0,168,0.0,0.75
1426,9,2024-08-02,SP3,Sand_Plant,Zone C,4034,45,0.35,30.0,0.0,0,405,0.0,1.5
1427,10,2024-08-02,SP3,Sand_Plant,Zone C,4073,39,0.39,39.0,0.0,0,351,0.0,1.0
1428,11,2024-08-02,SP3,Sand_Plant,Zone C,4094,21,0.29,36.0,0.0,0,189,0.0,0.5833333333333334
1429,12,2024-08-02,SP3,Sand_Plant,Zone B,4131,37,0.21,36.0,0.0,0,259,0.0,1.027777777777778
1430,13,2024-08-02,SP3,Sand_Plant,Zone B,4172,41,0.35,38.0,0.0,0,287,0.0,1.078947368421053
1431,14,2024-08-02,SP3,Sand_Plant,Zone B,4200,28,0.43,37.0,0.0,0,196,0.0,0.7567567567567568
1432,15,2024-08-02,SP3,Sand_Plant,Zone B,4243,43,0.31,39.0,0.0,0,301,0.0,1.102564102564103
1433,16,2024-08-02,SP3,Sand_Plant,Zone B,4281,38,0.4,40.0,0.0,0,266,0.0,0.95
1434,17,2024-08-02,SP3,Sand_Plant,Zone B,4301,20,0.43,34.0,0.0,0,140,0.0,0.5882352941176471
1435,18,2024-08-02,SP3,Sand_Plant,Zone D,4346,45,0.22,31.0,0.0,0,495,0.0,1.451612903225806
1436,19,2024-08-02,SP3,Sand_Plant,Zone D,4387,41,0.43,30.0,0.0,0,451,0.0,1.366666666666667
1437,20,2024-08-02,SP3,Sand_Plant,Zone D,4409,22,0.38,30.0,0.0,0,242,0.0,0.7333333333333333
1438,21,2024-08-02,SP3,Sand_Plant,Zone D,4437,28,0.36,34.0,0.0,0,308,0.0,0.8235294117647058
1439,22,2024-08-02,SP3,Sand_Plant,Zone A,4481,44,0.36,36.0,0.0,0,220,0.0,1.222222222222222
1440,23,2024-08-02,SP3,Sand_Plant,Zone A,4508,27,0.26,35.0,0.0,0,135,0.0,0.7714285714285715
1441,0,2024-08-03,SP3,Sand_Plant,Zone A,4545,37,0.4,39.0,0.0,0,185,0.0,0.9487179487179487
1442,1,2024-08-03,SP3,Sand_Plant,Zone A,4577,32,0.31,32.0,0.0,0,160,0.0,1.0
1443,2,2024-08-03,SP3,Sand_Plant,Zone A,4600,23,0.45,40.0,0.0,0,115,0.0,0.575
1444,3,2024-08-03,SP3,Sand_Plant,Zone A,4627,27,0.39,35.0,0.0,0,135,0.0,0.7714285714285715
1445,4,2024-08-03,SP3,Sand_Plant,Zone A,4665,38,0.27,37.0,0.0,0,190,0.0,1.027027027027027
1446,5,2024-08-03,SP3,Sand_Plant,Zone A,4703,38,0.24,36.0,0.0,0,190,0.0,1.055555555555556
1447,6,2024-08-03,SP3,Sand_Plant,Zone B,4742,39,0.39,35.0,0.0,0,273,0.0,1.114285714285714
1448,7,2024-08-03,SP3,Sand_Plant,Zone B,4766,24,0.36,31.0,0.0,0,168,0.0,0.7741935483870968
1449,8,2024-08-03,SP3,Sand_Plant,Zone B,4790,24,0.36,31.0,0.0,0,168,0.0,0.7741935483870968
1450,9,2024-08-03,SP3,Sand_Plant,Zone C,4811,21,0.38,40.0,0.0,0,189,0.0,0.525
1451,10,2024-08-03,SP3,Sand_Plant,Zone C,4846,35,0.21,30.0,0.0,0,315,0.0,1.166666666666667
1452,11,2024-08-03,SP3,Sand_Plant,Zone C,4876,30,0.35,35.0,0.0,0,270,0.0,0.8571428571428571
1453,12,2024-08-03,SP3,Sand_Plant,Zone B,4899,23,0.22,32.0,0.0,0,161,0.0,0.71875
1454,13,2024-08-03,SP3,Sand_Plant,Zone B,4919,20,0.31,40.0,0.0,0,140,0.0,0.5
1455,14,2024-08-03,SP3,Sand_Plant,Zone B,4951,32,0.32,31.0,0.0,0,224,0.0,1.032258064516129
1456,15,2024-08-03,SP3,Sand_Plant,Zone B,4985,34,0.2,37.0,0.0,0,238,0.0,0.918918918918919
1457,16,2024-08-03,SP3,Sand_Plant,Zone B,5024,39,0.36,36.0,0.0,0,273,0.0,1.083333333333333
1458,17,2024-08-03,SP3,Sand_Plant,Zone B,5046,22,0.36,30.0,0.0,0,154,0.0,0.7333333333333333
1459,18,2024-08-03,SP3,Sand_Plant,Zone D,5066,20,0.22,39.0,0.0,0,220,0.0,0.5128205128205128
1460,19,2024-08-03,SP3,Sand_Plant,Zone D,5104,38,0.36,39.0,0.0,0,418,0.0,0.9743589743589743
1461,20,2024-08-03,SP3,Sand_Plant,Zone D,5132,28,0.35,40.0,0.0,0,308,0.0,0.7
1462,21,2024-08-03,SP3,Sand_Plant,Zone D,5154,22,0.3,34.0,0.0,0,242,0.0,0.6470588235294118
1463,22,2024-08-03,SP3,Sand_Plant,Zone A,5175,21,0.33,39.0,0.0,0,105,0.0,0.5384615384615384
1464,23,2024-08-03,SP3,Sand_Plant,Zone A,5207,32,0.37,40.0,0.0,0,160,0.0,0.8
1465,0,2024-08-04,SP3,Sand_Plant,Zone A,5250,43,0.22,40.0,0.0,0,215,0.0,1.075
1466,1,2024-08-04,SP3,Sand_Plant,Zone A,5271,21,0.33,39.0,0.0,0,105,0.0,0.5384615384615384
1467,2,2024-08-04,SP3,Sand_Plant,Zone A,5293,22,0.4,30.0,0.0,0,110,0.0,0.7333333333333333
1468,3,2024-08-04,SP3,Sand_Plant,Zone A,5325,32,0.31,38.0,0.0,0,160,0.0,0.8421052631578947
1469,4,2024-08-04,SP3,Sand_Plant,Zone A,5369,44,0.31,34.0,0.0,0,220,0.0,1.294117647058824
1470,5,2024-08-04,SP3,Sand_Plant,Zone A,5405,36,0.39,30.0,0.0,0,180,0.0,1.2
1471,6,2024-08-04,SP3,Sand_Plant,Zone B,5433,28,0.23,30.0,0.0,0,196,0.0,0.9333333333333333
1472,7,2024-08-04,SP3,Sand_Plant,Zone B,5469,36,0.25,33.0,0.0,0,252,0.0,1.090909090909091
1473,8,2024-08-04,SP3,Sand_Plant,Zone B,5512,43,0.41,40.0,0.0,0,301,0.0,1.075
1474,9,2024-08-04,SP3,Sand_Plant,Zone C,5556,44,0.41,30.0,0.0,0,396,0.0,1.466666666666667
1475,10,2024-08-04,SP3,Sand_Plant,Zone C,5594,38,0.22,39.0,0.0,0,342,0.0,0.9743589743589743
1476,11,2024-08-04,SP3,Sand_Plant,Zone C,5625,31,0.36,39.0,0.0,0,279,0.0,0.7948717948717948
1477,12,2024-08-04,SP3,Sand_Plant,Zone B,5662,37,0.23,35.0,0.0,0,259,0.0,1.057142857142857
1478,13,2024-08-04,SP3,Sand_Plant,Zone B,5700,38,0.29,36.0,0.0,0,266,0.0,1.055555555555556
1479,14,2024-08-04,SP3,Sand_Plant,Zone B,5743,43,0.43,40.0,0.0,0,301,0.0,1.075
1480,15,2024-08-04,SP3,Sand_Plant,Zone B,5778,35,0.21,35.0,0.0,0,245,0.0,1.0
1481,16,2024-08-04,SP3,Sand_Plant,Zone B,5810,32,0.31,33.0,0.0,0,224,0.0,0.9696969696969697
1482,17,2024-08-04,SP3,Sand_Plant,Zone B,5846,36,0.43,35.0,0.0,0,252,0.0,1.028571428571428
1483,18,2024-08-04,SP3,Sand_Plant,Zone D,5872,26,0.33,32.0,0.0,0,286,0.0,0.8125
1484,19,2024-08-04,SP3,Sand_Plant,Zone D,5913,41,0.29,39.0,0.0,0,451,0.0,1.051282051282051
1485,20,2024-08-04,SP3,Sand_Plant,Zone D,5943,30,0.37,38.0,0.0,0,330,0.0,0.7894736842105263
1486,21,2024-08-04,SP3,Sand_Plant,Zone D,5966,23,0.37,40.0,0.0,0,253,0.0,0.575
1487,22,2024-08-04,SP3,Sand_Plant,Zone A,6000,34,0.41,30.0,0.0,0,170,0.0,1.133333333333333
1488,23,2024-08-04,SP3,Sand_Plant,Zone A,6045,45,0.27,31.0,0.0,0,225,0.0,1.451612903225806
1489,0,2024-08-05,SP3,Sand_Plant,Zone A,6088,43,0.35,35.0,0.0,0,215,0.0,1.228571428571429
1490,1,2024-08-05,SP3,Sand_Plant,Zone A,6119,31,0.22,36.0,0.0,0,155,0.0,0.8611111111111112
1491,2,2024-08-05,SP3,Sand_Plant,Zone A,6162,43,0.42,34.0,0.0,0,215,0.0,1.264705882352941
1492,3,2024-08-05,SP3,Sand_Plant,Zone A,6182,20,0.31,36.0,0.0,0,100,0.0,0.5555555555555556
1493,4,2024-08-05,SP3,Sand_Plant,Zone A,6217,35,0.32,35.0,0.0,0,175,0.0,1.0
1494,5,2024-08-05,SP3,Sand_Plant,Zone A,6241,24,0.29,37.0,0.0,0,120,0.0,0.6486486486486487
1495,6,2024-08-05,SP3,Sand_Plant,Zone B,6265,24,0.27,34.0,0.0,0,168,0.0,0.7058823529411765
1496,7,2024-08-05,SP3,Sand_Plant,Zone B,6299,34,0.42,38.0,0.0,0,238,0.0,0.8947368421052632
1497,8,2024-08-05,SP3,Sand_Plant,Zone B,6339,40,0.22,35.0,0.0,0,280,0.0,1.142857142857143
1498,9,2024-08-05,SP3,Sand_Plant,Zone C,6370,31,0.4,35.0,0.0,0,279,0.0,0.8857142857142857
1499,10,2024-08-05,SP3,Sand_Plant,Zone C,6394,24,0.38,30.0,0.0,0,216,0.0,0.8
1500,11,2024-08-05,SP3,Sand_Plant,Zone C,6430,36,0.29,35.0,0.0,0,324,0.0,1.028571428571428
1501,12,2024-08-05,SP3,Sand_Plant,Zone B,6460,30,0.4,30.0,0.0,0,210,0.0,1.0
1502,13,2024-08-05,SP3,Sand_Plant,Zone B,6480,20,0.26,30.0,0.0,0,140,0.0,0.6666666666666666
1503,14,2024-08-05,SP3,Sand_Plant,Zone B,6523,43,0.28,31.0,0.0,0,301,0.0,1.387096774193548
1504,15,2024-08-05,SP3,Sand_Plant,Zone B,6547,24,0.4,40.0,0.0,0,168,0.0,0.6
1505,16,2024-08-05,SP3,Sand_Plant,Zone B,6574,27,0.25,36.0,0.0,0,189,0.0,0.75
1506,17,2024-08-05,SP3,Sand_Plant,Zone B,6608,34,0.24,32.0,0.0,0,238,0.0,1.0625
1507,18,2024-08-05,SP3,Sand_Plant,Zone D,6635,27,0.33,38.0,0.0,0,297,0.0,0.7105263157894737
1508,19,2024-08-05,SP3,Sand_Plant,Zone D,6678,43,0.25,33.0,0.0,0,473,0.0,1.303030303030303
1509,20,2024-08-05,SP3,Sand_Plant,Zone D,6701,23,0.25,36.0,0.0,0,253,0.0,0.6388888888888888
1510,21,2024-08-05,SP3,Sand_Plant,Zone D,6746,45,0.2,34.0,0.0,0,495,0.0,1.323529411764706
1511,22,2024-08-05,SP3,Sand_Plant,Zone A,6781,35,0.26,39.0,0.0,0,175,0.0,0.8974358974358975
1512,23,2024-08-05,SP3,Sand_Plant,Zone A,6816,35,0.4,40.0,0.0,0,175,0.0,0.875
1513,0,2024-08-06,SP3,Sand_Plant,Zone A,6838,22,0.45,30.0,0.0,0,110,0.0,0.7333333333333333
1514,1,2024-08-06,SP3,Sand_Plant,Zone A,6860,22,0.22,35.0,0.0,0,110,0.0,0.6285714285714286
1515,2,2024-08-06,SP3,Sand_Plant,Zone A,6881,21,0.26,35.0,0.0,0,105,0.0,0.6
1516,3,2024-08-06,SP3,Sand_Plant,Zone A,6903,22,0.32,35.0,0.0,0,110,0.0,0.6285714285714286
1517,4,2024-08-06,SP3,Sand_Plant,Zone A,6932,29,0.42,38.0,0.0,0,145,0.0,0.7631578947368421
1518,5,2024-08-06,SP3,Sand_Plant,Zone A,6976,44,0.31,38.0,0.0,0,220,0.0,1.157894736842105
1519,6,2024-08-06,SP3,Sand_Plant,Zone B,7017,41,0.44,39.0,0.0,0,287,0.0,1.051282051282051
1520,7,2024-08-06,SP3,Sand_Plant,Zone B,7047,30,0.22,34.0,0.0,0,210,0.0,0.8823529411764706
1521,8,2024-08-06,SP3,Sand_Plant,Zone B,7083,36,0.23,31.0,0.0,0,252,0.0,1.161290322580645
1522,9,2024-08-06,SP3,Sand_Plant,Zone C,7104,21,0.27,38.0,0.0,0,189,0.0,0.5526315789473685
1523,10,2024-08-06,SP3,Sand_Plant,Zone C,7125,21,0.28,36.0,0.0,0,189,0.0,0.5833333333333334
1524,11,2024-08-06,SP3,Sand_Plant,Zone C,7149,24,0.32,33.0,0.0,0,216,0.0,0.7272727272727273
1525,12,2024-08-06,SP3,Sand_Plant,Zone B,7169,20,0.36,31.0,0.0,0,140,0.0,0.6451612903225806
1526,13,2024-08-06,SP3,Sand_Plant,Zone B,7205,36,0.37,31.0,0.0,0,252,0.0,1.161290322580645
1527,14,2024-08-06,SP3,Sand_Plant,Zone B,7239,34,0.21,34.0,0.0,0,238,0.0,1.0
1528,15,2024-08-06,SP3,Sand_Plant,Zone B,7267,28,0.31,32.0,0.0,0,196,0.0,0.875
1529,16,2024-08-06,SP3,Sand_Plant,Zone B,7292,25,0.36,35.0,0.0,0,175,0.0,0.7142857142857143
1530,17,2024-08-06,SP3,Sand_Plant,Zone B,7316,24,0.28,30.0,0.0,0,168,0.0,0.8
1531,18,2024-08-06,SP3,Sand_Plant,Zone D,7343,27,0.25,32.0,0.0,0,297,0.0,0.84375
1532,19,2024-08-06,SP3,Sand_Plant,Zone D,7375,32,0.3,33.0,0.0,0,352,0.0,0.9696969696969697
1533,20,2024-08-06,SP3,Sand_Plant,Zone D,7402,27,0.35,39.0,0.0,0,297,0.0,0.6923076923076923
1534,21,2024-08-06,SP3,Sand_Plant,Zone D,7429,27,0.23,32.0,0.0,0,297,0.0,0.84375
1535,22,2024-08-06,SP3,Sand_Plant,Zone A,7449,20,0.41,39.0,0.0,0,100,0.0,0.5128205128205128
1536,23,2024-08-06,SP3,Sand_Plant,Zone A,7489,40,0.24,31.0,0.0,0,200,0.0,1.290322580645161
1537,0,2024-08-07,SP3,Sand_Plant,Zone A,7520,31,0.34,37.0,0.0,0,155,0.0,0.8378378378378378
1538,1,2024-08-07,SP3,Sand_Plant,Zone A,7556,36,0.23,35.0,0.0,0,180,0.0,1.028571428571428
1539,2,2024-08-07,SP3,Sand_Plant,Zone A,7593,37,0.42,39.0,0.0,0,185,0.0,0.9487179487179487
1540,3,2024-08-07,SP3,Sand_Plant,Zone A,7620,27,0.34,38.0,0.0,0,135,0.0,0.7105263157894737
1541,4,2024-08-07,SP3,Sand_Plant,Zone A,7653,33,0.4,30.0,0.0,0,165,0.0,1.1
1542,5,2024-08-07,SP3,Sand_Plant,Zone A,7677,24,0.37,32.0,0.0,0,120,0.0,0.75
1543,6,2024-08-07,SP3,Sand_Plant,Zone B,7698,21,0.43,34.0,0.0,0,147,0.0,0.6176470588235294
1544,7,2024-08-07,SP3,Sand_Plant,Zone B,7729,31,0.22,37.0,0.0,0,217,0.0,0.8378378378378378
1545,8,2024-08-07,SP3,Sand_Plant,Zone B,7751,22,0.3,32.0,0.0,0,154,0.0,0.6875
1546,9,2024-08-07,SP3,Sand_Plant,Zone C,7773,22,0.28,33.0,0.0,0,198,0.0,0.6666666666666666
1547,10,2024-08-07,SP3,Sand_Plant,Zone C,7803,30,0.28,39.0,0.0,0,270,0.0,0.7692307692307693
1548,11,2024-08-07,SP3,Sand_Plant,Zone C,7828,25,0.31,35.0,0.0,0,225,0.0,0.7142857142857143
1549,12,2024-08-07,SP3,Sand_Plant,Zone B,7864,36,0.29,40.0,0.0,0,252,0.0,0.9
1550,13,2024-08-07,SP3,Sand_Plant,Zone B,7900,36,0.31,32.0,0.0,0,252,0.0,1.125
1551,14,2024-08-07,SP3,Sand_Plant,Zone B,7937,37,0.31,35.0,0.0,0,259,0.0,1.057142857142857
1552,15,2024-08-07,SP3,Sand_Plant,Zone B,7977,40,0.25,35.0,0.0,0,280,0.0,1.142857142857143
1553,16,2024-08-07,SP3,Sand_Plant,Zone B,7998,21,0.29,33.0,0.0,0,147,0.0,0.6363636363636364
1554,17,2024-08-07,SP3,Sand_Plant,Zone B,8033,35,0.23,38.0,0.0,0,245,0.0,0.9210526315789473
1555,18,2024-08-07,SP3,Sand_Plant,Zone D,8064,31,0.23,39.0,0.0,0,341,0.0,0.7948717948717948
1556,19,2024-08-07,SP3,Sand_Plant,Zone D,8103,39,0.23,34.0,0.0,0,429,0.0,1.147058823529412
1557,20,2024-08-07,SP3,Sand_Plant,Zone D,8130,27,0.21,40.0,0.0,0,297,0.0,0.675
1558,21,2024-08-07,SP3,Sand_Plant,Zone D,8168,38,0.37,35.0,0.0,0,418,0.0,1.085714285714286
1559,22,2024-08-07,SP3,Sand_Plant,Zone A,8210,42,0.45,33.0,0.0,0,210,0.0,1.272727272727273
1560,23,2024-08-07,SP3,Sand_Plant,Zone A,8252,42,0.44,33.0,0.0,0,210,0.0,1.272727272727273
1561,0,2024-08-08,SP3,Sand_Plant,Zone A,8296,44,0.38,37.0,0.0,0,220,0.0,1.189189189189189
1562,1,2024-08-08,SP3,Sand_Plant,Zone A,8327,31,0.29,35.0,0.0,0,155,0.0,0.8857142857142857
1563,2,2024-08-08,SP3,Sand_Plant,Zone A,8371,44,0.42,34.0,0.0,0,220,0.0,1.294117647058824
1564,3,2024-08-08,SP3,Sand_Plant,Zone A,8400,29,0.39,33.0,0.0,0,145,0.0,0.8787878787878788
1565,4,2024-08-08,SP3,Sand_Plant,Zone A,8426,26,0.43,38.0,0.0,0,130,0.0,0.6842105263157895
1566,5,2024-08-08,SP3,Sand_Plant,Zone A,8470,44,0.26,33.0,0.0,0,220,0.0,1.333333333333333
1567,6,2024-08-08,SP3,Sand_Plant,Zone B,8494,24,0.37,36.0,0.0,0,168,0.0,0.6666666666666666
1568,7,2024-08-08,SP3,Sand_Plant,Zone B,8530,36,0.34,33.0,0.0,0,252,0.0,1.090909090909091
1569,8,2024-08-08,SP3,Sand_Plant,Zone B,8550,20,0.37,32.0,0.0,0,140,0.0,0.625
1570,9,2024-08-08,SP3,Sand_Plant,Zone C,8575,25,0.26,36.0,0.0,0,225,0.0,0.6944444444444444
1571,10,2024-08-08,SP3,Sand_Plant,Zone C,8612,37,0.33,32.0,0.0,0,333,0.0,1.15625
1572,11,2024-08-08,SP3,Sand_Plant,Zone C,8637,25,0.24,34.0,0.0,0,225,0.0,0.7352941176470589
1573,12,2024-08-08,SP3,Sand_Plant,Zone B,8665,28,0.21,31.0,0.0,0,196,0.0,0.9032258064516129
1574,13,2024-08-08,SP3,Sand_Plant,Zone B,8688,23,0.21,37.0,0.0,0,161,0.0,0.6216216216216216
1575,14,2024-08-08,SP3,Sand_Plant,Zone B,8725,37,0.29,37.0,0.0,0,259,0.0,1.0
1576,15,2024-08-08,SP3,Sand_Plant,Zone B,8769,44,0.35,37.0,0.0,0,308,0.0,1.189189189189189
1577,16,2024-08-08,SP3,Sand_Plant,Zone B,8811,42,0.26,40.0,0.0,0,294,0.0,1.05
1578,17,2024-08-08,SP3,Sand_Plant,Zone B,8844,33,0.26,38.0,0.0,0,231,0.0,0.868421052631579
1579,18,2024-08-08,SP3,Sand_Plant,Zone D,8872,28,0.37,34.0,0.0,0,308,0.0,0.8235294117647058
1580,19,2024-08-08,SP3,Sand_Plant,Zone D,8898,26,0.39,36.0,0.0,0,286,0.0,0.7222222222222222
1581,20,2024-08-08,SP3,Sand_Plant,Zone D,8937,39,0.27,37.0,0.0,0,429,0.0,1.054054054054054
1582,21,2024-08-08,SP3,Sand_Plant,Zone D,8957,20,0.42,37.0,0.0,0,220,0.0,0.5405405405405406
1583,22,2024-08-08,SP3,Sand_Plant,Zone A,8983,26,0.35,35.0,0.0,0,130,0.0,0.7428571428571429
1584,23,2024-08-08,SP3,Sand_Plant,Zone A,9023,40,0.25,37.0,0.0,0,200,0.0,1.081081081081081
1585,0,2024-08-09,SP3,Sand_Plant,Zone A,9045,22,0.25,40.0,0.0,0,110,0.0,0.55
1586,1,2024-08-09,SP3,Sand_Plant,Zone A,9084,39,0.33,33.0,0.0,0,195,0.0,1.181818181818182
1587,2,2024-08-09,SP3,Sand_Plant,Zone A,9105,21,0.25,36.0,0.0,0,105,0.0,0.5833333333333334
1588,3,2024-08-09,SP3,Sand_Plant,Zone A,9126,21,0.41,32.0,0.0,0,105,0.0,0.65625
1589,4,2024-08-09,SP3,Sand_Plant,Zone A,9164,38,0.41,32.0,0.0,0,190,0.0,1.1875
1590,5,2024-08-09,SP3,Sand_Plant,Zone A,9193,29,0.38,40.0,0.0,0,145,0.0,0.725
1591,6,2024-08-09,SP3,Sand_Plant,Zone B,9220,27,0.4,34.0,0.0,0,189,0.0,0.7941176470588235
1592,7,2024-08-09,SP3,Sand_Plant,Zone B,9242,22,0.29,38.0,0.0,0,154,0.0,0.5789473684210527
1593,8,2024-08-09,SP3,Sand_Plant,Zone B,9287,45,0.22,34.0,0.0,0,315,0.0,1.323529411764706
1594,9,2024-08-09,SP3,Sand_Plant,Zone C,9329,42,0.35,40.0,0.0,0,378,0.0,1.05
1595,10,2024-08-09,SP3,Sand_Plant,Zone C,9365,36,0.42,38.0,0.0,0,324,0.0,0.9473684210526315
1596,11,2024-08-09,SP3,Sand_Plant,Zone C,9400,35,0.26,35.0,0.0,0,315,0.0,1.0
1597,12,2024-08-09,SP3,Sand_Plant,Zone B,9432,32,0.28,39.0,0.0,0,224,0.0,0.8205128205128205
1598,13,2024-08-09,SP3,Sand_Plant,Zone B,9475,43,0.43,36.0,0.0,0,301,0.0,1.194444444444444
1599,14,2024-08-09,SP3,Sand_Plant,Zone B,9508,33,0.27,32.0,0.0,0,231,0.0,1.03125
1600,15,2024-08-09,SP3,Sand_Plant,Zone B,9536,28,0.37,37.0,0.0,0,196,0.0,0.7567567567567568
1601,16,2024-08-09,SP3,Sand_Plant,Zone B,9568,32,0.36,39.0,0.0,0,224,0.0,0.8205128205128205
1602,17,2024-08-09,SP3,Sand_Plant,Zone B,9592,24,0.4,31.0,0.0,0,168,0.0,0.7741935483870968
1603,18,2024-08-09,SP3,Sand_Plant,Zone D,9614,22,0.21,38.0,0.0,0,242,0.0,0.5789473684210527
1604,19,2024-08-09,SP3,Sand_Plant,Zone D,9641,27,0.31,31.0,0.0,0,297,0.0,0.8709677419354839
1605,20,2024-08-09,SP3,Sand_Plant,Zone D,9666,25,0.27,39.0,0.0,0,275,0.0,0.6410256410256411
1606,21,2024-08-09,SP3,Sand_Plant,Zone D,9695,29,0.44,33.0,0.0,0,319,0.0,0.8787878787878788
1607,22,2024-08-09,SP3,Sand_Plant,Zone A,9728,33,0.33,38.0,0.0,0,165,0.0,0.868421052631579
1608,23,2024-08-09,SP3,Sand_Plant,Zone A,9763,35,0.25,36.0,0.0,0,175,0.0,0.9722222222222222
1609,0,2024-08-10,SP3,Sand_Plant,Zone A,9806,43,0.25,31.0,0.0,0,215,0.0,1.387096774193548
1610,1,2024-08-10,SP3,Sand_Plant,Zone A,9834,28,0.38,34.0,0.0,0,140,0.0,0.8235294117647058
1611,2,2024-08-10,SP3,Sand_Plant,Zone A,9865,31,0.43,31.0,0.0,0,155,0.0,1.0
1612,3,2024-08-10,SP3,Sand_Plant,Zone A,9900,35,0.42,39.0,0.0,0,175,0.0,0.8974358974358975
1613,4,2024-08-10,SP3,Sand_Plant,Zone A,9936,36,0.25,33.0,0.0,0,180,0.0,1.090909090909091
1614,5,2024-08-10,SP3,Sand_Plant,Zone A,9972,36,0.39,37.0,0.0,0,180,0.0,0.972972972972973
1615,6,2024-08-10,SP3,Sand_Plant,Zone B,10010,38,0.22,38.0,0.0,0,266,0.0,1.0
1616,7,2024-08-10,SP3,Sand_Plant,Zone B,10049,39,0.3,34.0,0.0,0,273,0.0,1.147058823529412
1617,8,2024-08-10,SP3,Sand_Plant,Zone B,10076,27,0.22,30.0,0.0,0,189,0.0,0.9
1618,9,2024-08-10,SP3,Sand_Plant,Zone C,10118,42,0.39,38.0,0.0,0,378,0.0,1.105263157894737
1619,10,2024-08-10,SP3,Sand_Plant,Zone C,10142,24,0.39,38.0,0.0,0,216,0.0,0.631578947368421
1620,11,2024-08-10,SP3,Sand_Plant,Zone C,10178,36,0.2,34.0,0.0,0,324,0.0,1.058823529411765
1621,12,2024-08-10,SP3,Sand_Plant,Zone B,10200,22,0.21,30.0,0.0,0,154,0.0,0.7333333333333333
1622,13,2024-08-10,SP3,Sand_Plant,Zone B,10244,44,0.28,37.0,0.0,0,308,0.0,1.189189189189189
1623,14,2024-08-10,SP3,Sand_Plant,Zone B,10267,23,0.33,34.0,0.0,0,161,0.0,0.6764705882352942
1624,15,2024-08-10,SP3,Sand_Plant,Zone B,10291,24,0.34,34.0,0.0,0,168,0.0,0.7058823529411765
1625,16,2024-08-10,SP3,Sand_Plant,Zone B,10322,31,0.21,35.0,0.0,0,217,0.0,0.8857142857142857
1626,17,2024-08-10,SP3,Sand_Plant,Zone B,10353,31,0.33,33.0,0.0,0,217,0.0,0.9393939393939394
1627,18,2024-08-10,SP3,Sand_Plant,Zone D,10392,39,0.38,40.0,0.0,0,429,0.0,0.975
1628,19,2024-08-10,SP3,Sand_Plant,Zone D,10413,21,0.26,37.0,0.0,0,231,0.0,0.5675675675675675
1629,20,2024-08-10,SP3,Sand_Plant,Zone D,10456,43,0.34,40.0,0.0,0,473,0.0,1.075
1630,21,2024-08-10,SP3,Sand_Plant,Zone D,10484,28,0.45,38.0,0.0,0,308,0.0,0.7368421052631579
1631,22,2024-08-10,SP3,Sand_Plant,Zone A,10514,30,0.29,30.0,0.0,0,150,0.0,1.0
1632,23,2024-08-10,SP3,Sand_Plant,Zone A,10537,23,0.44,34.0,0.0,0,115,0.0,0.6764705882352942
1633,0,2024-08-11,SP3,Sand_Plant,Zone A,10561,24,0.41,32.0,0.0,0,120,0.0,0.75
1634,1,2024-08-11,SP3,Sand_Plant,Zone A,10593,32,0.31,35.0,0.0,0,160,0.0,0.9142857142857143
1635,2,2024-08-11,SP3,Sand_Plant,Zone A,10637,44,0.43,32.0,0.0,0,220,0.0,1.375
1636,3,2024-08-11,SP3,Sand_Plant,Zone A,10681,44,0.41,37.0,0.0,0,220,0.0,1.189189189189189
1637,4,2024-08-11,SP3,Sand_Plant,Zone A,10713,32,0.2,33.0,0.0,0,160,0.0,0.9696969696969697
1638,5,2024-08-11,SP3,Sand_Plant,Zone A,10752,39,0.29,33.0,0.0,0,195,0.0,1.181818181818182
1639,6,2024-08-11,SP3,Sand_Plant,Zone B,10782,30,0.24,30.0,0.0,0,210,0.0,1.0
1640,7,2024-08-11,SP3,Sand_Plant,Zone B,10817,35,0.26,31.0,0.0,0,245,0.0,1.129032258064516
1641,8,2024-08-11,SP3,Sand_Plant,Zone B,10838,21,0.26,39.0,0.0,0,147,0.0,0.5384615384615384
1642,9,2024-08-11,SP3,Sand_Plant,Zone C,10867,29,0.39,37.0,0.0,0,261,0.0,0.7837837837837838
1643,10,2024-08-11,SP3,Sand_Plant,Zone C,10887,20,0.41,35.0,0.0,0,180,0.0,0.5714285714285714
1644,11,2024-08-11,SP3,Sand_Plant,Zone C,10925,38,0.25,30.0,0.0,0,342,0.0,1.266666666666667
1645,12,2024-08-11,SP3,Sand_Plant,Zone B,10947,22,0.43,36.0,0.0,0,154,0.0,0.6111111111111112
1646,13,2024-08-11,SP3,Sand_Plant,Zone B,10987,40,0.24,30.0,0.0,0,280,0.0,1.333333333333333
1647,14,2024-08-11,SP3,Sand_Plant,Zone B,11027,40,0.39,31.0,0.0,0,280,0.0,1.290322580645161
1648,15,2024-08-11,SP3,Sand_Plant,Zone B,11069,42,0.28,32.0,0.0,0,294,0.0,1.3125
1649,16,2024-08-11,SP3,Sand_Plant,Zone B,11112,43,0.29,35.0,0.0,0,301,0.0,1.228571428571429
1650,17,2024-08-11,SP3,Sand_Plant,Zone B,11157,45,0.26,38.0,0.0,0,315,0.0,1.184210526315789
1651,18,2024-08-11,SP3,Sand_Plant,Zone D,11187,30,0.23,33.0,0.0,0,330,0.0,0.9090909090909091
1652,19,2024-08-11,SP3,Sand_Plant,Zone D,11231,44,0.3,34.0,0.0,0,484,0.0,1.294117647058824
1653,20,2024-08-11,SP3,Sand_Plant,Zone D,11260,29,0.25,33.0,0.0,0,319,0.0,0.8787878787878788
1654,21,2024-08-11,SP3,Sand_Plant,Zone D,11291,31,0.41,38.0,0.0,0,341,0.0,0.8157894736842105
1655,22,2024-08-11,SP3,Sand_Plant,Zone A,11317,26,0.37,33.0,0.0,0,130,0.0,0.7878787878787878
1656,23,2024-08-11,SP3,Sand_Plant,Zone A,11340,23,0.26,36.0,0.0,0,115,0.0,0.6388888888888888
1657,0,2024-08-12,SP3,Sand_Plant,Zone A,11363,23,0.23,31.0,0.0,0,115,0.0,0.7419354838709677
1658,1,2024-08-12,SP3,Sand_Plant,Zone A,11404,41,0.39,39.0,0.0,0,205,0.0,1.051282051282051
1659,2,2024-08-12,SP3,Sand_Plant,Zone A,11447,43,0.29,30.0,0.0,0,215,0.0,1.433333333333333
1660,3,2024-08-12,SP3,Sand_Plant,Zone A,11471,24,0.2,38.0,0.0,0,120,0.0,0.631578947368421
1661,4,2024-08-12,SP3,Sand_Plant,Zone A,11512,41,0.27,30.0,0.0,0,205,0.0,1.366666666666667
1662,5,2024-08-12,SP3,Sand_Plant,Zone A,11556,44,0.23,36.0,0.0,0,220,0.0,1.222222222222222
1663,6,2024-08-12,SP3,Sand_Plant,Zone B,11600,44,0.21,37.0,0.0,0,308,0.0,1.189189189189189
1664,7,2024-08-12,SP3,Sand_Plant,Zone B,11641,41,0.23,37.0,0.0,0,287,0.0,1.108108108108108
1665,8,2024-08-12,SP3,Sand_Plant,Zone B,11664,23,0.29,30.0,0.0,0,161,0.0,0.7666666666666667
1666,9,2024-08-12,SP3,Sand_Plant,Zone C,11694,30,0.24,36.0,0.0,0,270,0.0,0.8333333333333334
1667,10,2024-08-12,SP3,Sand_Plant,Zone C,11732,38,0.28,36.0,0.0,0,342,0.0,1.055555555555556
1668,11,2024-08-12,SP3,Sand_Plant,Zone C,11774,42,0.31,31.0,0.0,0,378,0.0,1.354838709677419
1669,12,2024-08-12,SP3,Sand_Plant,Zone B,11796,22,0.4,35.0,0.0,0,154,0.0,0.6285714285714286
1670,13,2024-08-12,SP3,Sand_Plant,Zone B,11831,35,0.29,37.0,0.0,0,245,0.0,0.9459459459459459
1671,14,2024-08-12,SP3,Sand_Plant,Zone B,11866,35,0.3,33.0,0.0,0,245,0.0,1.060606060606061
1672,15,2024-08-12,SP3,Sand_Plant,Zone B,11894,28,0.25,36.0,0.0,0,196,0.0,0.7777777777777778
1673,16,2024-08-12,SP3,Sand_Plant,Zone B,11933,39,0.26,40.0,0.0,0,273,0.0,0.975
1674,17,2024-08-12,SP3,Sand_Plant,Zone B,11955,22,0.41,33.0,0.0,0,154,0.0,0.6666666666666666
1675,18,2024-08-12,SP3,Sand_Plant,Zone D,11988,33,0.44,39.0,0.0,0,363,0.0,0.8461538461538461
1676,19,2024-08-12,SP3,Sand_Plant,Zone D,12023,35,0.27,32.0,0.0,0,385,0.0,1.09375
1677,20,2024-08-12,SP3,Sand_Plant,Zone D,12055,32,0.42,38.0,0.0,0,352,0.0,0.8421052631578947
1678,21,2024-08-12,SP3,Sand_Plant,Zone D,12087,32,0.21,32.0,0.0,0,352,0.0,1.0
1679,22,2024-08-12,SP3,Sand_Plant,Zone A,12119,32,0.39,40.0,0.0,0,160,0.0,0.8
1680,23,2024-08-12,SP3,Sand_Plant,Zone A,12158,39,0.29,38.0,0.0,0,195,0.0,1.026315789473684
1681,0,2024-07-30,SB1,Shot_Blasting,Zone A,1126,150,0.82,76.0,0.0,0,750,0.0,1.973684210526316
1682,1,2024-07-30,SB1,Shot_Blasting,Zone A,1276,150,0.8,79.0,0.0,0,750,0.0,1.89873417721519
1683,2,2024-07-30,SB1,Shot_Blasting,Zone A,1434,158,0.76,78.0,0.0,0,790,0.0,2.025641025641026
1684,3,2024-07-30,SB1,Shot_Blasting,Zone A,1584,150,0.82,74.0,0.0,0,750,0.0,2.027027027027027
1685,4,2024-07-30,SB1,Shot_Blasting,Zone A,1747,163,0.8,76.0,0.0,0,815,0.0,2.144736842105263
1686,5,2024-07-30,SB1,Shot_Blasting,Zone A,1912,165,0.82,76.0,0.0,0,825,0.0,2.171052631578947
1687,6,2024-07-30,SB1,Shot_Blasting,Zone B,2064,152,0.79,74.0,0.0,0,1064,0.0,2.054054054054054
1688,7,2024-07-30,SB1,Shot_Blasting,Zone B,2225,161,0.76,77.0,0.0,0,1127,0.0,2.090909090909091
1689,8,2024-07-30,SB1,Shot_Blasting,Zone B,2375,150,0.76,74.0,0.0,0,1050,0.0,2.027027027027027
1690,9,2024-07-30,SB1,Shot_Blasting,Zone C,2533,158,0.8,74.0,0.0,0,1422,0.0,2.135135135135135
1691,10,2024-07-30,SB1,Shot_Blasting,Zone C,2689,156,0.76,76.0,0.0,0,1404,0.0,2.052631578947369
1692,11,2024-07-30,SB1,Shot_Blasting,Zone C,2856,167,0.84,79.0,0.0,0,1503,0.0,2.113924050632912
1693,12,2024-07-30,SB1,Shot_Blasting,Zone B,3026,170,0.75,71.0,0.0,0,1190,0.0,2.394366197183099
1694,13,2024-07-30,SB1,Shot_Blasting,Zone B,3192,166,0.82,75.0,0.0,0,1162,0.0,2.213333333333333
1695,14,2024-07-30,SB1,Shot_Blasting,Zone B,3359,167,0.76,78.0,0.0,0,1169,0.0,2.141025641025641
1696,15,2024-07-30,SB1,Shot_Blasting,Zone B,3510,151,0.84,80.0,0.0,0,1057,0.0,1.8875
1697,16,2024-07-30,SB1,Shot_Blasting,Zone B,3678,168,0.85,74.0,0.0,0,1176,0.0,2.27027027027027
1698,17,2024-07-30,SB1,Shot_Blasting,Zone B,3828,150,0.79,78.0,0.0,0,1050,0.0,1.923076923076923
1699,18,2024-07-30,SB1,Shot_Blasting,Zone D,3993,165,0.81,76.0,0.0,0,1815,0.0,2.171052631578947
1700,19,2024-07-30,SB1,Shot_Blasting,Zone D,4156,163,0.79,71.0,0.0,0,1793,0.0,2.295774647887324
1701,20,2024-07-30,SB1,Shot_Blasting,Zone D,4314,158,0.78,78.0,0.0,0,1738,0.0,2.025641025641026
1702,21,2024-07-30,SB1,Shot_Blasting,Zone D,4481,167,0.75,72.0,0.0,0,1837,0.0,2.319444444444445
1703,22,2024-07-30,SB1,Shot_Blasting,Zone A,4634,153,0.78,77.0,0.0,0,765,0.0,1.987012987012987
1704,23,2024-07-30,SB1,Shot_Blasting,Zone A,4788,154,0.8,71.0,0.0,0,770,0.0,2.169014084507042
1705,0,2024-07-31,SB1,Shot_Blasting,Zone A,4951,163,0.82,75.0,0.0,0,815,0.0,2.173333333333333
1706,1,2024-07-31,SB1,Shot_Blasting,Zone A,5115,164,0.76,76.0,0.0,0,820,0.0,2.157894736842105
1707,2,2024-07-31,SB1,Shot_Blasting,Zone A,5275,160,0.76,79.0,0.0,0,800,0.0,2.025316455696203
1708,3,2024-07-31,SB1,Shot_Blasting,Zone A,5426,151,0.76,78.0,0.0,0,755,0.0,1.935897435897436
1709,4,2024-07-31,SB1,Shot_Blasting,Zone A,5586,160,0.76,76.0,0.0,0,800,0.0,2.105263157894737
1710,5,2024-07-31,SB1,Shot_Blasting,Zone A,5738,152,0.79,71.0,0.0,0,760,0.0,2.140845070422535
1711,6,2024-07-31,SB1,Shot_Blasting,Zone B,5889,151,0.82,80.0,0.0,0,1057,0.0,1.8875
1712,7,2024-07-31,SB1,Shot_Blasting,Zone B,6050,161,0.85,73.0,0.0,0,1127,0.0,2.205479452054794
1713,8,2024-07-31,SB1,Shot_Blasting,Zone B,6203,153,0.84,72.0,0.0,0,1071,0.0,2.125
1714,9,2024-07-31,SB1,Shot_Blasting,Zone C,6360,157,0.8,74.0,0.0,0,1413,0.0,2.121621621621621
1715,10,2024-07-31,SB1,Shot_Blasting,Zone C,6519,159,0.82,79.0,0.0,0,1431,0.0,2.012658227848101
1716,11,2024-07-31,SB1,Shot_Blasting,Zone C,6685,166,0.79,76.0,0.0,0,1494,0.0,2.184210526315789
1717,12,2024-07-31,SB1,Shot_Blasting,Zone B,6836,151,0.83,80.0,0.0,0,1057,0.0,1.8875
1718,13,2024-07-31,SB1,Shot_Blasting,Zone B,7006,170,0.8,79.0,0.0,0,1190,0.0,2.151898734177215
1719,14,2024-07-31,SB1,Shot_Blasting,Zone B,7165,159,0.85,76.0,0.0,0,1113,0.0,2.092105263157895
1720,15,2024-07-31,SB1,Shot_Blasting,Zone B,7330,165,0.76,76.0,0.0,0,1155,0.0,2.171052631578947
1721,16,2024-07-31,SB1,Shot_Blasting,Zone B,7492,162,0.79,74.0,0.0,0,1134,0.0,2.189189189189189
1722,17,2024-07-31,SB1,Shot_Blasting,Zone B,7660,168,0.77,71.0,0.0,0,1176,0.0,2.366197183098592
1723,18,2024-07-31,SB1,Shot_Blasting,Zone D,7826,166,0.82,72.0,0.0,0,1826,0.0,2.305555555555555
1724,19,2024-07-31,SB1,Shot_Blasting,Zone D,7994,168,0.83,71.0,0.0,0,1848,0.0,2.366197183098592
1725,20,2024-07-31,SB1,Shot_Blasting,Zone D,8149,155,0.78,71.0,0.0,0,1705,0.0,2.183098591549296
1726,21,2024-07-31,SB1,Shot_Blasting,Zone D,8309,160,0.84,77.0,0.0,0,1760,0.0,2.077922077922078
1727,22,2024-07-31,SB1,Shot_Blasting,Zone A,8464,155,0.81,78.0,0.0,0,775,0.0,1.987179487179487
1728,23,2024-07-31,SB1,Shot_Blasting,Zone A,8626,162,0.84,73.0,0.0,0,810,0.0,2.219178082191781
1729,0,2024-08-01,SB1,Shot_Blasting,Zone A,8791,165,0.81,77.0,0.0,0,825,0.0,2.142857142857143
1730,1,2024-08-01,SB1,Shot_Blasting,Zone A,8955,164,0.77,75.0,0.0,0,820,0.0,2.186666666666667
1731,2,2024-08-01,SB1,Shot_Blasting,Zone A,9114,159,0.77,70.0,0.0,0,795,0.0,2.271428571428571
1732,3,2024-08-01,SB1,Shot_Blasting,Zone A,9267,153,0.78,73.0,0.0,0,765,0.0,2.095890410958904
1733,4,2024-08-01,SB1,Shot_Blasting,Zone A,9426,159,0.82,75.0,0.0,0,795,0.0,2.12
1734,5,2024-08-01,SB1,Shot_Blasting,Zone A,9590,164,0.76,75.0,0.0,0,820,0.0,2.186666666666667
1735,6,2024-08-01,SB1,Shot_Blasting,Zone B,9756,166,0.8,74.0,0.0,0,1162,0.0,2.243243243243243
1736,7,2024-08-01,SB1,Shot_Blasting,Zone B,9923,167,0.76,80.0,0.0,0,1169,0.0,2.0875
1737,8,2024-08-01,SB1,Shot_Blasting,Zone B,10085,162,0.83,70.0,0.0,0,1134,0.0,2.314285714285715
1738,9,2024-08-01,SB1,Shot_Blasting,Zone C,10251,166,0.84,70.0,0.0,0,1494,0.0,2.371428571428571
1739,10,2024-08-01,SB1,Shot_Blasting,Zone C,10417,166,0.8,72.0,0.0,0,1494,0.0,2.305555555555555
1740,11,2024-08-01,SB1,Shot_Blasting,Zone C,10580,163,0.8,71.0,0.0,0,1467,0.0,2.295774647887324
1741,12,2024-08-01,SB1,Shot_Blasting,Zone B,10744,164,0.75,74.0,0.0,0,1148,0.0,2.216216216216216
1742,13,2024-08-01,SB1,Shot_Blasting,Zone B,10909,165,0.84,75.0,0.0,0,1155,0.0,2.2
1743,14,2024-08-01,SB1,Shot_Blasting,Zone B,11064,155,0.79,74.0,0.0,0,1085,0.0,2.094594594594595
1744,15,2024-08-01,SB1,Shot_Blasting,Zone B,11222,158,0.85,70.0,0.0,0,1106,0.0,2.257142857142857
1745,16,2024-08-01,SB1,Shot_Blasting,Zone B,11380,158,0.84,74.0,0.0,0,1106,0.0,2.135135135135135
1746,17,2024-08-01,SB1,Shot_Blasting,Zone B,11546,166,0.78,78.0,0.0,0,1162,0.0,2.128205128205128
1747,18,2024-08-01,SB1,Shot_Blasting,Zone D,11696,150,0.84,74.0,0.0,0,1650,0.0,2.027027027027027
1748,19,2024-08-01,SB1,Shot_Blasting,Zone D,11850,154,0.83,77.0,0.0,0,1694,0.0,2.0
1749,20,2024-08-01,SB1,Shot_Blasting,Zone D,12008,158,0.75,73.0,0.0,0,1738,0.0,2.164383561643836
1750,21,2024-08-01,SB1,Shot_Blasting,Zone D,12167,159,0.8,76.0,0.0,0,1749,0.0,2.092105263157895
1751,22,2024-08-01,SB1,Shot_Blasting,Zone A,12327,160,0.76,77.0,0.0,0,800,0.0,2.077922077922078
1752,23,2024-08-01,SB1,Shot_Blasting,Zone A,12477,150,0.78,73.0,0.0,0,750,0.0,2.054794520547945
1753,0,2024-08-02,SB1,Shot_Blasting,Zone A,12636,159,0.82,79.0,0.0,0,795,0.0,2.012658227848101
1754,1,2024-08-02,SB1,Shot_Blasting,Zone A,12798,162,0.85,75.0,0.0,0,810,0.0,2.16
1755,2,2024-08-02,SB1,Shot_Blasting,Zone A,12959,161,0.85,80.0,0.0,0,805,0.0,2.0125
1756,3,2024-08-02,SB1,Shot_Blasting,Zone A,13123,164,0.82,78.0,0.0,0,820,0.0,2.102564102564103
1757,4,2024-08-02,SB1,Shot_Blasting,Zone A,13288,165,0.83,79.0,0.0,0,825,0.0,2.088607594936709
1758,5,2024-08-02,SB1,Shot_Blasting,Zone A,13455,167,0.84,72.0,0.0,0,835,0.0,2.319444444444445
1759,6,2024-08-02,SB1,Shot_Blasting,Zone B,13618,163,0.85,79.0,0.0,0,1141,0.0,2.063291139240506
1760,7,2024-08-02,SB1,Shot_Blasting,Zone B,13778,160,0.81,77.0,0.0,0,1120,0.0,2.077922077922078
1761,8,2024-08-02,SB1,Shot_Blasting,Zone B,13939,161,0.85,76.0,0.0,0,1127,0.0,2.118421052631579
1762,9,2024-08-02,SB1,Shot_Blasting,Zone C,14098,159,0.82,78.0,0.0,0,1431,0.0,2.038461538461538
1763,10,2024-08-02,SB1,Shot_Blasting,Zone C,14256,158,0.8,72.0,0.0,0,1422,0.0,2.194444444444445
1764,11,2024-08-02,SB1,Shot_Blasting,Zone C,14411,155,0.76,79.0,0.0,0,1395,0.0,1.962025316455696
1765,12,2024-08-02,SB1,Shot_Blasting,Zone B,14564,153,0.77,80.0,0.0,0,1071,0.0,1.9125
1766,13,2024-08-02,SB1,Shot_Blasting,Zone B,14729,165,0.78,72.0,0.0,0,1155,0.0,2.291666666666667
1767,14,2024-08-02,SB1,Shot_Blasting,Zone B,14890,161,0.84,71.0,0.0,0,1127,0.0,2.267605633802817
1768,15,2024-08-02,SB1,Shot_Blasting,Zone B,15043,153,0.85,73.0,0.0,0,1071,0.0,2.095890410958904
1769,16,2024-08-02,SB1,Shot_Blasting,Zone B,15210,167,0.83,78.0,0.0,0,1169,0.0,2.141025641025641
1770,17,2024-08-02,SB1,Shot_Blasting,Zone B,15377,167,0.76,71.0,0.0,0,1169,0.0,2.352112676056338
1771,18,2024-08-02,SB1,Shot_Blasting,Zone D,15537,160,0.78,71.0,0.0,0,1760,0.0,2.253521126760563
1772,19,2024-08-02,SB1,Shot_Blasting,Zone D,15698,161,0.78,72.0,0.0,0,1771,0.0,2.236111111111111
1773,20,2024-08-02,SB1,Shot_Blasting,Zone D,15858,160,0.81,76.0,0.0,0,1760,0.0,2.105263157894737
1774,21,2024-08-02,SB1,Shot_Blasting,Zone D,16028,170,0.83,80.0,0.0,0,1870,0.0,2.125
1775,22,2024-08-02,SB1,Shot_Blasting,Zone A,16189,161,0.82,70.0,0.0,0,805,0.0,2.3
1776,23,2024-08-02,SB1,Shot_Blasting,Zone A,16358,169,0.8,71.0,0.0,0,845,0.0,2.380281690140845
1777,0,2024-08-03,SB1,Shot_Blasting,Zone A,16508,150,0.79,71.0,0.0,0,750,0.0,2.112676056338028
1778,1,2024-08-03,SB1,Shot_Blasting,Zone A,16670,162,0.77,78.0,0.0,0,810,0.0,2.076923076923077
1779,2,2024-08-03,SB1,Shot_Blasting,Zone A,16826,156,0.84,73.0,0.0,0,780,0.0,2.136986301369863
1780,3,2024-08-03,SB1,Shot_Blasting,Zone A,16986,160,0.75,73.0,0.0,0,800,0.0,2.191780821917808
1781,4,2024-08-03,SB1,Shot_Blasting,Zone A,17139,153,0.79,78.0,0.0,0,765,0.0,1.961538461538461
1782,5,2024-08-03,SB1,Shot_Blasting,Zone A,17289,150,0.82,80.0,0.0,0,750,0.0,1.875
1783,6,2024-08-03,SB1,Shot_Blasting,Zone B,17441,152,0.81,72.0,0.0,0,1064,0.0,2.111111111111111
1784,7,2024-08-03,SB1,Shot_Blasting,Zone B,17609,168,0.81,72.0,0.0,0,1176,0.0,2.333333333333333
1785,8,2024-08-03,SB1,Shot_Blasting,Zone B,17767,158,0.85,71.0,0.0,0,1106,0.0,2.225352112676056
1786,9,2024-08-03,SB1,Shot_Blasting,Zone C,17927,160,0.84,78.0,0.0,0,1440,0.0,2.051282051282051
1787,10,2024-08-03,SB1,Shot_Blasting,Zone C,18086,159,0.78,71.0,0.0,0,1431,0.0,2.23943661971831
1788,11,2024-08-03,SB1,Shot_Blasting,Zone C,18256,170,0.81,78.0,0.0,0,1530,0.0,2.179487179487179
1789,12,2024-08-03,SB1,Shot_Blasting,Zone B,18419,163,0.8,73.0,0.0,0,1141,0.0,2.232876712328767
1790,13,2024-08-03,SB1,Shot_Blasting,Zone B,18589,170,0.76,75.0,0.0,0,1190,0.0,2.266666666666667
1791,14,2024-08-03,SB1,Shot_Blasting,Zone B,18746,157,0.84,72.0,0.0,0,1099,0.0,2.180555555555555
1792,15,2024-08-03,SB1,Shot_Blasting,Zone B,18904,158,0.84,76.0,0.0,0,1106,0.0,2.078947368421053
1793,16,2024-08-03,SB1,Shot_Blasting,Zone B,19072,168,0.75,70.0,0.0,0,1176,0.0,2.4
1794,17,2024-08-03,SB1,Shot_Blasting,Zone B,19227,155,0.84,78.0,0.0,0,1085,0.0,1.987179487179487
1795,18,2024-08-03,SB1,Shot_Blasting,Zone D,19386,159,0.76,72.0,0.0,0,1749,0.0,2.208333333333333
1796,19,2024-08-03,SB1,Shot_Blasting,Zone D,19547,161,0.84,74.0,0.0,0,1771,0.0,2.175675675675676
1797,20,2024-08-03,SB1,Shot_Blasting,Zone D,19707,160,0.8,75.0,0.0,0,1760,0.0,2.133333333333333
1798,21,2024-08-03,SB1,Shot_Blasting,Zone D,19871,164,0.79,71.0,0.0,0,1804,0.0,2.309859154929577
1799,22,2024-08-03,SB1,Shot_Blasting,Zone A,20026,155,0.76,72.0,0.0,0,775,0.0,2.152777777777778
1800,23,2024-08-03,SB1,Shot_Blasting,Zone A,20182,156,0.83,71.0,0.0,0,780,0.0,2.197183098591549
1801,0,2024-08-04,SB1,Shot_Blasting,Zone A,20339,157,0.84,70.0,0.0,0,785,0.0,2.242857142857143
1802,1,2024-08-04,SB1,Shot_Blasting,Zone A,20504,165,0.78,74.0,0.0,0,825,0.0,2.22972972972973
1803,2,2024-08-04,SB1,Shot_Blasting,Zone A,20664,160,0.84,80.0,0.0,0,800,0.0,2.0
1804,3,2024-08-04,SB1,Shot_Blasting,Zone A,20814,150,0.84,79.0,0.0,0,750,0.0,1.89873417721519
1805,4,2024-08-04,SB1,Shot_Blasting,Zone A,20965,151,0.81,79.0,0.0,0,755,0.0,1.911392405063291
1806,5,2024-08-04,SB1,Shot_Blasting,Zone A,21134,169,0.82,80.0,0.0,0,845,0.0,2.1125
1807,6,2024-08-04,SB1,Shot_Blasting,Zone B,21285,151,0.84,77.0,0.0,0,1057,0.0,1.961038961038961
1808,7,2024-08-04,SB1,Shot_Blasting,Zone B,21441,156,0.76,79.0,0.0,0,1092,0.0,1.974683544303798
1809,8,2024-08-04,SB1,Shot_Blasting,Zone B,21609,168,0.82,78.0,0.0,0,1176,0.0,2.153846153846154
1810,9,2024-08-04,SB1,Shot_Blasting,Zone C,21769,160,0.85,78.0,0.0,0,1440,0.0,2.051282051282051
1811,10,2024-08-04,SB1,Shot_Blasting,Zone C,21930,161,0.81,70.0,0.0,0,1449,0.0,2.3
1812,11,2024-08-04,SB1,Shot_Blasting,Zone C,22088,158,0.79,71.0,0.0,0,1422,0.0,2.225352112676056
1813,12,2024-08-04,SB1,Shot_Blasting,Zone B,22248,160,0.78,80.0,0.0,0,1120,0.0,2.0
1814,13,2024-08-04,SB1,Shot_Blasting,Zone B,22401,153,0.75,79.0,0.0,0,1071,0.0,1.936708860759494
1815,14,2024-08-04,SB1,Shot_Blasting,Zone B,22556,155,0.84,78.0,0.0,0,1085,0.0,1.987179487179487
1816,15,2024-08-04,SB1,Shot_Blasting,Zone B,22714,158,0.79,71.0,0.0,0,1106,0.0,2.225352112676056
1817,16,2024-08-04,SB1,Shot_Blasting,Zone B,22870,156,0.84,72.0,0.0,0,1092,0.0,2.166666666666667
1818,17,2024-08-04,SB1,Shot_Blasting,Zone B,23022,152,0.8,74.0,0.0,0,1064,0.0,2.054054054054054
1819,18,2024-08-04,SB1,Shot_Blasting,Zone D,23192,170,0.83,75.0,0.0,0,1870,0.0,2.266666666666667
1820,19,2024-08-04,SB1,Shot_Blasting,Zone D,23355,163,0.79,80.0,0.0,0,1793,0.0,2.0375
1821,20,2024-08-04,SB1,Shot_Blasting,Zone D,23513,158,0.82,78.0,0.0,0,1738,0.0,2.025641025641026
1822,21,2024-08-04,SB1,Shot_Blasting,Zone D,23664,151,0.8,77.0,0.0,0,1661,0.0,1.961038961038961
1823,22,2024-08-04,SB1,Shot_Blasting,Zone A,23829,165,0.81,77.0,0.0,0,825,0.0,2.142857142857143
1824,23,2024-08-04,SB1,Shot_Blasting,Zone A,23991,162,0.82,74.0,0.0,0,810,0.0,2.189189189189189
1825,0,2024-08-05,SB1,Shot_Blasting,Zone A,24155,164,0.85,72.0,0.0,0,820,0.0,2.277777777777778
1826,1,2024-08-05,SB1,Shot_Blasting,Zone A,24305,150,0.77,72.0,0.0,0,750,0.0,2.083333333333333
1827,2,2024-08-05,SB1,Shot_Blasting,Zone A,24463,158,0.85,70.0,0.0,0,790,0.0,2.257142857142857
1828,3,2024-08-05,SB1,Shot_Blasting,Zone A,24620,157,0.84,80.0,0.0,0,785,0.0,1.9625
1829,4,2024-08-05,SB1,Shot_Blasting,Zone A,24776,156,0.84,76.0,0.0,0,780,0.0,2.052631578947369
1830,5,2024-08-05,SB1,Shot_Blasting,Zone A,24944,168,0.81,74.0,0.0,0,840,0.0,2.27027027027027
1831,6,2024-08-05,SB1,Shot_Blasting,Zone B,25107,163,0.8,74.0,0.0,0,1141,0.0,2.202702702702703
1832,7,2024-08-05,SB1,Shot_Blasting,Zone B,25263,156,0.75,74.0,0.0,0,1092,0.0,2.108108108108108
1833,8,2024-08-05,SB1,Shot_Blasting,Zone B,25420,157,0.8,78.0,0.0,0,1099,0.0,2.012820512820513
1834,9,2024-08-05,SB1,Shot_Blasting,Zone C,25571,151,0.84,74.0,0.0,0,1359,0.0,2.04054054054054
1835,10,2024-08-05,SB1,Shot_Blasting,Zone C,25730,159,0.81,71.0,0.0,0,1431,0.0,2.23943661971831
1836,11,2024-08-05,SB1,Shot_Blasting,Zone C,25887,157,0.79,77.0,0.0,0,1413,0.0,2.038961038961039
1837,12,2024-08-05,SB1,Shot_Blasting,Zone B,26044,157,0.8,77.0,0.0,0,1099,0.0,2.038961038961039
1838,13,2024-08-05,SB1,Shot_Blasting,Zone B,26209,165,0.83,75.0,0.0,0,1155,0.0,2.2
1839,14,2024-08-05,SB1,Shot_Blasting,Zone B,26378,169,0.83,70.0,0.0,0,1183,0.0,2.414285714285714
1840,15,2024-08-05,SB1,Shot_Blasting,Zone B,26530,152,0.83,70.0,0.0,0,1064,0.0,2.171428571428571
1841,16,2024-08-05,SB1,Shot_Blasting,Zone B,26699,169,0.81,74.0,0.0,0,1183,0.0,2.283783783783784
1842,17,2024-08-05,SB1,Shot_Blasting,Zone B,26849,150,0.83,71.0,0.0,0,1050,0.0,2.112676056338028
1843,18,2024-08-05,SB1,Shot_Blasting,Zone D,27010,161,0.84,74.0,0.0,0,1771,0.0,2.175675675675676
1844,19,2024-08-05,SB1,Shot_Blasting,Zone D,27174,164,0.81,70.0,0.0,0,1804,0.0,2.342857142857143
1845,20,2024-08-05,SB1,Shot_Blasting,Zone D,27337,163,0.76,80.0,0.0,0,1793,0.0,2.0375
1846,21,2024-08-05,SB1,Shot_Blasting,Zone D,27494,157,0.79,71.0,0.0,0,1727,0.0,2.211267605633803
1847,22,2024-08-05,SB1,Shot_Blasting,Zone A,27649,155,0.83,76.0,0.0,0,775,0.0,2.039473684210526
1848,23,2024-08-05,SB1,Shot_Blasting,Zone A,27800,151,0.81,80.0,0.0,0,755,0.0,1.8875
1849,0,2024-08-06,SB1,Shot_Blasting,Zone A,27951,151,0.77,70.0,0.0,0,755,0.0,2.157142857142857
1850,1,2024-08-06,SB1,Shot_Blasting,Zone A,28120,169,0.83,77.0,0.0,0,845,0.0,2.194805194805195
1851,2,2024-08-06,SB1,Shot_Blasting,Zone A,28287,167,0.78,71.0,0.0,0,835,0.0,2.352112676056338
1852,3,2024-08-06,SB1,Shot_Blasting,Zone A,28451,164,0.83,78.0,0.0,0,820,0.0,2.102564102564103
1853,4,2024-08-06,SB1,Shot_Blasting,Zone A,28607,156,0.85,74.0,0.0,0,780,0.0,2.108108108108108
1854,5,2024-08-06,SB1,Shot_Blasting,Zone A,28772,165,0.77,73.0,0.0,0,825,0.0,2.26027397260274
1855,6,2024-08-06,SB1,Shot_Blasting,Zone B,28938,166,0.75,80.0,0.0,0,1162,0.0,2.075
1856,7,2024-08-06,SB1,Shot_Blasting,Zone B,29096,158,0.76,74.0,0.0,0,1106,0.0,2.135135135135135
1857,8,2024-08-06,SB1,Shot_Blasting,Zone B,29255,159,0.78,78.0,0.0,0,1113,0.0,2.038461538461538
1858,9,2024-08-06,SB1,Shot_Blasting,Zone C,29415,160,0.81,77.0,0.0,0,1440,0.0,2.077922077922078
1859,10,2024-08-06,SB1,Shot_Blasting,Zone C,29572,157,0.76,79.0,0.0,0,1413,0.0,1.987341772151899
1860,11,2024-08-06,SB1,Shot_Blasting,Zone C,29735,163,0.83,77.0,0.0,0,1467,0.0,2.116883116883117
1861,12,2024-08-06,SB1,Shot_Blasting,Zone B,29899,164,0.78,72.0,0.0,0,1148,0.0,2.277777777777778
1862,13,2024-08-06,SB1,Shot_Blasting,Zone B,30052,153,0.77,75.0,0.0,0,1071,0.0,2.04
1863,14,2024-08-06,SB1,Shot_Blasting,Zone B,30210,158,0.79,78.0,0.0,0,1106,0.0,2.025641025641026
1864,15,2024-08-06,SB1,Shot_Blasting,Zone B,30362,152,0.8,77.0,0.0,0,1064,0.0,1.974025974025974
1865,16,2024-08-06,SB1,Shot_Blasting,Zone B,30526,164,0.77,74.0,0.0,0,1148,0.0,2.216216216216216
1866,17,2024-08-06,SB1,Shot_Blasting,Zone B,30677,151,0.75,75.0,0.0,0,1057,0.0,2.013333333333333
1867,18,2024-08-06,SB1,Shot_Blasting,Zone D,30844,167,0.81,76.0,0.0,0,1837,0.0,2.197368421052631
1868,19,2024-08-06,SB1,Shot_Blasting,Zone D,30997,153,0.8,71.0,0.0,0,1683,0.0,2.154929577464789
1869,20,2024-08-06,SB1,Shot_Blasting,Zone D,31156,159,0.8,72.0,0.0,0,1749,0.0,2.208333333333333
1870,21,2024-08-06,SB1,Shot_Blasting,Zone D,31322,166,0.78,77.0,0.0,0,1826,0.0,2.155844155844156
1871,22,2024-08-06,SB1,Shot_Blasting,Zone A,31492,170,0.78,70.0,0.0,0,850,0.0,2.428571428571428
1872,23,2024-08-06,SB1,Shot_Blasting,Zone A,31657,165,0.81,74.0,0.0,0,825,0.0,2.22972972972973
1873,0,2024-08-07,SB1,Shot_Blasting,Zone A,31811,154,0.79,76.0,0.0,0,770,0.0,2.026315789473684
1874,1,2024-08-07,SB1,Shot_Blasting,Zone A,31967,156,0.81,79.0,0.0,0,780,0.0,1.974683544303798
1875,2,2024-08-07,SB1,Shot_Blasting,Zone A,32126,159,0.78,70.0,0.0,0,795,0.0,2.271428571428571
1876,3,2024-08-07,SB1,Shot_Blasting,Zone A,32278,152,0.8,73.0,0.0,0,760,0.0,2.082191780821918
1877,4,2024-08-07,SB1,Shot_Blasting,Zone A,32443,165,0.77,78.0,0.0,0,825,0.0,2.115384615384615
1878,5,2024-08-07,SB1,Shot_Blasting,Zone A,32596,153,0.79,79.0,0.0,0,765,0.0,1.936708860759494
1879,6,2024-08-07,SB1,Shot_Blasting,Zone B,32751,155,0.82,70.0,0.0,0,1085,0.0,2.214285714285714
1880,7,2024-08-07,SB1,Shot_Blasting,Zone B,32920,169,0.77,73.0,0.0,0,1183,0.0,2.315068493150685
1881,8,2024-08-07,SB1,Shot_Blasting,Zone B,33085,165,0.84,74.0,0.0,0,1155,0.0,2.22972972972973
1882,9,2024-08-07,SB1,Shot_Blasting,Zone C,33247,162,0.84,77.0,0.0,0,1458,0.0,2.103896103896104
1883,10,2024-08-07,SB1,Shot_Blasting,Zone C,33415,168,0.78,70.0,0.0,0,1512,0.0,2.4
1884,11,2024-08-07,SB1,Shot_Blasting,Zone C,33577,162,0.79,71.0,0.0,0,1458,0.0,2.28169014084507
1885,12,2024-08-07,SB1,Shot_Blasting,Zone B,33744,167,0.83,73.0,0.0,0,1169,0.0,2.287671232876712
1886,13,2024-08-07,SB1,Shot_Blasting,Zone B,33904,160,0.78,71.0,0.0,0,1120,0.0,2.253521126760563
1887,14,2024-08-07,SB1,Shot_Blasting,Zone B,34056,152,0.78,79.0,0.0,0,1064,0.0,1.924050632911392
1888,15,2024-08-07,SB1,Shot_Blasting,Zone B,34207,151,0.83,77.0,0.0,0,1057,0.0,1.961038961038961
1889,16,2024-08-07,SB1,Shot_Blasting,Zone B,34357,150,0.8,78.0,0.0,0,1050,0.0,1.923076923076923
1890,17,2024-08-07,SB1,Shot_Blasting,Zone B,34510,153,0.82,70.0,0.0,0,1071,0.0,2.185714285714285
1891,18,2024-08-07,SB1,Shot_Blasting,Zone D,34670,160,0.84,74.0,0.0,0,1760,0.0,2.162162162162162
1892,19,2024-08-07,SB1,Shot_Blasting,Zone D,34829,159,0.84,79.0,0.0,0,1749,0.0,2.012658227848101
1893,20,2024-08-07,SB1,Shot_Blasting,Zone D,34983,154,0.81,74.0,0.0,0,1694,0.0,2.081081081081081
1894,21,2024-08-07,SB1,Shot_Blasting,Zone D,35133,150,0.76,78.0,0.0,0,1650,0.0,1.923076923076923
1895,22,2024-08-07,SB1,Shot_Blasting,Zone A,35287,154,0.76,77.0,0.0,0,770,0.0,2.0
1896,23,2024-08-07,SB1,Shot_Blasting,Zone A,35450,163,0.85,77.0,0.0,0,815,0.0,2.116883116883117
1897,0,2024-08-08,SB1,Shot_Blasting,Zone A,35608,158,0.79,76.0,0.0,0,790,0.0,2.078947368421053
1898,1,2024-08-08,SB1,Shot_Blasting,Zone A,35770,162,0.8,79.0,0.0,0,810,0.0,2.050632911392405
1899,2,2024-08-08,SB1,Shot_Blasting,Zone A,35929,159,0.85,70.0,0.0,0,795,0.0,2.271428571428571
1900,3,2024-08-08,SB1,Shot_Blasting,Zone A,36089,160,0.82,79.0,0.0,0,800,0.0,2.025316455696203
1901,4,2024-08-08,SB1,Shot_Blasting,Zone A,36239,150,0.84,73.0,0.0,0,750,0.0,2.054794520547945
1902,5,2024-08-08,SB1,Shot_Blasting,Zone A,36396,157,0.81,74.0,0.0,0,785,0.0,2.121621621621621
1903,6,2024-08-08,SB1,Shot_Blasting,Zone B,36557,161,0.76,72.0,0.0,0,1127,0.0,2.236111111111111
1904,7,2024-08-08,SB1,Shot_Blasting,Zone B,36714,157,0.82,76.0,0.0,0,1099,0.0,2.065789473684211
1905,8,2024-08-08,SB1,Shot_Blasting,Zone B,36877,163,0.76,77.0,0.0,0,1141,0.0,2.116883116883117
1906,9,2024-08-08,SB1,Shot_Blasting,Zone C,37040,163,0.84,75.0,0.0,0,1467,0.0,2.173333333333333
1907,10,2024-08-08,SB1,Shot_Blasting,Zone C,37203,163,0.8,80.0,0.0,0,1467,0.0,2.0375
1908,11,2024-08-08,SB1,Shot_Blasting,Zone C,37373,170,0.81,79.0,0.0,0,1530,0.0,2.151898734177215
1909,12,2024-08-08,SB1,Shot_Blasting,Zone B,37523,150,0.84,79.0,0.0,0,1050,0.0,1.89873417721519
1910,13,2024-08-08,SB1,Shot_Blasting,Zone B,37679,156,0.76,73.0,0.0,0,1092,0.0,2.136986301369863
1911,14,2024-08-08,SB1,Shot_Blasting,Zone B,37838,159,0.82,76.0,0.0,0,1113,0.0,2.092105263157895
1912,15,2024-08-08,SB1,Shot_Blasting,Zone B,37994,156,0.83,70.0,0.0,0,1092,0.0,2.228571428571429
1913,16,2024-08-08,SB1,Shot_Blasting,Zone B,38146,152,0.78,72.0,0.0,0,1064,0.0,2.111111111111111
1914,17,2024-08-08,SB1,Shot_Blasting,Zone B,38300,154,0.77,70.0,0.0,0,1078,0.0,2.2
1915,18,2024-08-08,SB1,Shot_Blasting,Zone D,38470,170,0.8,74.0,0.0,0,1870,0.0,2.297297297297297
1916,19,2024-08-08,SB1,Shot_Blasting,Zone D,38633,163,0.78,78.0,0.0,0,1793,0.0,2.08974358974359
1917,20,2024-08-08,SB1,Shot_Blasting,Zone D,38784,151,0.76,77.0,0.0,0,1661,0.0,1.961038961038961
1918,21,2024-08-08,SB1,Shot_Blasting,Zone D,38941,157,0.8,76.0,0.0,0,1727,0.0,2.065789473684211
1919,22,2024-08-08,SB1,Shot_Blasting,Zone A,39100,159,0.82,78.0,0.0,0,795,0.0,2.038461538461538
1920,23,2024-08-08,SB1,Shot_Blasting,Zone A,39270,170,0.76,78.0,0.0,0,850,0.0,2.179487179487179
1921,0,2024-08-09,SB1,Shot_Blasting,Zone A,39434,164,0.83,79.0,0.0,0,820,0.0,2.075949367088608
1922,1,2024-08-09,SB1,Shot_Blasting,Zone A,39600,166,0.78,74.0,0.0,0,830,0.0,2.243243243243243
1923,2,2024-08-09,SB1,Shot_Blasting,Zone A,39763,163,0.8,77.0,0.0,0,815,0.0,2.116883116883117
1924,3,2024-08-09,SB1,Shot_Blasting,Zone A,39928,165,0.84,72.0,0.0,0,825,0.0,2.291666666666667
1925,4,2024-08-09,SB1,Shot_Blasting,Zone A,40092,164,0.82,71.0,0.0,0,820,0.0,2.309859154929577
1926,5,2024-08-09,SB1,Shot_Blasting,Zone A,40254,162,0.78,80.0,0.0,0,810,0.0,2.025
1927,6,2024-08-09,SB1,Shot_Blasting,Zone B,40418,164,0.76,74.0,0.0,0,1148,0.0,2.216216216216216
1928,7,2024-08-09,SB1,Shot_Blasting,Zone B,40568,150,0.83,80.0,0.0,0,1050,0.0,1.875
1929,8,2024-08-09,SB1,Shot_Blasting,Zone B,40730,162,0.75,78.0,0.0,0,1134,0.0,2.076923076923077
1930,9,2024-08-09,SB1,Shot_Blasting,Zone C,40898,168,0.83,71.0,0.0,0,1512,0.0,2.366197183098592
1931,10,2024-08-09,SB1,Shot_Blasting,Zone C,41060,162,0.76,75.0,0.0,0,1458,0.0,2.16
1932,11,2024-08-09,SB1,Shot_Blasting,Zone C,41222,162,0.84,74.0,0.0,0,1458,0.0,2.189189189189189
1933,12,2024-08-09,SB1,Shot_Blasting,Zone B,41373,151,0.83,70.0,0.0,0,1057,0.0,2.157142857142857
1934,13,2024-08-09,SB1,Shot_Blasting,Zone B,41531,158,0.84,75.0,0.0,0,1106,0.0,2.106666666666666
1935,14,2024-08-09,SB1,Shot_Blasting,Zone B,41691,160,0.8,73.0,0.0,0,1120,0.0,2.191780821917808
1936,15,2024-08-09,SB1,Shot_Blasting,Zone B,41854,163,0.79,78.0,0.0,0,1141,0.0,2.08974358974359
1937,16,2024-08-09,SB1,Shot_Blasting,Zone B,42016,162,0.81,79.0,0.0,0,1134,0.0,2.050632911392405
1938,17,2024-08-09,SB1,Shot_Blasting,Zone B,42172,156,0.83,76.0,0.0,0,1092,0.0,2.052631578947369
1939,18,2024-08-09,SB1,Shot_Blasting,Zone D,42324,152,0.79,74.0,0.0,0,1672,0.0,2.054054054054054
1940,19,2024-08-09,SB1,Shot_Blasting,Zone D,42478,154,0.85,80.0,0.0,0,1694,0.0,1.925
1941,20,2024-08-09,SB1,Shot_Blasting,Zone D,42647,169,0.84,73.0,0.0,0,1859,0.0,2.315068493150685
1942,21,2024-08-09,SB1,Shot_Blasting,Zone D,42800,153,0.77,74.0,0.0,0,1683,0.0,2.067567567567568
1943,22,2024-08-09,SB1,Shot_Blasting,Zone A,42961,161,0.78,74.0,0.0,0,805,0.0,2.175675675675676
1944,23,2024-08-09,SB1,Shot_Blasting,Zone A,43119,158,0.81,71.0,0.0,0,790,0.0,2.225352112676056
1945,0,2024-08-10,SB1,Shot_Blasting,Zone A,43289,170,0.83,75.0,0.0,0,850,0.0,2.266666666666667
1946,1,2024-08-10,SB1,Shot_Blasting,Zone A,43459,170,0.75,72.0,0.0,0,850,0.0,2.361111111111111
1947,2,2024-08-10,SB1,Shot_Blasting,Zone A,43625,166,0.75,76.0,0.0,0,830,0.0,2.184210526315789
1948,3,2024-08-10,SB1,Shot_Blasting,Zone A,43779,154,0.79,80.0,0.0,0,770,0.0,1.925
1949,4,2024-08-10,SB1,Shot_Blasting,Zone A,43946,167,0.77,72.0,0.0,0,835,0.0,2.319444444444445
1950,5,2024-08-10,SB1,Shot_Blasting,Zone A,44114,168,0.82,77.0,0.0,0,840,0.0,2.181818181818182
1951,6,2024-08-10,SB1,Shot_Blasting,Zone B,44274,160,0.83,71.0,0.0,0,1120,0.0,2.253521126760563
1952,7,2024-08-10,SB1,Shot_Blasting,Zone B,44432,158,0.78,75.0,0.0,0,1106,0.0,2.106666666666666
1953,8,2024-08-10,SB1,Shot_Blasting,Zone B,44587,155,0.84,78.0,0.0,0,1085,0.0,1.987179487179487
1954,9,2024-08-10,SB1,Shot_Blasting,Zone C,44742,155,0.81,79.0,0.0,0,1395,0.0,1.962025316455696
1955,10,2024-08-10,SB1,Shot_Blasting,Zone C,44897,155,0.81,74.0,0.0,0,1395,0.0,2.094594594594595
1956,11,2024-08-10,SB1,Shot_Blasting,Zone C,45059,162,0.83,72.0,0.0,0,1458,0.0,2.25
1957,12,2024-08-10,SB1,Shot_Blasting,Zone B,45226,167,0.82,74.0,0.0,0,1169,0.0,2.256756756756757
1958,13,2024-08-10,SB1,Shot_Blasting,Zone B,45383,157,0.76,74.0,0.0,0,1099,0.0,2.121621621621621
1959,14,2024-08-10,SB1,Shot_Blasting,Zone B,45552,169,0.81,75.0,0.0,0,1183,0.0,2.253333333333333
1960,15,2024-08-10,SB1,Shot_Blasting,Zone B,45722,170,0.83,72.0,0.0,0,1190,0.0,2.361111111111111
1961,16,2024-08-10,SB1,Shot_Blasting,Zone B,45885,163,0.81,75.0,0.0,0,1141,0.0,2.173333333333333
1962,17,2024-08-10,SB1,Shot_Blasting,Zone B,46036,151,0.76,76.0,0.0,0,1057,0.0,1.986842105263158
1963,18,2024-08-10,SB1,Shot_Blasting,Zone D,46202,166,0.84,78.0,0.0,0,1826,0.0,2.128205128205128
1964,19,2024-08-10,SB1,Shot_Blasting,Zone D,46365,163,0.84,72.0,0.0,0,1793,0.0,2.263888888888889
1965,20,2024-08-10,SB1,Shot_Blasting,Zone D,46529,164,0.85,70.0,0.0,0,1804,0.0,2.342857142857143
1966,21,2024-08-10,SB1,Shot_Blasting,Zone D,46683,154,0.78,79.0,0.0,0,1694,0.0,1.949367088607595
1967,22,2024-08-10,SB1,Shot_Blasting,Zone A,46850,167,0.78,76.0,0.0,0,835,0.0,2.197368421052631
1968,23,2024-08-10,SB1,Shot_Blasting,Zone A,47009,159,0.81,76.0,0.0,0,795,0.0,2.092105263157895
1969,0,2024-08-11,SB1,Shot_Blasting,Zone A,47161,152,0.83,79.0,0.0,0,760,0.0,1.924050632911392
1970,1,2024-08-11,SB1,Shot_Blasting,Zone A,47321,160,0.78,79.0,0.0,0,800,0.0,2.025316455696203
1971,2,2024-08-11,SB1,Shot_Blasting,Zone A,47484,163,0.84,79.0,0.0,0,815,0.0,2.063291139240506
1972,3,2024-08-11,SB1,Shot_Blasting,Zone A,47642,158,0.78,73.0,0.0,0,790,0.0,2.164383561643836
1973,4,2024-08-11,SB1,Shot_Blasting,Zone A,47800,158,0.81,72.0,0.0,0,790,0.0,2.194444444444445
1974,5,2024-08-11,SB1,Shot_Blasting,Zone A,47951,151,0.85,78.0,0.0,0,755,0.0,1.935897435897436
1975,6,2024-08-11,SB1,Shot_Blasting,Zone B,48111,160,0.8,75.0,0.0,0,1120,0.0,2.133333333333333
1976,7,2024-08-11,SB1,Shot_Blasting,Zone B,48279,168,0.82,77.0,0.0,0,1176,0.0,2.181818181818182
1977,8,2024-08-11,SB1,Shot_Blasting,Zone B,48435,156,0.77,79.0,0.0,0,1092,0.0,1.974683544303798
1978,9,2024-08-11,SB1,Shot_Blasting,Zone C,48591,156,0.83,75.0,0.0,0,1404,0.0,2.08
1979,10,2024-08-11,SB1,Shot_Blasting,Zone C,48761,170,0.83,79.0,0.0,0,1530,0.0,2.151898734177215
1980,11,2024-08-11,SB1,Shot_Blasting,Zone C,48925,164,0.81,76.0,0.0,0,1476,0.0,2.157894736842105
1981,12,2024-08-11,SB1,Shot_Blasting,Zone B,49086,161,0.82,80.0,0.0,0,1127,0.0,2.0125
1982,13,2024-08-11,SB1,Shot_Blasting,Zone B,49247,161,0.8,77.0,0.0,0,1127,0.0,2.090909090909091
1983,14,2024-08-11,SB1,Shot_Blasting,Zone B,49402,155,0.77,71.0,0.0,0,1085,0.0,2.183098591549296
1984,15,2024-08-11,SB1,Shot_Blasting,Zone B,49570,168,0.8,72.0,0.0,0,1176,0.0,2.333333333333333
1985,16,2024-08-11,SB1,Shot_Blasting,Zone B,49722,152,0.81,74.0,0.0,0,1064,0.0,2.054054054054054
1986,17,2024-08-11,SB1,Shot_Blasting,Zone B,49881,159,0.82,70.0,0.0,0,1113,0.0,2.271428571428571
1987,18,2024-08-11,SB1,Shot_Blasting,Zone D,50037,156,0.77,71.0,0.0,0,1716,0.0,2.197183098591549
1988,19,2024-08-11,SB1,Shot_Blasting,Zone D,50191,154,0.78,70.0,0.0,0,1694,0.0,2.2
1989,20,2024-08-11,SB1,Shot_Blasting,Zone D,50350,159,0.83,77.0,0.0,0,1749,0.0,2.064935064935065
1990,21,2024-08-11,SB1,Shot_Blasting,Zone D,50512,162,0.77,76.0,0.0,0,1782,0.0,2.131578947368421
1991,22,2024-08-11,SB1,Shot_Blasting,Zone A,50682,170,0.8,73.0,0.0,0,850,0.0,2.328767123287671
1992,23,2024-08-11,SB1,Shot_Blasting,Zone A,50833,151,0.81,71.0,0.0,0,755,0.0,2.126760563380282
1993,0,2024-08-12,SB1,Shot_Blasting,Zone A,50995,162,0.83,80.0,0.0,0,810,0.0,2.025
1994,1,2024-08-12,SB1,Shot_Blasting,Zone A,51159,164,0.83,78.0,0.0,0,820,0.0,2.102564102564103
1995,2,2024-08-12,SB1,Shot_Blasting,Zone A,51309,150,0.83,74.0,0.0,0,750,0.0,2.027027027027027
1996,3,2024-08-12,SB1,Shot_Blasting,Zone A,51469,160,0.82,77.0,0.0,0,800,0.0,2.077922077922078
1997,4,2024-08-12,SB1,Shot_Blasting,Zone A,51621,152,0.85,78.0,0.0,0,760,0.0,1.948717948717949
1998,5,2024-08-12,SB1,Shot_Blasting,Zone A,51791,170,0.82,73.0,0.0,0,850,0.0,2.328767123287671
1999,6,2024-08-12,SB1,Shot_Blasting,Zone B,51958,167,0.82,70.0,0.0,0,1169,0.0,2.385714285714286
2000,7,2024-08-12,SB1,Shot_Blasting,Zone B,52119,161,0.76,76.0,0.0,0,1127,0.0,2.118421052631579
2001,8,2024-08-12,SB1,Shot_Blasting,Zone B,52278,159,0.75,74.0,0.0,0,1113,0.0,2.148648648648649
2002,9,2024-08-12,SB1,Shot_Blasting,Zone C,52437,159,0.78,72.0,0.0,0,1431,0.0,2.208333333333333
2003,10,2024-08-12,SB1,Shot_Blasting,Zone C,52603,166,0.83,70.0,0.0,0,1494,0.0,2.371428571428571
2004,11,2024-08-12,SB1,Shot_Blasting,Zone C,52755,152,0.77,72.0,0.0,0,1368,0.0,2.111111111111111
2005,12,2024-08-12,SB1,Shot_Blasting,Zone B,52909,154,0.85,75.0,0.0,0,1078,0.0,2.053333333333333
2006,13,2024-08-12,SB1,Shot_Blasting,Zone B,53059,150,0.82,74.0,0.0,0,1050,0.0,2.027027027027027
2007,14,2024-08-12,SB1,Shot_Blasting,Zone B,53209,150,0.83,79.0,0.0,0,1050,0.0,1.89873417721519
2008,15,2024-08-12,SB1,Shot_Blasting,Zone B,53367,158,0.79,75.0,0.0,0,1106,0.0,2.106666666666666
2009,16,2024-08-12,SB1,Shot_Blasting,Zone B,53519,152,0.83,78.0,0.0,0,1064,0.0,1.948717948717949
2010,17,2024-08-12,SB1,Shot_Blasting,Zone B,53686,167,0.78,71.0,0.0,0,1169,0.0,2.352112676056338
2011,18,2024-08-12,SB1,Shot_Blasting,Zone D,53851,165,0.78,80.0,0.0,0,1815,0.0,2.0625
2012,19,2024-08-12,SB1,Shot_Blasting,Zone D,54011,160,0.8,79.0,0.0,0,1760,0.0,2.025316455696203
2013,20,2024-08-12,SB1,Shot_Blasting,Zone D,54170,159,0.8,72.0,0.0,0,1749,0.0,2.208333333333333
2014,21,2024-08-12,SB1,Shot_Blasting,Zone D,54325,155,0.76,75.0,0.0,0,1705,0.0,2.066666666666667
2015,22,2024-08-12,SB1,Shot_Blasting,Zone A,54484,159,0.79,75.0,0.0,0,795,0.0,2.12
2016,23,2024-08-12,SB1,Shot_Blasting,Zone A,54644,160,0.79,76.0,0.0,0,800,0.0,2.105263157894737
2017,0,2024-07-30,SB2,Shot_Blasting,Zone A,1541,215,0.66,61.0,0.0,0,1075,0.0,3.524590163934426
2018,1,2024-07-30,SB2,Shot_Blasting,Zone A,1756,215,0.69,74.0,0.0,0,1075,0.0,2.905405405405405
2019,2,2024-07-30,SB2,Shot_Blasting,Zone A,1963,207,0.65,66.0,0.0,0,1035,0.0,3.136363636363636
2020,3,2024-07-30,SB2,Shot_Blasting,Zone A,2174,211,0.7,53.0,0.0,0,1055,0.0,3.981132075471698
2021,4,2024-07-30,SB2,Shot_Blasting,Zone A,2380,206,0.62,65.0,0.0,0,1030,0.0,3.169230769230769
2022,5,2024-07-30,SB2,Shot_Blasting,Zone A,2589,209,0.59,66.0,0.0,0,1045,0.0,3.166666666666667
2023,6,2024-07-30,SB2,Shot_Blasting,Zone B,2802,213,0.56,65.0,0.0,0,1491,0.0,3.276923076923077
2024,7,2024-07-30,SB2,Shot_Blasting,Zone B,3003,201,0.63,77.0,0.0,0,1407,0.0,2.61038961038961
2025,8,2024-07-30,SB2,Shot_Blasting,Zone B,3213,210,0.6,79.0,0.0,0,1470,0.0,2.658227848101266
2026,9,2024-07-30,SB2,Shot_Blasting,Zone C,3420,207,0.66,70.0,0.0,0,1863,0.0,2.957142857142857
2027,10,2024-07-30,SB2,Shot_Blasting,Zone C,3636,216,0.57,73.0,0.0,0,1944,0.0,2.958904109589041
2028,11,2024-07-30,SB2,Shot_Blasting,Zone C,3851,215,0.58,70.0,0.0,0,1935,0.0,3.071428571428572
2029,12,2024-07-30,SB2,Shot_Blasting,Zone B,4068,217,0.6,78.0,0.0,0,1519,0.0,2.782051282051282
2030,13,2024-07-30,SB2,Shot_Blasting,Zone B,4275,207,0.69,80.0,0.0,0,1449,0.0,2.5875
2031,14,2024-07-30,SB2,Shot_Blasting,Zone B,4485,210,0.56,67.0,0.0,0,1470,0.0,3.134328358208955
2032,15,2024-07-30,SB2,Shot_Blasting,Zone B,4700,215,0.62,59.0,0.0,0,1505,0.0,3.64406779661017
2033,16,2024-07-30,SB2,Shot_Blasting,Zone B,4908,208,0.67,62.0,0.0,0,1456,0.0,3.354838709677419
2034,17,2024-07-30,SB2,Shot_Blasting,Zone B,5124,216,0.67,55.0,0.0,0,1512,0.0,3.927272727272727
2035,18,2024-07-30,SB2,Shot_Blasting,Zone D,5335,211,0.69,68.0,0.0,0,2321,0.0,3.102941176470588
2036,19,2024-07-30,SB2,Shot_Blasting,Zone D,5535,200,0.57,78.0,0.0,0,2200,0.0,2.564102564102564
2037,20,2024-07-30,SB2,Shot_Blasting,Zone D,5754,219,0.63,62.0,0.0,0,2409,0.0,3.532258064516129
2038,21,2024-07-30,SB2,Shot_Blasting,Zone D,5969,215,0.66,50.0,0.0,0,2365,0.0,4.3
2039,22,2024-07-30,SB2,Shot_Blasting,Zone A,6178,209,0.66,50.0,0.0,0,1045,0.0,4.18
2040,23,2024-07-30,SB2,Shot_Blasting,Zone A,6382,204,0.69,80.0,0.0,0,1020,0.0,2.55
2041,0,2024-07-31,SB2,Shot_Blasting,Zone A,6602,220,0.68,78.0,0.0,0,1100,0.0,2.820512820512821
2042,1,2024-07-31,SB2,Shot_Blasting,Zone A,6817,215,0.68,64.0,0.0,0,1075,0.0,3.359375
2043,2,2024-07-31,SB2,Shot_Blasting,Zone A,7035,218,0.69,53.0,0.0,0,1090,0.0,4.113207547169812
2044,3,2024-07-31,SB2,Shot_Blasting,Zone A,7252,217,0.58,53.0,0.0,0,1085,0.0,4.09433962264151
2045,4,2024-07-31,SB2,Shot_Blasting,Zone A,7461,209,0.61,63.0,0.0,0,1045,0.0,3.317460317460318
2046,5,2024-07-31,SB2,Shot_Blasting,Zone A,7681,220,0.67,68.0,0.0,0,1100,0.0,3.235294117647059
2047,6,2024-07-31,SB2,Shot_Blasting,Zone B,7883,202,0.66,71.0,0.0,0,1414,0.0,2.845070422535211
2048,7,2024-07-31,SB2,Shot_Blasting,Zone B,8092,209,0.62,66.0,0.0,0,1463,0.0,3.166666666666667
2049,8,2024-07-31,SB2,Shot_Blasting,Zone B,8295,203,0.64,66.0,0.0,0,1421,0.0,3.075757575757576
2050,9,2024-07-31,SB2,Shot_Blasting,Zone C,8505,210,0.66,74.0,0.0,0,1890,0.0,2.837837837837838
2051,10,2024-07-31,SB2,Shot_Blasting,Zone C,8705,200,0.69,77.0,0.0,0,1800,0.0,2.597402597402597
2052,11,2024-07-31,SB2,Shot_Blasting,Zone C,8918,213,0.57,73.0,0.0,0,1917,0.0,2.917808219178082
2053,12,2024-07-31,SB2,Shot_Blasting,Zone B,9126,208,0.68,63.0,0.0,0,1456,0.0,3.301587301587301
2054,13,2024-07-31,SB2,Shot_Blasting,Zone B,9340,214,0.63,61.0,0.0,0,1498,0.0,3.508196721311475
2055,14,2024-07-31,SB2,Shot_Blasting,Zone B,9550,210,0.6,54.0,0.0,0,1470,0.0,3.888888888888889
2056,15,2024-07-31,SB2,Shot_Blasting,Zone B,9751,201,0.63,56.0,0.0,0,1407,0.0,3.589285714285714
2057,16,2024-07-31,SB2,Shot_Blasting,Zone B,9967,216,0.57,62.0,0.0,0,1512,0.0,3.483870967741935
2058,17,2024-07-31,SB2,Shot_Blasting,Zone B,10167,200,0.68,54.0,0.0,0,1400,0.0,3.703703703703704
2059,18,2024-07-31,SB2,Shot_Blasting,Zone D,10384,217,0.6,65.0,0.0,0,2387,0.0,3.338461538461539
2060,19,2024-07-31,SB2,Shot_Blasting,Zone D,10594,210,0.58,69.0,0.0,0,2310,0.0,3.043478260869565
2061,20,2024-07-31,SB2,Shot_Blasting,Zone D,10810,216,0.65,80.0,0.0,0,2376,0.0,2.7
2062,21,2024-07-31,SB2,Shot_Blasting,Zone D,11019,209,0.55,70.0,0.0,0,2299,0.0,2.985714285714286
2063,22,2024-07-31,SB2,Shot_Blasting,Zone A,11224,205,0.56,69.0,0.0,0,1025,0.0,2.971014492753623
2064,23,2024-07-31,SB2,Shot_Blasting,Zone A,11425,201,0.62,68.0,0.0,0,1005,0.0,2.955882352941177
2065,0,2024-08-01,SB2,Shot_Blasting,Zone A,11631,206,0.59,75.0,0.0,0,1030,0.0,2.746666666666667
2066,1,2024-08-01,SB2,Shot_Blasting,Zone A,11842,211,0.59,52.0,0.0,0,1055,0.0,4.057692307692307
2067,2,2024-08-01,SB2,Shot_Blasting,Zone A,12060,218,0.7,63.0,0.0,0,1090,0.0,3.46031746031746
2068,3,2024-08-01,SB2,Shot_Blasting,Zone A,12267,207,0.62,65.0,0.0,0,1035,0.0,3.184615384615384
2069,4,2024-08-01,SB2,Shot_Blasting,Zone A,12478,211,0.64,75.0,0.0,0,1055,0.0,2.813333333333333
2070,5,2024-08-01,SB2,Shot_Blasting,Zone A,12698,220,0.57,56.0,0.0,0,1100,0.0,3.928571428571428
2071,6,2024-08-01,SB2,Shot_Blasting,Zone B,12909,211,0.69,75.0,0.0,0,1477,0.0,2.813333333333333
2072,7,2024-08-01,SB2,Shot_Blasting,Zone B,13109,200,0.61,78.0,0.0,0,1400,0.0,2.564102564102564
2073,8,2024-08-01,SB2,Shot_Blasting,Zone B,13317,208,0.64,72.0,0.0,0,1456,0.0,2.888888888888889
2074,9,2024-08-01,SB2,Shot_Blasting,Zone C,13525,208,0.6,65.0,0.0,0,1872,0.0,3.2
2075,10,2024-08-01,SB2,Shot_Blasting,Zone C,13725,200,0.61,52.0,0.0,0,1800,0.0,3.846153846153846
2076,11,2024-08-01,SB2,Shot_Blasting,Zone C,13931,206,0.68,62.0,0.0,0,1854,0.0,3.32258064516129
2077,12,2024-08-01,SB2,Shot_Blasting,Zone B,14135,204,0.7,51.0,0.0,0,1428,0.0,4.0
2078,13,2024-08-01,SB2,Shot_Blasting,Zone B,14346,211,0.69,76.0,0.0,0,1477,0.0,2.776315789473684
2079,14,2024-08-01,SB2,Shot_Blasting,Zone B,14548,202,0.62,70.0,0.0,0,1414,0.0,2.885714285714286
2080,15,2024-08-01,SB2,Shot_Blasting,Zone B,14756,208,0.59,65.0,0.0,0,1456,0.0,3.2
2081,16,2024-08-01,SB2,Shot_Blasting,Zone B,14966,210,0.6,72.0,0.0,0,1470,0.0,2.916666666666667
2082,17,2024-08-01,SB2,Shot_Blasting,Zone B,15167,201,0.68,50.0,0.0,0,1407,0.0,4.02
2083,18,2024-08-01,SB2,Shot_Blasting,Zone D,15367,200,0.56,68.0,0.0,0,2200,0.0,2.941176470588236
2084,19,2024-08-01,SB2,Shot_Blasting,Zone D,15585,218,0.65,60.0,0.0,0,2398,0.0,3.633333333333333
2085,20,2024-08-01,SB2,Shot_Blasting,Zone D,15796,211,0.59,64.0,0.0,0,2321,0.0,3.296875
2086,21,2024-08-01,SB2,Shot_Blasting,Zone D,16011,215,0.58,75.0,0.0,0,2365,0.0,2.866666666666667
2087,22,2024-08-01,SB2,Shot_Blasting,Zone A,16226,215,0.61,71.0,0.0,0,1075,0.0,3.028169014084507
2088,23,2024-08-01,SB2,Shot_Blasting,Zone A,16428,202,0.66,56.0,0.0,0,1010,0.0,3.607142857142857
2089,0,2024-08-02,SB2,Shot_Blasting,Zone A,16635,207,0.63,70.0,0.0,0,1035,0.0,2.957142857142857
2090,1,2024-08-02,SB2,Shot_Blasting,Zone A,16852,217,0.67,75.0,0.0,0,1085,0.0,2.893333333333334
2091,2,2024-08-02,SB2,Shot_Blasting,Zone A,17067,215,0.56,60.0,0.0,0,1075,0.0,3.583333333333333
2092,3,2024-08-02,SB2,Shot_Blasting,Zone A,17277,210,0.68,55.0,0.0,0,1050,0.0,3.818181818181818
2093,4,2024-08-02,SB2,Shot_Blasting,Zone A,17482,205,0.65,80.0,0.0,0,1025,0.0,2.5625
2094,5,2024-08-02,SB2,Shot_Blasting,Zone A,17687,205,0.65,67.0,0.0,0,1025,0.0,3.059701492537314
2095,6,2024-08-02,SB2,Shot_Blasting,Zone B,17902,215,0.61,63.0,0.0,0,1505,0.0,3.412698412698413
2096,7,2024-08-02,SB2,Shot_Blasting,Zone B,18115,213,0.55,50.0,0.0,0,1491,0.0,4.26
2097,8,2024-08-02,SB2,Shot_Blasting,Zone B,18330,215,0.67,71.0,0.0,0,1505,0.0,3.028169014084507
2098,9,2024-08-02,SB2,Shot_Blasting,Zone C,18541,211,0.56,74.0,0.0,0,1899,0.0,2.851351351351351
2099,10,2024-08-02,SB2,Shot_Blasting,Zone C,18758,217,0.67,50.0,0.0,0,1953,0.0,4.34
2100,11,2024-08-02,SB2,Shot_Blasting,Zone C,18965,207,0.58,77.0,0.0,0,1863,0.0,2.688311688311688
2101,12,2024-08-02,SB2,Shot_Blasting,Zone B,19166,201,0.63,69.0,0.0,0,1407,0.0,2.91304347826087
2102,13,2024-08-02,SB2,Shot_Blasting,Zone B,19382,216,0.57,60.0,0.0,0,1512,0.0,3.6
2103,14,2024-08-02,SB2,Shot_Blasting,Zone B,19588,206,0.61,73.0,0.0,0,1442,0.0,2.821917808219178
2104,15,2024-08-02,SB2,Shot_Blasting,Zone B,19795,207,0.57,72.0,0.0,0,1449,0.0,2.875
2105,16,2024-08-02,SB2,Shot_Blasting,Zone B,19995,200,0.63,75.0,0.0,0,1400,0.0,2.666666666666667
2106,17,2024-08-02,SB2,Shot_Blasting,Zone B,20209,214,0.66,64.0,0.0,0,1498,0.0,3.34375
2107,18,2024-08-02,SB2,Shot_Blasting,Zone D,20423,214,0.6,50.0,0.0,0,2354,0.0,4.28
2108,19,2024-08-02,SB2,Shot_Blasting,Zone D,20629,206,0.59,64.0,0.0,0,2266,0.0,3.21875
2109,20,2024-08-02,SB2,Shot_Blasting,Zone D,20835,206,0.62,79.0,0.0,0,2266,0.0,2.607594936708861
2110,21,2024-08-02,SB2,Shot_Blasting,Zone D,21050,215,0.62,59.0,0.0,0,2365,0.0,3.64406779661017
2111,22,2024-08-02,SB2,Shot_Blasting,Zone A,21260,210,0.68,52.0,0.0,0,1050,0.0,4.038461538461538
2112,23,2024-08-02,SB2,Shot_Blasting,Zone A,21473,213,0.55,78.0,0.0,0,1065,0.0,2.730769230769231
2113,0,2024-08-03,SB2,Shot_Blasting,Zone A,21674,201,0.68,67.0,0.0,0,1005,0.0,3.0
2114,1,2024-08-03,SB2,Shot_Blasting,Zone A,21888,214,0.59,71.0,0.0,0,1070,0.0,3.014084507042254
2115,2,2024-08-03,SB2,Shot_Blasting,Zone A,22093,205,0.69,66.0,0.0,0,1025,0.0,3.106060606060606
2116,3,2024-08-03,SB2,Shot_Blasting,Zone A,22297,204,0.59,68.0,0.0,0,1020,0.0,3.0
2117,4,2024-08-03,SB2,Shot_Blasting,Zone A,22513,216,0.57,61.0,0.0,0,1080,0.0,3.540983606557377
2118,5,2024-08-03,SB2,Shot_Blasting,Zone A,22719,206,0.65,56.0,0.0,0,1030,0.0,3.678571428571428
2119,6,2024-08-03,SB2,Shot_Blasting,Zone B,22925,206,0.69,76.0,0.0,0,1442,0.0,2.710526315789474
2120,7,2024-08-03,SB2,Shot_Blasting,Zone B,23140,215,0.6,75.0,0.0,0,1505,0.0,2.866666666666667
2121,8,2024-08-03,SB2,Shot_Blasting,Zone B,23346,206,0.66,57.0,0.0,0,1442,0.0,3.614035087719298
2122,9,2024-08-03,SB2,Shot_Blasting,Zone C,23553,207,0.64,66.0,0.0,0,1863,0.0,3.136363636363636
2123,10,2024-08-03,SB2,Shot_Blasting,Zone C,23765,212,0.69,53.0,0.0,0,1908,0.0,4.0
2124,11,2024-08-03,SB2,Shot_Blasting,Zone C,23983,218,0.62,71.0,0.0,0,1962,0.0,3.070422535211268
2125,12,2024-08-03,SB2,Shot_Blasting,Zone B,24197,214,0.65,58.0,0.0,0,1498,0.0,3.689655172413793
2126,13,2024-08-03,SB2,Shot_Blasting,Zone B,24407,210,0.69,61.0,0.0,0,1470,0.0,3.442622950819672
2127,14,2024-08-03,SB2,Shot_Blasting,Zone B,24625,218,0.65,73.0,0.0,0,1526,0.0,2.986301369863014
2128,15,2024-08-03,SB2,Shot_Blasting,Zone B,24844,219,0.57,64.0,0.0,0,1533,0.0,3.421875
2129,16,2024-08-03,SB2,Shot_Blasting,Zone B,25044,200,0.61,65.0,0.0,0,1400,0.0,3.076923076923077
2130,17,2024-08-03,SB2,Shot_Blasting,Zone B,25256,212,0.59,78.0,0.0,0,1484,0.0,2.717948717948718
2131,18,2024-08-03,SB2,Shot_Blasting,Zone D,25458,202,0.66,68.0,0.0,0,2222,0.0,2.970588235294118
2132,19,2024-08-03,SB2,Shot_Blasting,Zone D,25663,205,0.56,69.0,0.0,0,2255,0.0,2.971014492753623
2133,20,2024-08-03,SB2,Shot_Blasting,Zone D,25863,200,0.69,61.0,0.0,0,2200,0.0,3.278688524590164
2134,21,2024-08-03,SB2,Shot_Blasting,Zone D,26075,212,0.6,75.0,0.0,0,2332,0.0,2.826666666666667
2135,22,2024-08-03,SB2,Shot_Blasting,Zone A,26289,214,0.63,61.0,0.0,0,1070,0.0,3.508196721311475
2136,23,2024-08-03,SB2,Shot_Blasting,Zone A,26495,206,0.65,53.0,0.0,0,1030,0.0,3.886792452830189
2137,0,2024-08-04,SB2,Shot_Blasting,Zone A,26701,206,0.59,61.0,0.0,0,1030,0.0,3.377049180327869
2138,1,2024-08-04,SB2,Shot_Blasting,Zone A,26910,209,0.69,72.0,0.0,0,1045,0.0,2.902777777777778
2139,2,2024-08-04,SB2,Shot_Blasting,Zone A,27111,201,0.67,72.0,0.0,0,1005,0.0,2.791666666666667
2140,3,2024-08-04,SB2,Shot_Blasting,Zone A,27328,217,0.62,70.0,0.0,0,1085,0.0,3.1
2141,4,2024-08-04,SB2,Shot_Blasting,Zone A,27536,208,0.69,50.0,0.0,0,1040,0.0,4.16
2142,5,2024-08-04,SB2,Shot_Blasting,Zone A,27755,219,0.58,61.0,0.0,0,1095,0.0,3.59016393442623
2143,6,2024-08-04,SB2,Shot_Blasting,Zone B,27968,213,0.67,61.0,0.0,0,1491,0.0,3.491803278688525
2144,7,2024-08-04,SB2,Shot_Blasting,Zone B,28183,215,0.61,69.0,0.0,0,1505,0.0,3.115942028985507
2145,8,2024-08-04,SB2,Shot_Blasting,Zone B,28387,204,0.69,78.0,0.0,0,1428,0.0,2.615384615384615
2146,9,2024-08-04,SB2,Shot_Blasting,Zone C,28604,217,0.58,62.0,0.0,0,1953,0.0,3.5
2147,10,2024-08-04,SB2,Shot_Blasting,Zone C,28808,204,0.58,59.0,0.0,0,1836,0.0,3.457627118644068
2148,11,2024-08-04,SB2,Shot_Blasting,Zone C,29020,212,0.68,77.0,0.0,0,1908,0.0,2.753246753246753
2149,12,2024-08-04,SB2,Shot_Blasting,Zone B,29224,204,0.61,79.0,0.0,0,1428,0.0,2.582278481012658
2150,13,2024-08-04,SB2,Shot_Blasting,Zone B,29431,207,0.63,55.0,0.0,0,1449,0.0,3.763636363636364
2151,14,2024-08-04,SB2,Shot_Blasting,Zone B,29638,207,0.65,52.0,0.0,0,1449,0.0,3.980769230769231
2152,15,2024-08-04,SB2,Shot_Blasting,Zone B,29838,200,0.64,80.0,0.0,0,1400,0.0,2.5
2153,16,2024-08-04,SB2,Shot_Blasting,Zone B,30053,215,0.6,80.0,0.0,0,1505,0.0,2.6875
2154,17,2024-08-04,SB2,Shot_Blasting,Zone B,30259,206,0.65,79.0,0.0,0,1442,0.0,2.607594936708861
2155,18,2024-08-04,SB2,Shot_Blasting,Zone D,30465,206,0.63,74.0,0.0,0,2266,0.0,2.783783783783784
2156,19,2024-08-04,SB2,Shot_Blasting,Zone D,30673,208,0.7,65.0,0.0,0,2288,0.0,3.2
2157,20,2024-08-04,SB2,Shot_Blasting,Zone D,30889,216,0.63,79.0,0.0,0,2376,0.0,2.734177215189873
2158,21,2024-08-04,SB2,Shot_Blasting,Zone D,31098,209,0.63,58.0,0.0,0,2299,0.0,3.603448275862069
2159,22,2024-08-04,SB2,Shot_Blasting,Zone A,31300,202,0.62,69.0,0.0,0,1010,0.0,2.927536231884058
2160,23,2024-08-04,SB2,Shot_Blasting,Zone A,31513,213,0.64,62.0,0.0,0,1065,0.0,3.435483870967742
2161,0,2024-08-05,SB2,Shot_Blasting,Zone A,31729,216,0.61,68.0,0.0,0,1080,0.0,3.176470588235294
2162,1,2024-08-05,SB2,Shot_Blasting,Zone A,31942,213,0.63,63.0,0.0,0,1065,0.0,3.380952380952381
2163,2,2024-08-05,SB2,Shot_Blasting,Zone A,32162,220,0.58,63.0,0.0,0,1100,0.0,3.492063492063492
2164,3,2024-08-05,SB2,Shot_Blasting,Zone A,32380,218,0.6,76.0,0.0,0,1090,0.0,2.868421052631579
2165,4,2024-08-05,SB2,Shot_Blasting,Zone A,32593,213,0.62,73.0,0.0,0,1065,0.0,2.917808219178082
2166,5,2024-08-05,SB2,Shot_Blasting,Zone A,32812,219,0.62,77.0,0.0,0,1095,0.0,2.844155844155844
2167,6,2024-08-05,SB2,Shot_Blasting,Zone B,33030,218,0.61,68.0,0.0,0,1526,0.0,3.205882352941177
2168,7,2024-08-05,SB2,Shot_Blasting,Zone B,33231,201,0.7,75.0,0.0,0,1407,0.0,2.68
2169,8,2024-08-05,SB2,Shot_Blasting,Zone B,33442,211,0.57,57.0,0.0,0,1477,0.0,3.701754385964912
2170,9,2024-08-05,SB2,Shot_Blasting,Zone C,33653,211,0.69,71.0,0.0,0,1899,0.0,2.971830985915493
2171,10,2024-08-05,SB2,Shot_Blasting,Zone C,33853,200,0.67,60.0,0.0,0,1800,0.0,3.333333333333333
2172,11,2024-08-05,SB2,Shot_Blasting,Zone C,34053,200,0.57,76.0,0.0,0,1800,0.0,2.631578947368421
2173,12,2024-08-05,SB2,Shot_Blasting,Zone B,34273,220,0.67,71.0,0.0,0,1540,0.0,3.098591549295775
2174,13,2024-08-05,SB2,Shot_Blasting,Zone B,34478,205,0.62,56.0,0.0,0,1435,0.0,3.660714285714286
2175,14,2024-08-05,SB2,Shot_Blasting,Zone B,34695,217,0.7,69.0,0.0,0,1519,0.0,3.144927536231884
2176,15,2024-08-05,SB2,Shot_Blasting,Zone B,34897,202,0.65,62.0,0.0,0,1414,0.0,3.258064516129032
2177,16,2024-08-05,SB2,Shot_Blasting,Zone B,35105,208,0.61,69.0,0.0,0,1456,0.0,3.014492753623188
2178,17,2024-08-05,SB2,Shot_Blasting,Zone B,35316,211,0.66,65.0,0.0,0,1477,0.0,3.246153846153846
2179,18,2024-08-05,SB2,Shot_Blasting,Zone D,35521,205,0.67,62.0,0.0,0,2255,0.0,3.306451612903226
2180,19,2024-08-05,SB2,Shot_Blasting,Zone D,35726,205,0.67,69.0,0.0,0,2255,0.0,2.971014492753623
2181,20,2024-08-05,SB2,Shot_Blasting,Zone D,35939,213,0.65,73.0,0.0,0,2343,0.0,2.917808219178082
2182,21,2024-08-05,SB2,Shot_Blasting,Zone D,36152,213,0.56,76.0,0.0,0,2343,0.0,2.802631578947369
2183,22,2024-08-05,SB2,Shot_Blasting,Zone A,36365,213,0.63,75.0,0.0,0,1065,0.0,2.84
2184,23,2024-08-05,SB2,Shot_Blasting,Zone A,36569,204,0.64,69.0,0.0,0,1020,0.0,2.956521739130435
2185,0,2024-08-06,SB2,Shot_Blasting,Zone A,36769,200,0.55,60.0,0.0,0,1000,0.0,3.333333333333333
2186,1,2024-08-06,SB2,Shot_Blasting,Zone A,36984,215,0.68,72.0,0.0,0,1075,0.0,2.986111111111111
2187,2,2024-08-06,SB2,Shot_Blasting,Zone A,37192,208,0.7,76.0,0.0,0,1040,0.0,2.736842105263158
2188,3,2024-08-06,SB2,Shot_Blasting,Zone A,37395,203,0.66,66.0,0.0,0,1015,0.0,3.075757575757576
2189,4,2024-08-06,SB2,Shot_Blasting,Zone A,37600,205,0.61,58.0,0.0,0,1025,0.0,3.53448275862069
2190,5,2024-08-06,SB2,Shot_Blasting,Zone A,37802,202,0.68,68.0,0.0,0,1010,0.0,2.970588235294118
2191,6,2024-08-06,SB2,Shot_Blasting,Zone B,38006,204,0.63,62.0,0.0,0,1428,0.0,3.290322580645161
2192,7,2024-08-06,SB2,Shot_Blasting,Zone B,38215,209,0.6,77.0,0.0,0,1463,0.0,2.714285714285714
2193,8,2024-08-06,SB2,Shot_Blasting,Zone B,38432,217,0.66,69.0,0.0,0,1519,0.0,3.144927536231884
2194,9,2024-08-06,SB2,Shot_Blasting,Zone C,38650,218,0.65,55.0,0.0,0,1962,0.0,3.963636363636364
2195,10,2024-08-06,SB2,Shot_Blasting,Zone C,38857,207,0.63,78.0,0.0,0,1863,0.0,2.653846153846154
2196,11,2024-08-06,SB2,Shot_Blasting,Zone C,39074,217,0.64,52.0,0.0,0,1953,0.0,4.173076923076923
2197,12,2024-08-06,SB2,Shot_Blasting,Zone B,39287,213,0.64,50.0,0.0,0,1491,0.0,4.26
2198,13,2024-08-06,SB2,Shot_Blasting,Zone B,39502,215,0.62,56.0,0.0,0,1505,0.0,3.839285714285714
2199,14,2024-08-06,SB2,Shot_Blasting,Zone B,39702,200,0.67,80.0,0.0,0,1400,0.0,2.5
2200,15,2024-08-06,SB2,Shot_Blasting,Zone B,39916,214,0.62,72.0,0.0,0,1498,0.0,2.972222222222222
2201,16,2024-08-06,SB2,Shot_Blasting,Zone B,40126,210,0.61,50.0,0.0,0,1470,0.0,4.2
2202,17,2024-08-06,SB2,Shot_Blasting,Zone B,40343,217,0.56,61.0,0.0,0,1519,0.0,3.557377049180328
2203,18,2024-08-06,SB2,Shot_Blasting,Zone D,40547,204,0.7,75.0,0.0,0,2244,0.0,2.72
2204,19,2024-08-06,SB2,Shot_Blasting,Zone D,40753,206,0.57,58.0,0.0,0,2266,0.0,3.551724137931035
2205,20,2024-08-06,SB2,Shot_Blasting,Zone D,40968,215,0.65,52.0,0.0,0,2365,0.0,4.134615384615385
2206,21,2024-08-06,SB2,Shot_Blasting,Zone D,41180,212,0.56,54.0,0.0,0,2332,0.0,3.925925925925926
2207,22,2024-08-06,SB2,Shot_Blasting,Zone A,41387,207,0.69,73.0,0.0,0,1035,0.0,2.835616438356164
2208,23,2024-08-06,SB2,Shot_Blasting,Zone A,41601,214,0.66,60.0,0.0,0,1070,0.0,3.566666666666667
2209,0,2024-08-07,SB2,Shot_Blasting,Zone A,41819,218,0.61,54.0,0.0,0,1090,0.0,4.037037037037037
2210,1,2024-08-07,SB2,Shot_Blasting,Zone A,42024,205,0.55,53.0,0.0,0,1025,0.0,3.867924528301887
2211,2,2024-08-07,SB2,Shot_Blasting,Zone A,42231,207,0.6,61.0,0.0,0,1035,0.0,3.39344262295082
2212,3,2024-08-07,SB2,Shot_Blasting,Zone A,42437,206,0.67,56.0,0.0,0,1030,0.0,3.678571428571428
2213,4,2024-08-07,SB2,Shot_Blasting,Zone A,42651,214,0.55,77.0,0.0,0,1070,0.0,2.779220779220779
2214,5,2024-08-07,SB2,Shot_Blasting,Zone A,42864,213,0.6,59.0,0.0,0,1065,0.0,3.610169491525424
2215,6,2024-08-07,SB2,Shot_Blasting,Zone B,43082,218,0.59,70.0,0.0,0,1526,0.0,3.114285714285714
2216,7,2024-08-07,SB2,Shot_Blasting,Zone B,43282,200,0.56,67.0,0.0,0,1400,0.0,2.985074626865672
2217,8,2024-08-07,SB2,Shot_Blasting,Zone B,43484,202,0.62,62.0,0.0,0,1414,0.0,3.258064516129032
2218,9,2024-08-07,SB2,Shot_Blasting,Zone C,43687,203,0.61,77.0,0.0,0,1827,0.0,2.636363636363636
2219,10,2024-08-07,SB2,Shot_Blasting,Zone C,43896,209,0.6,73.0,0.0,0,1881,0.0,2.863013698630137
2220,11,2024-08-07,SB2,Shot_Blasting,Zone C,44099,203,0.63,66.0,0.0,0,1827,0.0,3.075757575757576
2221,12,2024-08-07,SB2,Shot_Blasting,Zone B,44307,208,0.63,80.0,0.0,0,1456,0.0,2.6
2222,13,2024-08-07,SB2,Shot_Blasting,Zone B,44519,212,0.69,66.0,0.0,0,1484,0.0,3.212121212121212
2223,14,2024-08-07,SB2,Shot_Blasting,Zone B,44733,214,0.67,76.0,0.0,0,1498,0.0,2.815789473684211
2224,15,2024-08-07,SB2,Shot_Blasting,Zone B,44943,210,0.68,79.0,0.0,0,1470,0.0,2.658227848101266
2225,16,2024-08-07,SB2,Shot_Blasting,Zone B,45160,217,0.7,52.0,0.0,0,1519,0.0,4.173076923076923
2226,17,2024-08-07,SB2,Shot_Blasting,Zone B,45380,220,0.68,79.0,0.0,0,1540,0.0,2.784810126582279
2227,18,2024-08-07,SB2,Shot_Blasting,Zone D,45581,201,0.64,76.0,0.0,0,2211,0.0,2.644736842105263
2228,19,2024-08-07,SB2,Shot_Blasting,Zone D,45782,201,0.63,68.0,0.0,0,2211,0.0,2.955882352941177
2229,20,2024-08-07,SB2,Shot_Blasting,Zone D,45997,215,0.57,53.0,0.0,0,2365,0.0,4.056603773584905
2230,21,2024-08-07,SB2,Shot_Blasting,Zone D,46197,200,0.67,59.0,0.0,0,2200,0.0,3.389830508474576
2231,22,2024-08-07,SB2,Shot_Blasting,Zone A,46403,206,0.67,52.0,0.0,0,1030,0.0,3.961538461538462
2232,23,2024-08-07,SB2,Shot_Blasting,Zone A,46605,202,0.66,70.0,0.0,0,1010,0.0,2.885714285714286
2233,0,2024-08-08,SB2,Shot_Blasting,Zone A,46807,202,0.64,59.0,0.0,0,1010,0.0,3.423728813559322
2234,1,2024-08-08,SB2,Shot_Blasting,Zone A,47019,212,0.66,55.0,0.0,0,1060,0.0,3.854545454545454
2235,2,2024-08-08,SB2,Shot_Blasting,Zone A,47236,217,0.6,51.0,0.0,0,1085,0.0,4.254901960784314
2236,3,2024-08-08,SB2,Shot_Blasting,Zone A,47449,213,0.69,72.0,0.0,0,1065,0.0,2.958333333333333
2237,4,2024-08-08,SB2,Shot_Blasting,Zone A,47655,206,0.57,73.0,0.0,0,1030,0.0,2.821917808219178
2238,5,2024-08-08,SB2,Shot_Blasting,Zone A,47857,202,0.57,65.0,0.0,0,1010,0.0,3.107692307692308
2239,6,2024-08-08,SB2,Shot_Blasting,Zone B,48076,219,0.64,50.0,0.0,0,1533,0.0,4.38
2240,7,2024-08-08,SB2,Shot_Blasting,Zone B,48284,208,0.58,75.0,0.0,0,1456,0.0,2.773333333333333
2241,8,2024-08-08,SB2,Shot_Blasting,Zone B,48490,206,0.63,57.0,0.0,0,1442,0.0,3.614035087719298
2242,9,2024-08-08,SB2,Shot_Blasting,Zone C,48701,211,0.69,56.0,0.0,0,1899,0.0,3.767857142857143
2243,10,2024-08-08,SB2,Shot_Blasting,Zone C,48906,205,0.61,78.0,0.0,0,1845,0.0,2.628205128205128
2244,11,2024-08-08,SB2,Shot_Blasting,Zone C,49126,220,0.62,65.0,0.0,0,1980,0.0,3.384615384615385
2245,12,2024-08-08,SB2,Shot_Blasting,Zone B,49342,216,0.63,59.0,0.0,0,1512,0.0,3.661016949152542
2246,13,2024-08-08,SB2,Shot_Blasting,Zone B,49561,219,0.56,64.0,0.0,0,1533,0.0,3.421875
2247,14,2024-08-08,SB2,Shot_Blasting,Zone B,49779,218,0.65,73.0,0.0,0,1526,0.0,2.986301369863014
2248,15,2024-08-08,SB2,Shot_Blasting,Zone B,49997,218,0.58,58.0,0.0,0,1526,0.0,3.758620689655173
2249,16,2024-08-08,SB2,Shot_Blasting,Zone B,50200,203,0.64,77.0,0.0,0,1421,0.0,2.636363636363636
2250,17,2024-08-08,SB2,Shot_Blasting,Zone B,50405,205,0.63,69.0,0.0,0,1435,0.0,2.971014492753623
2251,18,2024-08-08,SB2,Shot_Blasting,Zone D,50607,202,0.56,70.0,0.0,0,2222,0.0,2.885714285714286
2252,19,2024-08-08,SB2,Shot_Blasting,Zone D,50810,203,0.67,59.0,0.0,0,2233,0.0,3.440677966101695
2253,20,2024-08-08,SB2,Shot_Blasting,Zone D,51029,219,0.57,67.0,0.0,0,2409,0.0,3.26865671641791
2254,21,2024-08-08,SB2,Shot_Blasting,Zone D,51239,210,0.62,74.0,0.0,0,2310,0.0,2.837837837837838
2255,22,2024-08-08,SB2,Shot_Blasting,Zone A,51442,203,0.69,74.0,0.0,0,1015,0.0,2.743243243243243
2256,23,2024-08-08,SB2,Shot_Blasting,Zone A,51649,207,0.66,60.0,0.0,0,1035,0.0,3.45
2257,0,2024-08-09,SB2,Shot_Blasting,Zone A,51868,219,0.58,77.0,0.0,0,1095,0.0,2.844155844155844
2258,1,2024-08-09,SB2,Shot_Blasting,Zone A,52070,202,0.65,68.0,0.0,0,1010,0.0,2.970588235294118
2259,2,2024-08-09,SB2,Shot_Blasting,Zone A,52283,213,0.69,76.0,0.0,0,1065,0.0,2.802631578947369
2260,3,2024-08-09,SB2,Shot_Blasting,Zone A,52488,205,0.56,58.0,0.0,0,1025,0.0,3.53448275862069
2261,4,2024-08-09,SB2,Shot_Blasting,Zone A,52691,203,0.67,75.0,0.0,0,1015,0.0,2.706666666666667
2262,5,2024-08-09,SB2,Shot_Blasting,Zone A,52901,210,0.64,52.0,0.0,0,1050,0.0,4.038461538461538
2263,6,2024-08-09,SB2,Shot_Blasting,Zone B,53112,211,0.68,55.0,0.0,0,1477,0.0,3.836363636363636
2264,7,2024-08-09,SB2,Shot_Blasting,Zone B,53329,217,0.67,78.0,0.0,0,1519,0.0,2.782051282051282
2265,8,2024-08-09,SB2,Shot_Blasting,Zone B,53534,205,0.55,55.0,0.0,0,1435,0.0,3.727272727272727
2266,9,2024-08-09,SB2,Shot_Blasting,Zone C,53747,213,0.57,50.0,0.0,0,1917,0.0,4.26
2267,10,2024-08-09,SB2,Shot_Blasting,Zone C,53951,204,0.69,67.0,0.0,0,1836,0.0,3.044776119402985
2268,11,2024-08-09,SB2,Shot_Blasting,Zone C,54157,206,0.68,53.0,0.0,0,1854,0.0,3.886792452830189
2269,12,2024-08-09,SB2,Shot_Blasting,Zone B,54375,218,0.69,80.0,0.0,0,1526,0.0,2.725
2270,13,2024-08-09,SB2,Shot_Blasting,Zone B,54580,205,0.64,60.0,0.0,0,1435,0.0,3.416666666666667
2271,14,2024-08-09,SB2,Shot_Blasting,Zone B,54797,217,0.61,72.0,0.0,0,1519,0.0,3.013888888888889
2272,15,2024-08-09,SB2,Shot_Blasting,Zone B,54998,201,0.63,68.0,0.0,0,1407,0.0,2.955882352941177
2273,16,2024-08-09,SB2,Shot_Blasting,Zone B,55211,213,0.68,55.0,0.0,0,1491,0.0,3.872727272727273
2274,17,2024-08-09,SB2,Shot_Blasting,Zone B,55429,218,0.64,79.0,0.0,0,1526,0.0,2.759493670886076
2275,18,2024-08-09,SB2,Shot_Blasting,Zone D,55647,218,0.59,65.0,0.0,0,2398,0.0,3.353846153846154
2276,19,2024-08-09,SB2,Shot_Blasting,Zone D,55854,207,0.55,52.0,0.0,0,2277,0.0,3.980769230769231
2277,20,2024-08-09,SB2,Shot_Blasting,Zone D,56071,217,0.67,57.0,0.0,0,2387,0.0,3.807017543859649
2278,21,2024-08-09,SB2,Shot_Blasting,Zone D,56271,200,0.59,52.0,0.0,0,2200,0.0,3.846153846153846
2279,22,2024-08-09,SB2,Shot_Blasting,Zone A,56484,213,0.63,62.0,0.0,0,1065,0.0,3.435483870967742
2280,23,2024-08-09,SB2,Shot_Blasting,Zone A,56687,203,0.64,51.0,0.0,0,1015,0.0,3.980392156862745
2281,0,2024-08-10,SB2,Shot_Blasting,Zone A,56892,205,0.69,67.0,0.0,0,1025,0.0,3.059701492537314
2282,1,2024-08-10,SB2,Shot_Blasting,Zone A,57094,202,0.64,67.0,0.0,0,1010,0.0,3.014925373134328
2283,2,2024-08-10,SB2,Shot_Blasting,Zone A,57307,213,0.66,64.0,0.0,0,1065,0.0,3.328125
2284,3,2024-08-10,SB2,Shot_Blasting,Zone A,57518,211,0.61,75.0,0.0,0,1055,0.0,2.813333333333333
2285,4,2024-08-10,SB2,Shot_Blasting,Zone A,57733,215,0.58,69.0,0.0,0,1075,0.0,3.115942028985507
2286,5,2024-08-10,SB2,Shot_Blasting,Zone A,57935,202,0.57,58.0,0.0,0,1010,0.0,3.482758620689655
2287,6,2024-08-10,SB2,Shot_Blasting,Zone B,58143,208,0.57,55.0,0.0,0,1456,0.0,3.781818181818182
2288,7,2024-08-10,SB2,Shot_Blasting,Zone B,58360,217,0.66,55.0,0.0,0,1519,0.0,3.945454545454545
2289,8,2024-08-10,SB2,Shot_Blasting,Zone B,58563,203,0.6,77.0,0.0,0,1421,0.0,2.636363636363636
2290,9,2024-08-10,SB2,Shot_Blasting,Zone C,58769,206,0.68,51.0,0.0,0,1854,0.0,4.03921568627451
2291,10,2024-08-10,SB2,Shot_Blasting,Zone C,58987,218,0.64,62.0,0.0,0,1962,0.0,3.516129032258065
2292,11,2024-08-10,SB2,Shot_Blasting,Zone C,59187,200,0.68,56.0,0.0,0,1800,0.0,3.571428571428572
2293,12,2024-08-10,SB2,Shot_Blasting,Zone B,59400,213,0.56,57.0,0.0,0,1491,0.0,3.736842105263158
2294,13,2024-08-10,SB2,Shot_Blasting,Zone B,59615,215,0.67,70.0,0.0,0,1505,0.0,3.071428571428572
2295,14,2024-08-10,SB2,Shot_Blasting,Zone B,59825,210,0.67,74.0,0.0,0,1470,0.0,2.837837837837838
2296,15,2024-08-10,SB2,Shot_Blasting,Zone B,60040,215,0.58,63.0,0.0,0,1505,0.0,3.412698412698413
2297,16,2024-08-10,SB2,Shot_Blasting,Zone B,60249,209,0.6,56.0,0.0,0,1463,0.0,3.732142857142857
2298,17,2024-08-10,SB2,Shot_Blasting,Zone B,60452,203,0.62,72.0,0.0,0,1421,0.0,2.819444444444445
2299,18,2024-08-10,SB2,Shot_Blasting,Zone D,60666,214,0.67,74.0,0.0,0,2354,0.0,2.891891891891892
2300,19,2024-08-10,SB2,Shot_Blasting,Zone D,60869,203,0.68,72.0,0.0,0,2233,0.0,2.819444444444445
2301,20,2024-08-10,SB2,Shot_Blasting,Zone D,61072,203,0.69,64.0,0.0,0,2233,0.0,3.171875
2302,21,2024-08-10,SB2,Shot_Blasting,Zone D,61286,214,0.63,78.0,0.0,0,2354,0.0,2.743589743589744
2303,22,2024-08-10,SB2,Shot_Blasting,Zone A,61488,202,0.66,54.0,0.0,0,1010,0.0,3.740740740740741
2304,23,2024-08-10,SB2,Shot_Blasting,Zone A,61696,208,0.65,54.0,0.0,0,1040,0.0,3.851851851851852
2305,0,2024-08-11,SB2,Shot_Blasting,Zone A,61906,210,0.59,57.0,0.0,0,1050,0.0,3.684210526315789
2306,1,2024-08-11,SB2,Shot_Blasting,Zone A,62111,205,0.61,60.0,0.0,0,1025,0.0,3.416666666666667
2307,2,2024-08-11,SB2,Shot_Blasting,Zone A,62316,205,0.68,60.0,0.0,0,1025,0.0,3.416666666666667
2308,3,2024-08-11,SB2,Shot_Blasting,Zone A,62533,217,0.56,63.0,0.0,0,1085,0.0,3.444444444444445
2309,4,2024-08-11,SB2,Shot_Blasting,Zone A,62753,220,0.63,59.0,0.0,0,1100,0.0,3.728813559322034
2310,5,2024-08-11,SB2,Shot_Blasting,Zone A,62953,200,0.65,73.0,0.0,0,1000,0.0,2.73972602739726
2311,6,2024-08-11,SB2,Shot_Blasting,Zone B,63162,209,0.57,56.0,0.0,0,1463,0.0,3.732142857142857
2312,7,2024-08-11,SB2,Shot_Blasting,Zone B,63374,212,0.67,50.0,0.0,0,1484,0.0,4.24
2313,8,2024-08-11,SB2,Shot_Blasting,Zone B,63588,214,0.63,55.0,0.0,0,1498,0.0,3.890909090909091
2314,9,2024-08-11,SB2,Shot_Blasting,Zone C,63789,201,0.56,54.0,0.0,0,1809,0.0,3.722222222222222
2315,10,2024-08-11,SB2,Shot_Blasting,Zone C,64007,218,0.68,52.0,0.0,0,1962,0.0,4.192307692307693
2316,11,2024-08-11,SB2,Shot_Blasting,Zone C,64213,206,0.63,61.0,0.0,0,1854,0.0,3.377049180327869
2317,12,2024-08-11,SB2,Shot_Blasting,Zone B,64429,216,0.65,67.0,0.0,0,1512,0.0,3.223880597014925
2318,13,2024-08-11,SB2,Shot_Blasting,Zone B,64643,214,0.56,57.0,0.0,0,1498,0.0,3.754385964912281
2319,14,2024-08-11,SB2,Shot_Blasting,Zone B,64844,201,0.58,66.0,0.0,0,1407,0.0,3.045454545454545
2320,15,2024-08-11,SB2,Shot_Blasting,Zone B,65060,216,0.65,61.0,0.0,0,1512,0.0,3.540983606557377
2321,16,2024-08-11,SB2,Shot_Blasting,Zone B,65269,209,0.69,60.0,0.0,0,1463,0.0,3.483333333333333
2322,17,2024-08-11,SB2,Shot_Blasting,Zone B,65486,217,0.63,66.0,0.0,0,1519,0.0,3.287878787878788
2323,18,2024-08-11,SB2,Shot_Blasting,Zone D,65687,201,0.57,75.0,0.0,0,2211,0.0,2.68
2324,19,2024-08-11,SB2,Shot_Blasting,Zone D,65903,216,0.7,70.0,0.0,0,2376,0.0,3.085714285714286
2325,20,2024-08-11,SB2,Shot_Blasting,Zone D,66105,202,0.59,70.0,0.0,0,2222,0.0,2.885714285714286
2326,21,2024-08-11,SB2,Shot_Blasting,Zone D,66325,220,0.66,67.0,0.0,0,2420,0.0,3.283582089552239
2327,22,2024-08-11,SB2,Shot_Blasting,Zone A,66544,219,0.55,73.0,0.0,0,1095,0.0,3.0
2328,23,2024-08-11,SB2,Shot_Blasting,Zone A,66751,207,0.64,62.0,0.0,0,1035,0.0,3.338709677419355
2329,0,2024-08-12,SB2,Shot_Blasting,Zone A,66953,202,0.67,55.0,0.0,0,1010,0.0,3.672727272727273
2330,1,2024-08-12,SB2,Shot_Blasting,Zone A,67154,201,0.55,73.0,0.0,0,1005,0.0,2.753424657534246
2331,2,2024-08-12,SB2,Shot_Blasting,Zone A,67360,206,0.6,55.0,0.0,0,1030,0.0,3.745454545454546
2332,3,2024-08-12,SB2,Shot_Blasting,Zone A,67562,202,0.68,66.0,0.0,0,1010,0.0,3.060606060606061
2333,4,2024-08-12,SB2,Shot_Blasting,Zone A,67779,217,0.56,77.0,0.0,0,1085,0.0,2.818181818181818
2334,5,2024-08-12,SB2,Shot_Blasting,Zone A,67983,204,0.59,58.0,0.0,0,1020,0.0,3.517241379310345
2335,6,2024-08-12,SB2,Shot_Blasting,Zone B,68195,212,0.69,70.0,0.0,0,1484,0.0,3.028571428571428
2336,7,2024-08-12,SB2,Shot_Blasting,Zone B,68396,201,0.55,63.0,0.0,0,1407,0.0,3.190476190476191
2337,8,2024-08-12,SB2,Shot_Blasting,Zone B,68609,213,0.66,57.0,0.0,0,1491,0.0,3.736842105263158
2338,9,2024-08-12,SB2,Shot_Blasting,Zone C,68812,203,0.57,59.0,0.0,0,1827,0.0,3.440677966101695
2339,10,2024-08-12,SB2,Shot_Blasting,Zone C,69031,219,0.61,60.0,0.0,0,1971,0.0,3.65
2340,11,2024-08-12,SB2,Shot_Blasting,Zone C,69236,205,0.67,51.0,0.0,0,1845,0.0,4.019607843137255
2341,12,2024-08-12,SB2,Shot_Blasting,Zone B,69440,204,0.67,55.0,0.0,0,1428,0.0,3.709090909090909
2342,13,2024-08-12,SB2,Shot_Blasting,Zone B,69644,204,0.69,62.0,0.0,0,1428,0.0,3.290322580645161
2343,14,2024-08-12,SB2,Shot_Blasting,Zone B,69846,202,0.69,75.0,0.0,0,1414,0.0,2.693333333333333
2344,15,2024-08-12,SB2,Shot_Blasting,Zone B,70065,219,0.6,73.0,0.0,0,1533,0.0,3.0
2345,16,2024-08-12,SB2,Shot_Blasting,Zone B,70265,200,0.63,70.0,0.0,0,1400,0.0,2.857142857142857
2346,17,2024-08-12,SB2,Shot_Blasting,Zone B,70480,215,0.63,53.0,0.0,0,1505,0.0,4.056603773584905
2347,18,2024-08-12,SB2,Shot_Blasting,Zone D,70698,218,0.62,66.0,0.0,0,2398,0.0,3.303030303030303
2348,19,2024-08-12,SB2,Shot_Blasting,Zone D,70913,215,0.57,76.0,0.0,0,2365,0.0,2.828947368421053
2349,20,2024-08-12,SB2,Shot_Blasting,Zone D,71123,210,0.68,75.0,0.0,0,2310,0.0,2.8
2350,21,2024-08-12,SB2,Shot_Blasting,Zone D,71328,205,0.58,69.0,0.0,0,2255,0.0,2.971014492753623
2351,22,2024-08-12,SB2,Shot_Blasting,Zone A,71541,213,0.69,66.0,0.0,0,1065,0.0,3.227272727272727
2352,23,2024-08-12,SB2,Shot_Blasting,Zone A,71743,202,0.59,78.0,0.0,0,1010,0.0,2.58974358974359
2353,0,2024-07-30,Com_1,Utilities,Zone A,1095,5,0.94,56.0,0.0,0,25,0.0,0.08928571428571429
2354,1,2024-07-30,Com_1,Utilities,Zone A,1100,5,0.93,49.0,0.0,0,25,0.0,0.1020408163265306
2355,2,2024-07-30,Com_1,Utilities,Zone A,1109,9,0.91,57.0,0.0,0,45,0.0,0.1578947368421053
2356,3,2024-07-30,Com_1,Utilities,Zone A,1115,6,0.93,45.0,0.0,0,30,0.0,0.1333333333333333
2357,4,2024-07-30,Com_1,Utilities,Zone A,1125,10,0.91,60.0,0.0,0,50,0.0,0.1666666666666667
2358,5,2024-07-30,Com_1,Utilities,Zone A,1133,8,0.91,56.0,0.0,0,40,0.0,0.1428571428571428
2359,6,2024-07-30,Com_1,Utilities,Zone B,1140,7,0.93,58.0,0.0,0,49,0.0,0.1206896551724138
2360,7,2024-07-30,Com_1,Utilities,Zone B,1147,7,0.9,54.0,0.0,0,49,0.0,0.1296296296296296
2361,8,2024-07-30,Com_1,Utilities,Zone B,1156,9,0.93,52.0,0.0,0,63,0.0,0.1730769230769231
2362,9,2024-07-30,Com_1,Utilities,Zone C,1162,6,0.94,49.0,0.0,0,54,0.0,0.1224489795918367
2363,10,2024-07-30,Com_1,Utilities,Zone C,1170,8,0.9,58.0,0.0,0,72,0.0,0.1379310344827586
2364,11,2024-07-30,Com_1,Utilities,Zone C,1176,6,0.94,51.0,0.0,0,54,0.0,0.1176470588235294
2365,12,2024-07-30,Com_1,Utilities,Zone B,1182,6,0.92,53.0,0.0,0,42,0.0,0.1132075471698113
2366,13,2024-07-30,Com_1,Utilities,Zone B,1191,9,0.95,48.0,0.0,0,63,0.0,0.1875
2367,14,2024-07-30,Com_1,Utilities,Zone B,1199,8,0.92,54.0,0.0,0,56,0.0,0.1481481481481481
2368,15,2024-07-30,Com_1,Utilities,Zone B,1205,6,0.92,60.0,0.0,0,42,0.0,0.1
2369,16,2024-07-30,Com_1,Utilities,Zone B,1212,7,0.93,48.0,0.0,0,49,0.0,0.1458333333333333
2370,17,2024-07-30,Com_1,Utilities,Zone B,1217,5,0.92,49.0,0.0,0,35,0.0,0.1020408163265306
2371,18,2024-07-30,Com_1,Utilities,Zone D,1224,7,0.92,47.0,0.0,0,77,0.0,0.148936170212766
2372,19,2024-07-30,Com_1,Utilities,Zone D,1234,10,0.92,55.0,0.0,0,110,0.0,0.1818181818181818
2373,20,2024-07-30,Com_1,Utilities,Zone D,1240,6,0.94,56.0,0.0,0,66,0.0,0.1071428571428571
2374,21,2024-07-30,Com_1,Utilities,Zone D,1246,6,0.92,53.0,0.0,0,66,0.0,0.1132075471698113
2375,22,2024-07-30,Com_1,Utilities,Zone A,1255,9,0.94,51.0,0.0,0,45,0.0,0.1764705882352941
2376,23,2024-07-30,Com_1,Utilities,Zone A,1261,6,0.94,56.0,0.0,0,30,0.0,0.1071428571428571
2377,0,2024-07-31,Com_1,Utilities,Zone A,1268,7,0.93,48.0,0.0,0,35,0.0,0.1458333333333333
2378,1,2024-07-31,Com_1,Utilities,Zone A,1273,5,0.92,54.0,0.0,0,25,0.0,0.09259259259259259
2379,2,2024-07-31,Com_1,Utilities,Zone A,1279,6,0.92,56.0,0.0,0,30,0.0,0.1071428571428571
2380,3,2024-07-31,Com_1,Utilities,Zone A,1285,6,0.94,52.0,0.0,0,30,0.0,0.1153846153846154
2381,4,2024-07-31,Com_1,Utilities,Zone A,1290,5,0.93,52.0,0.0,0,25,0.0,0.09615384615384616
2382,5,2024-07-31,Com_1,Utilities,Zone A,1297,7,0.9,58.0,0.0,0,35,0.0,0.1206896551724138
2383,6,2024-07-31,Com_1,Utilities,Zone B,1302,5,0.91,53.0,0.0,0,35,0.0,0.09433962264150944
2384,7,2024-07-31,Com_1,Utilities,Zone B,1307,5,0.91,51.0,0.0,0,35,0.0,0.09803921568627451
2385,8,2024-07-31,Com_1,Utilities,Zone B,1313,6,0.9,45.0,0.0,0,42,0.0,0.1333333333333333
2386,9,2024-07-31,Com_1,Utilities,Zone C,1319,6,0.91,52.0,0.0,0,54,0.0,0.1153846153846154
2387,10,2024-07-31,Com_1,Utilities,Zone C,1326,7,0.93,47.0,0.0,0,63,0.0,0.148936170212766
2388,11,2024-07-31,Com_1,Utilities,Zone C,1336,10,0.9,50.0,0.0,0,90,0.0,0.2
2389,12,2024-07-31,Com_1,Utilities,Zone B,1341,5,0.91,47.0,0.0,0,35,0.0,0.1063829787234043
2390,13,2024-07-31,Com_1,Utilities,Zone B,1347,6,0.92,46.0,0.0,0,42,0.0,0.1304347826086956
2391,14,2024-07-31,Com_1,Utilities,Zone B,1355,8,0.93,54.0,0.0,0,56,0.0,0.1481481481481481
2392,15,2024-07-31,Com_1,Utilities,Zone B,1361,6,0.91,58.0,0.0,0,42,0.0,0.103448275862069
2393,16,2024-07-31,Com_1,Utilities,Zone B,1366,5,0.94,58.0,0.0,0,35,0.0,0.08620689655172414
2394,17,2024-07-31,Com_1,Utilities,Zone B,1376,10,0.93,52.0,0.0,0,70,0.0,0.1923076923076923
2395,18,2024-07-31,Com_1,Utilities,Zone D,1383,7,0.93,45.0,0.0,0,77,0.0,0.1555555555555556
2396,19,2024-07-31,Com_1,Utilities,Zone D,1391,8,0.94,46.0,0.0,0,88,0.0,0.1739130434782609
2397,20,2024-07-31,Com_1,Utilities,Zone D,1396,5,0.91,51.0,0.0,0,55,0.0,0.09803921568627451
2398,21,2024-07-31,Com_1,Utilities,Zone D,1405,9,0.93,47.0,0.0,0,99,0.0,0.1914893617021277
2399,22,2024-07-31,Com_1,Utilities,Zone A,1413,8,0.91,52.0,0.0,0,40,0.0,0.1538461538461539
2400,23,2024-07-31,Com_1,Utilities,Zone A,1420,7,0.91,47.0,0.0,0,35,0.0,0.148936170212766
2401,0,2024-08-01,Com_1,Utilities,Zone A,1428,8,0.94,53.0,0.0,0,40,0.0,0.1509433962264151
2402,1,2024-08-01,Com_1,Utilities,Zone A,1438,10,0.91,50.0,0.0,0,50,0.0,0.2
2403,2,2024-08-01,Com_1,Utilities,Zone A,1448,10,0.95,57.0,0.0,0,50,0.0,0.1754385964912281
2404,3,2024-08-01,Com_1,Utilities,Zone A,1455,7,0.94,51.0,0.0,0,35,0.0,0.1372549019607843
2405,4,2024-08-01,Com_1,Utilities,Zone A,1464,9,0.94,53.0,0.0,0,45,0.0,0.169811320754717
2406,5,2024-08-01,Com_1,Utilities,Zone A,1470,6,0.91,58.0,0.0,0,30,0.0,0.103448275862069
2407,6,2024-08-01,Com_1,Utilities,Zone B,1477,7,0.93,46.0,0.0,0,49,0.0,0.1521739130434783
2408,7,2024-08-01,Com_1,Utilities,Zone B,1483,6,0.91,54.0,0.0,0,42,0.0,0.1111111111111111
2409,8,2024-08-01,Com_1,Utilities,Zone B,1490,7,0.91,56.0,0.0,0,49,0.0,0.125
2410,9,2024-08-01,Com_1,Utilities,Zone C,1500,10,0.95,60.0,0.0,0,90,0.0,0.1666666666666667
2411,10,2024-08-01,Com_1,Utilities,Zone C,1505,5,0.92,57.0,0.0,0,45,0.0,0.08771929824561403
2412,11,2024-08-01,Com_1,Utilities,Zone C,1513,8,0.94,58.0,0.0,0,72,0.0,0.1379310344827586
2413,12,2024-08-01,Com_1,Utilities,Zone B,1520,7,0.94,60.0,0.0,0,49,0.0,0.1166666666666667
2414,13,2024-08-01,Com_1,Utilities,Zone B,1528,8,0.93,54.0,0.0,0,56,0.0,0.1481481481481481
2415,14,2024-08-01,Com_1,Utilities,Zone B,1537,9,0.93,58.0,0.0,0,63,0.0,0.1551724137931035
2416,15,2024-08-01,Com_1,Utilities,Zone B,1542,5,0.94,49.0,0.0,0,35,0.0,0.1020408163265306
2417,16,2024-08-01,Com_1,Utilities,Zone B,1552,10,0.95,55.0,0.0,0,70,0.0,0.1818181818181818
2418,17,2024-08-01,Com_1,Utilities,Zone B,1558,6,0.93,47.0,0.0,0,42,0.0,0.1276595744680851
2419,18,2024-08-01,Com_1,Utilities,Zone D,1565,7,0.93,53.0,0.0,0,77,0.0,0.1320754716981132
2420,19,2024-08-01,Com_1,Utilities,Zone D,1574,9,0.94,57.0,0.0,0,99,0.0,0.1578947368421053
2421,20,2024-08-01,Com_1,Utilities,Zone D,1581,7,0.93,52.0,0.0,0,77,0.0,0.1346153846153846
2422,21,2024-08-01,Com_1,Utilities,Zone D,1586,5,0.9,55.0,0.0,0,55,0.0,0.09090909090909091
2423,22,2024-08-01,Com_1,Utilities,Zone A,1592,6,0.95,46.0,0.0,0,30,0.0,0.1304347826086956
2424,23,2024-08-01,Com_1,Utilities,Zone A,1599,7,0.95,48.0,0.0,0,35,0.0,0.1458333333333333
2425,0,2024-08-02,Com_1,Utilities,Zone A,1607,8,0.91,55.0,0.0,0,40,0.0,0.1454545454545454
2426,1,2024-08-02,Com_1,Utilities,Zone A,1613,6,0.94,53.0,0.0,0,30,0.0,0.1132075471698113
2427,2,2024-08-02,Com_1,Utilities,Zone A,1623,10,0.95,59.0,0.0,0,50,0.0,0.1694915254237288
2428,3,2024-08-02,Com_1,Utilities,Zone A,1632,9,0.91,59.0,0.0,0,45,0.0,0.1525423728813559
2429,4,2024-08-02,Com_1,Utilities,Zone A,1640,8,0.9,55.0,0.0,0,40,0.0,0.1454545454545454
2430,5,2024-08-02,Com_1,Utilities,Zone A,1648,8,0.9,49.0,0.0,0,40,0.0,0.163265306122449
2431,6,2024-08-02,Com_1,Utilities,Zone B,1653,5,0.93,55.0,0.0,0,35,0.0,0.09090909090909091
2432,7,2024-08-02,Com_1,Utilities,Zone B,1661,8,0.94,58.0,0.0,0,56,0.0,0.1379310344827586
2433,8,2024-08-02,Com_1,Utilities,Zone B,1667,6,0.91,53.0,0.0,0,42,0.0,0.1132075471698113
2434,9,2024-08-02,Com_1,Utilities,Zone C,1673,6,0.93,49.0,0.0,0,54,0.0,0.1224489795918367
2435,10,2024-08-02,Com_1,Utilities,Zone C,1681,8,0.92,59.0,0.0,0,72,0.0,0.1355932203389831
2436,11,2024-08-02,Com_1,Utilities,Zone C,1691,10,0.92,47.0,0.0,0,90,0.0,0.2127659574468085
2437,12,2024-08-02,Com_1,Utilities,Zone B,1700,9,0.9,52.0,0.0,0,63,0.0,0.1730769230769231
2438,13,2024-08-02,Com_1,Utilities,Zone B,1709,9,0.93,54.0,0.0,0,63,0.0,0.1666666666666667
2439,14,2024-08-02,Com_1,Utilities,Zone B,1719,10,0.95,49.0,0.0,0,70,0.0,0.2040816326530612
2440,15,2024-08-02,Com_1,Utilities,Zone B,1726,7,0.94,46.0,0.0,0,49,0.0,0.1521739130434783
2441,16,2024-08-02,Com_1,Utilities,Zone B,1733,7,0.92,51.0,0.0,0,49,0.0,0.1372549019607843
2442,17,2024-08-02,Com_1,Utilities,Zone B,1743,10,0.91,55.0,0.0,0,70,0.0,0.1818181818181818
2443,18,2024-08-02,Com_1,Utilities,Zone D,1749,6,0.91,51.0,0.0,0,66,0.0,0.1176470588235294
2444,19,2024-08-02,Com_1,Utilities,Zone D,1754,5,0.91,59.0,0.0,0,55,0.0,0.0847457627118644
2445,20,2024-08-02,Com_1,Utilities,Zone D,1764,10,0.92,49.0,0.0,0,110,0.0,0.2040816326530612
2446,21,2024-08-02,Com_1,Utilities,Zone D,1774,10,0.91,45.0,0.0,0,110,0.0,0.2222222222222222
2447,22,2024-08-02,Com_1,Utilities,Zone A,1780,6,0.93,47.0,0.0,0,30,0.0,0.1276595744680851
2448,23,2024-08-02,Com_1,Utilities,Zone A,1789,9,0.95,50.0,0.0,0,45,0.0,0.18
2449,0,2024-08-03,Com_1,Utilities,Zone A,1798,9,0.94,54.0,0.0,0,45,0.0,0.1666666666666667
2450,1,2024-08-03,Com_1,Utilities,Zone A,1805,7,0.95,52.0,0.0,0,35,0.0,0.1346153846153846
2451,2,2024-08-03,Com_1,Utilities,Zone A,1815,10,0.94,47.0,0.0,0,50,0.0,0.2127659574468085
2452,3,2024-08-03,Com_1,Utilities,Zone A,1822,7,0.91,47.0,0.0,0,35,0.0,0.148936170212766
2453,4,2024-08-03,Com_1,Utilities,Zone A,1830,8,0.92,49.0,0.0,0,40,0.0,0.163265306122449
2454,5,2024-08-03,Com_1,Utilities,Zone A,1838,8,0.91,52.0,0.0,0,40,0.0,0.1538461538461539
2455,6,2024-08-03,Com_1,Utilities,Zone B,1845,7,0.92,47.0,0.0,0,49,0.0,0.148936170212766
2456,7,2024-08-03,Com_1,Utilities,Zone B,1851,6,0.94,57.0,0.0,0,42,0.0,0.1052631578947368
2457,8,2024-08-03,Com_1,Utilities,Zone B,1858,7,0.95,50.0,0.0,0,49,0.0,0.14
2458,9,2024-08-03,Com_1,Utilities,Zone C,1867,9,0.93,45.0,0.0,0,81,0.0,0.2
2459,10,2024-08-03,Com_1,Utilities,Zone C,1874,7,0.95,45.0,0.0,0,63,0.0,0.1555555555555556
2460,11,2024-08-03,Com_1,Utilities,Zone C,1880,6,0.92,54.0,0.0,0,54,0.0,0.1111111111111111
2461,12,2024-08-03,Com_1,Utilities,Zone B,1888,8,0.93,59.0,0.0,0,56,0.0,0.1355932203389831
2462,13,2024-08-03,Com_1,Utilities,Zone B,1896,8,0.94,58.0,0.0,0,56,0.0,0.1379310344827586
2463,14,2024-08-03,Com_1,Utilities,Zone B,1901,5,0.91,46.0,0.0,0,35,0.0,0.108695652173913
2464,15,2024-08-03,Com_1,Utilities,Zone B,1910,9,0.94,58.0,0.0,0,63,0.0,0.1551724137931035
2465,16,2024-08-03,Com_1,Utilities,Zone B,1920,10,0.91,53.0,0.0,0,70,0.0,0.1886792452830189
2466,17,2024-08-03,Com_1,Utilities,Zone B,1926,6,0.94,51.0,0.0,0,42,0.0,0.1176470588235294
2467,18,2024-08-03,Com_1,Utilities,Zone D,1936,10,0.9,57.0,0.0,0,110,0.0,0.1754385964912281
2468,19,2024-08-03,Com_1,Utilities,Zone D,1944,8,0.94,49.0,0.0,0,88,0.0,0.163265306122449
2469,20,2024-08-03,Com_1,Utilities,Zone D,1952,8,0.92,59.0,0.0,0,88,0.0,0.1355932203389831
2470,21,2024-08-03,Com_1,Utilities,Zone D,1961,9,0.93,46.0,0.0,0,99,0.0,0.1956521739130435
2471,22,2024-08-03,Com_1,Utilities,Zone A,1968,7,0.95,46.0,0.0,0,35,0.0,0.1521739130434783
2472,23,2024-08-03,Com_1,Utilities,Zone A,1978,10,0.95,56.0,0.0,0,50,0.0,0.1785714285714286
2473,0,2024-08-04,Com_1,Utilities,Zone A,1987,9,0.94,57.0,0.0,0,45,0.0,0.1578947368421053
2474,1,2024-08-04,Com_1,Utilities,Zone A,1992,5,0.93,47.0,0.0,0,25,0.0,0.1063829787234043
2475,2,2024-08-04,Com_1,Utilities,Zone A,2000,8,0.91,46.0,0.0,0,40,0.0,0.1739130434782609
2476,3,2024-08-04,Com_1,Utilities,Zone A,2009,9,0.91,50.0,0.0,0,45,0.0,0.18
2477,4,2024-08-04,Com_1,Utilities,Zone A,2018,9,0.94,60.0,0.0,0,45,0.0,0.15
2478,5,2024-08-04,Com_1,Utilities,Zone A,2027,9,0.92,49.0,0.0,0,45,0.0,0.1836734693877551
2479,6,2024-08-04,Com_1,Utilities,Zone B,2033,6,0.9,49.0,0.0,0,42,0.0,0.1224489795918367
2480,7,2024-08-04,Com_1,Utilities,Zone B,2042,9,0.91,48.0,0.0,0,63,0.0,0.1875
2481,8,2024-08-04,Com_1,Utilities,Zone B,2051,9,0.94,45.0,0.0,0,63,0.0,0.2
2482,9,2024-08-04,Com_1,Utilities,Zone C,2060,9,0.92,56.0,0.0,0,81,0.0,0.1607142857142857
2483,10,2024-08-04,Com_1,Utilities,Zone C,2069,9,0.93,47.0,0.0,0,81,0.0,0.1914893617021277
2484,11,2024-08-04,Com_1,Utilities,Zone C,2078,9,0.92,49.0,0.0,0,81,0.0,0.1836734693877551
2485,12,2024-08-04,Com_1,Utilities,Zone B,2083,5,0.91,52.0,0.0,0,35,0.0,0.09615384615384616
2486,13,2024-08-04,Com_1,Utilities,Zone B,2090,7,0.92,53.0,0.0,0,49,0.0,0.1320754716981132
2487,14,2024-08-04,Com_1,Utilities,Zone B,2099,9,0.91,57.0,0.0,0,63,0.0,0.1578947368421053
2488,15,2024-08-04,Com_1,Utilities,Zone B,2104,5,0.9,56.0,0.0,0,35,0.0,0.08928571428571429
2489,16,2024-08-04,Com_1,Utilities,Zone B,2112,8,0.95,49.0,0.0,0,56,0.0,0.163265306122449
2490,17,2024-08-04,Com_1,Utilities,Zone B,2121,9,0.9,50.0,0.0,0,63,0.0,0.18
2491,18,2024-08-04,Com_1,Utilities,Zone D,2128,7,0.95,53.0,0.0,0,77,0.0,0.1320754716981132
2492,19,2024-08-04,Com_1,Utilities,Zone D,2135,7,0.9,59.0,0.0,0,77,0.0,0.1186440677966102
2493,20,2024-08-04,Com_1,Utilities,Zone D,2142,7,0.9,50.0,0.0,0,77,0.0,0.14
2494,21,2024-08-04,Com_1,Utilities,Zone D,2152,10,0.93,52.0,0.0,0,110,0.0,0.1923076923076923
2495,22,2024-08-04,Com_1,Utilities,Zone A,2161,9,0.92,56.0,0.0,0,45,0.0,0.1607142857142857
2496,23,2024-08-04,Com_1,Utilities,Zone A,2168,7,0.92,60.0,0.0,0,35,0.0,0.1166666666666667
2497,0,2024-08-05,Com_1,Utilities,Zone A,2178,10,0.94,60.0,0.0,0,50,0.0,0.1666666666666667
2498,1,2024-08-05,Com_1,Utilities,Zone A,2183,5,0.94,47.0,0.0,0,25,0.0,0.1063829787234043
2499,2,2024-08-05,Com_1,Utilities,Zone A,2192,9,0.92,45.0,0.0,0,45,0.0,0.2
2500,3,2024-08-05,Com_1,Utilities,Zone A,2201,9,0.92,48.0,0.0,0,45,0.0,0.1875
2501,4,2024-08-05,Com_1,Utilities,Zone A,2206,5,0.9,51.0,0.0,0,25,0.0,0.09803921568627451
2502,5,2024-08-05,Com_1,Utilities,Zone A,2216,10,0.94,52.0,0.0,0,50,0.0,0.1923076923076923
2503,6,2024-08-05,Com_1,Utilities,Zone B,2225,9,0.95,57.0,0.0,0,63,0.0,0.1578947368421053
2504,7,2024-08-05,Com_1,Utilities,Zone B,2234,9,0.94,58.0,0.0,0,63,0.0,0.1551724137931035
2505,8,2024-08-05,Com_1,Utilities,Zone B,2239,5,0.93,51.0,0.0,0,35,0.0,0.09803921568627451
2506,9,2024-08-05,Com_1,Utilities,Zone C,2248,9,0.92,45.0,0.0,0,81,0.0,0.2
2507,10,2024-08-05,Com_1,Utilities,Zone C,2255,7,0.94,58.0,0.0,0,63,0.0,0.1206896551724138
2508,11,2024-08-05,Com_1,Utilities,Zone C,2262,7,0.95,58.0,0.0,0,63,0.0,0.1206896551724138
2509,12,2024-08-05,Com_1,Utilities,Zone B,2267,5,0.91,47.0,0.0,0,35,0.0,0.1063829787234043
2510,13,2024-08-05,Com_1,Utilities,Zone B,2274,7,0.91,59.0,0.0,0,49,0.0,0.1186440677966102
2511,14,2024-08-05,Com_1,Utilities,Zone B,2282,8,0.92,54.0,0.0,0,56,0.0,0.1481481481481481
2512,15,2024-08-05,Com_1,Utilities,Zone B,2289,7,0.95,54.0,0.0,0,49,0.0,0.1296296296296296
2513,16,2024-08-05,Com_1,Utilities,Zone B,2297,8,0.92,58.0,0.0,0,56,0.0,0.1379310344827586
2514,17,2024-08-05,Com_1,Utilities,Zone B,2304,7,0.92,58.0,0.0,0,49,0.0,0.1206896551724138
2515,18,2024-08-05,Com_1,Utilities,Zone D,2312,8,0.9,53.0,0.0,0,88,0.0,0.1509433962264151
2516,19,2024-08-05,Com_1,Utilities,Zone D,2321,9,0.92,55.0,0.0,0,99,0.0,0.1636363636363636
2517,20,2024-08-05,Com_1,Utilities,Zone D,2326,5,0.92,52.0,0.0,0,55,0.0,0.09615384615384616
2518,21,2024-08-05,Com_1,Utilities,Zone D,2332,6,0.91,53.0,0.0,0,66,0.0,0.1132075471698113
2519,22,2024-08-05,Com_1,Utilities,Zone A,2340,8,0.91,56.0,0.0,0,40,0.0,0.1428571428571428
2520,23,2024-08-05,Com_1,Utilities,Zone A,2345,5,0.92,52.0,0.0,0,25,0.0,0.09615384615384616
2521,0,2024-08-06,Com_1,Utilities,Zone A,2355,10,0.91,45.0,0.0,0,50,0.0,0.2222222222222222
2522,1,2024-08-06,Com_1,Utilities,Zone A,2365,10,0.93,52.0,0.0,0,50,0.0,0.1923076923076923
2523,2,2024-08-06,Com_1,Utilities,Zone A,2372,7,0.91,52.0,0.0,0,35,0.0,0.1346153846153846
2524,3,2024-08-06,Com_1,Utilities,Zone A,2378,6,0.93,47.0,0.0,0,30,0.0,0.1276595744680851
2525,4,2024-08-06,Com_1,Utilities,Zone A,2387,9,0.93,59.0,0.0,0,45,0.0,0.1525423728813559
2526,5,2024-08-06,Com_1,Utilities,Zone A,2397,10,0.94,54.0,0.0,0,50,0.0,0.1851851851851852
2527,6,2024-08-06,Com_1,Utilities,Zone B,2405,8,0.94,48.0,0.0,0,56,0.0,0.1666666666666667
2528,7,2024-08-06,Com_1,Utilities,Zone B,2415,10,0.9,57.0,0.0,0,70,0.0,0.1754385964912281
2529,8,2024-08-06,Com_1,Utilities,Zone B,2421,6,0.93,45.0,0.0,0,42,0.0,0.1333333333333333
2530,9,2024-08-06,Com_1,Utilities,Zone C,2428,7,0.92,52.0,0.0,0,63,0.0,0.1346153846153846
2531,10,2024-08-06,Com_1,Utilities,Zone C,2437,9,0.95,47.0,0.0,0,81,0.0,0.1914893617021277
2532,11,2024-08-06,Com_1,Utilities,Zone C,2442,5,0.92,52.0,0.0,0,45,0.0,0.09615384615384616
2533,12,2024-08-06,Com_1,Utilities,Zone B,2452,10,0.92,58.0,0.0,0,70,0.0,0.1724137931034483
2534,13,2024-08-06,Com_1,Utilities,Zone B,2458,6,0.9,52.0,0.0,0,42,0.0,0.1153846153846154
2535,14,2024-08-06,Com_1,Utilities,Zone B,2463,5,0.92,45.0,0.0,0,35,0.0,0.1111111111111111
2536,15,2024-08-06,Com_1,Utilities,Zone B,2472,9,0.91,57.0,0.0,0,63,0.0,0.1578947368421053
2537,16,2024-08-06,Com_1,Utilities,Zone B,2477,5,0.91,52.0,0.0,0,35,0.0,0.09615384615384616
2538,17,2024-08-06,Com_1,Utilities,Zone B,2484,7,0.92,56.0,0.0,0,49,0.0,0.125
2539,18,2024-08-06,Com_1,Utilities,Zone D,2494,10,0.93,59.0,0.0,0,110,0.0,0.1694915254237288
2540,19,2024-08-06,Com_1,Utilities,Zone D,2502,8,0.91,51.0,0.0,0,88,0.0,0.1568627450980392
2541,20,2024-08-06,Com_1,Utilities,Zone D,2507,5,0.93,58.0,0.0,0,55,0.0,0.08620689655172414
2542,21,2024-08-06,Com_1,Utilities,Zone D,2514,7,0.94,58.0,0.0,0,77,0.0,0.1206896551724138
2543,22,2024-08-06,Com_1,Utilities,Zone A,2523,9,0.92,57.0,0.0,0,45,0.0,0.1578947368421053
2544,23,2024-08-06,Com_1,Utilities,Zone A,2529,6,0.92,51.0,0.0,0,30,0.0,0.1176470588235294
2545,0,2024-08-07,Com_1,Utilities,Zone A,2539,10,0.94,59.0,0.0,0,50,0.0,0.1694915254237288
2546,1,2024-08-07,Com_1,Utilities,Zone A,2549,10,0.91,60.0,0.0,0,50,0.0,0.1666666666666667
2547,2,2024-08-07,Com_1,Utilities,Zone A,2559,10,0.91,58.0,0.0,0,50,0.0,0.1724137931034483
2548,3,2024-08-07,Com_1,Utilities,Zone A,2567,8,0.92,50.0,0.0,0,40,0.0,0.16
2549,4,2024-08-07,Com_1,Utilities,Zone A,2575,8,0.94,57.0,0.0,0,40,0.0,0.1403508771929824
2550,5,2024-08-07,Com_1,Utilities,Zone A,2583,8,0.92,47.0,0.0,0,40,0.0,0.1702127659574468
2551,6,2024-08-07,Com_1,Utilities,Zone B,2591,8,0.92,45.0,0.0,0,56,0.0,0.1777777777777778
2552,7,2024-08-07,Com_1,Utilities,Zone B,2596,5,0.91,56.0,0.0,0,35,0.0,0.08928571428571429
2553,8,2024-08-07,Com_1,Utilities,Zone B,2604,8,0.94,48.0,0.0,0,56,0.0,0.1666666666666667
2554,9,2024-08-07,Com_1,Utilities,Zone C,2613,9,0.93,47.0,0.0,0,81,0.0,0.1914893617021277
2555,10,2024-08-07,Com_1,Utilities,Zone C,2622,9,0.91,57.0,0.0,0,81,0.0,0.1578947368421053
2556,11,2024-08-07,Com_1,Utilities,Zone C,2630,8,0.92,51.0,0.0,0,72,0.0,0.1568627450980392
2557,12,2024-08-07,Com_1,Utilities,Zone B,2638,8,0.95,57.0,0.0,0,56,0.0,0.1403508771929824
2558,13,2024-08-07,Com_1,Utilities,Zone B,2647,9,0.91,56.0,0.0,0,63,0.0,0.1607142857142857
2559,14,2024-08-07,Com_1,Utilities,Zone B,2657,10,0.95,58.0,0.0,0,70,0.0,0.1724137931034483
2560,15,2024-08-07,Com_1,Utilities,Zone B,2666,9,0.94,55.0,0.0,0,63,0.0,0.1636363636363636
2561,16,2024-08-07,Com_1,Utilities,Zone B,2674,8,0.94,56.0,0.0,0,56,0.0,0.1428571428571428
2562,17,2024-08-07,Com_1,Utilities,Zone B,2681,7,0.93,53.0,0.0,0,49,0.0,0.1320754716981132
2563,18,2024-08-07,Com_1,Utilities,Zone D,2688,7,0.92,56.0,0.0,0,77,0.0,0.125
2564,19,2024-08-07,Com_1,Utilities,Zone D,2698,10,0.93,58.0,0.0,0,110,0.0,0.1724137931034483
2565,20,2024-08-07,Com_1,Utilities,Zone D,2704,6,0.94,48.0,0.0,0,66,0.0,0.125
2566,21,2024-08-07,Com_1,Utilities,Zone D,2714,10,0.93,57.0,0.0,0,110,0.0,0.1754385964912281
2567,22,2024-08-07,Com_1,Utilities,Zone A,2721,7,0.92,45.0,0.0,0,35,0.0,0.1555555555555556
2568,23,2024-08-07,Com_1,Utilities,Zone A,2728,7,0.9,53.0,0.0,0,35,0.0,0.1320754716981132
2569,0,2024-08-08,Com_1,Utilities,Zone A,2734,6,0.9,53.0,0.0,0,30,0.0,0.1132075471698113
2570,1,2024-08-08,Com_1,Utilities,Zone A,2739,5,0.94,50.0,0.0,0,25,0.0,0.1
2571,2,2024-08-08,Com_1,Utilities,Zone A,2748,9,0.91,50.0,0.0,0,45,0.0,0.18
2572,3,2024-08-08,Com_1,Utilities,Zone A,2757,9,0.93,59.0,0.0,0,45,0.0,0.1525423728813559
2573,4,2024-08-08,Com_1,Utilities,Zone A,2767,10,0.91,56.0,0.0,0,50,0.0,0.1785714285714286
2574,5,2024-08-08,Com_1,Utilities,Zone A,2777,10,0.95,51.0,0.0,0,50,0.0,0.196078431372549
2575,6,2024-08-08,Com_1,Utilities,Zone B,2783,6,0.94,56.0,0.0,0,42,0.0,0.1071428571428571
2576,7,2024-08-08,Com_1,Utilities,Zone B,2792,9,0.94,59.0,0.0,0,63,0.0,0.1525423728813559
2577,8,2024-08-08,Com_1,Utilities,Zone B,2802,10,0.93,50.0,0.0,0,70,0.0,0.2
2578,9,2024-08-08,Com_1,Utilities,Zone C,2808,6,0.93,46.0,0.0,0,54,0.0,0.1304347826086956
2579,10,2024-08-08,Com_1,Utilities,Zone C,2814,6,0.92,45.0,0.0,0,54,0.0,0.1333333333333333
2580,11,2024-08-08,Com_1,Utilities,Zone C,2821,7,0.94,46.0,0.0,0,63,0.0,0.1521739130434783
2581,12,2024-08-08,Com_1,Utilities,Zone B,2829,8,0.92,52.0,0.0,0,56,0.0,0.1538461538461539
2582,13,2024-08-08,Com_1,Utilities,Zone B,2839,10,0.95,55.0,0.0,0,70,0.0,0.1818181818181818
2583,14,2024-08-08,Com_1,Utilities,Zone B,2849,10,0.94,58.0,0.0,0,70,0.0,0.1724137931034483
2584,15,2024-08-08,Com_1,Utilities,Zone B,2854,5,0.94,54.0,0.0,0,35,0.0,0.09259259259259259
2585,16,2024-08-08,Com_1,Utilities,Zone B,2864,10,0.95,51.0,0.0,0,70,0.0,0.196078431372549
2586,17,2024-08-08,Com_1,Utilities,Zone B,2872,8,0.91,54.0,0.0,0,56,0.0,0.1481481481481481
2587,18,2024-08-08,Com_1,Utilities,Zone D,2879,7,0.91,46.0,0.0,0,77,0.0,0.1521739130434783
2588,19,2024-08-08,Com_1,Utilities,Zone D,2887,8,0.94,50.0,0.0,0,88,0.0,0.16
2589,20,2024-08-08,Com_1,Utilities,Zone D,2892,5,0.9,47.0,0.0,0,55,0.0,0.1063829787234043
2590,21,2024-08-08,Com_1,Utilities,Zone D,2900,8,0.9,52.0,0.0,0,88,0.0,0.1538461538461539
2591,22,2024-08-08,Com_1,Utilities,Zone A,2907,7,0.9,53.0,0.0,0,35,0.0,0.1320754716981132
2592,23,2024-08-08,Com_1,Utilities,Zone A,2914,7,0.94,45.0,0.0,0,35,0.0,0.1555555555555556
2593,0,2024-08-09,Com_1,Utilities,Zone A,2921,7,0.92,60.0,0.0,0,35,0.0,0.1166666666666667
2594,1,2024-08-09,Com_1,Utilities,Zone A,2927,6,0.94,50.0,0.0,0,30,0.0,0.12
2595,2,2024-08-09,Com_1,Utilities,Zone A,2934,7,0.93,47.0,0.0,0,35,0.0,0.148936170212766
2596,3,2024-08-09,Com_1,Utilities,Zone A,2940,6,0.9,57.0,0.0,0,30,0.0,0.1052631578947368
2597,4,2024-08-09,Com_1,Utilities,Zone A,2950,10,0.93,48.0,0.0,0,50,0.0,0.2083333333333333
2598,5,2024-08-09,Com_1,Utilities,Zone A,2957,7,0.92,47.0,0.0,0,35,0.0,0.148936170212766
2599,6,2024-08-09,Com_1,Utilities,Zone B,2966,9,0.9,53.0,0.0,0,63,0.0,0.169811320754717
2600,7,2024-08-09,Com_1,Utilities,Zone B,2971,5,0.93,54.0,0.0,0,35,0.0,0.09259259259259259
2601,8,2024-08-09,Com_1,Utilities,Zone B,2978,7,0.92,59.0,0.0,0,49,0.0,0.1186440677966102
2602,9,2024-08-09,Com_1,Utilities,Zone C,2984,6,0.92,59.0,0.0,0,54,0.0,0.1016949152542373
2603,10,2024-08-09,Com_1,Utilities,Zone C,2990,6,0.94,55.0,0.0,0,54,0.0,0.1090909090909091
2604,11,2024-08-09,Com_1,Utilities,Zone C,2998,8,0.91,52.0,0.0,0,72,0.0,0.1538461538461539
2605,12,2024-08-09,Com_1,Utilities,Zone B,3007,9,0.95,59.0,0.0,0,63,0.0,0.1525423728813559
2606,13,2024-08-09,Com_1,Utilities,Zone B,3016,9,0.91,55.0,0.0,0,63,0.0,0.1636363636363636
2607,14,2024-08-09,Com_1,Utilities,Zone B,3022,6,0.93,58.0,0.0,0,42,0.0,0.103448275862069
2608,15,2024-08-09,Com_1,Utilities,Zone B,3028,6,0.93,54.0,0.0,0,42,0.0,0.1111111111111111
2609,16,2024-08-09,Com_1,Utilities,Zone B,3035,7,0.9,46.0,0.0,0,49,0.0,0.1521739130434783
2610,17,2024-08-09,Com_1,Utilities,Zone B,3045,10,0.93,46.0,0.0,0,70,0.0,0.2173913043478261
2611,18,2024-08-09,Com_1,Utilities,Zone D,3051,6,0.93,55.0,0.0,0,66,0.0,0.1090909090909091
2612,19,2024-08-09,Com_1,Utilities,Zone D,3058,7,0.93,46.0,0.0,0,77,0.0,0.1521739130434783
2613,20,2024-08-09,Com_1,Utilities,Zone D,3068,10,0.93,56.0,0.0,0,110,0.0,0.1785714285714286
2614,21,2024-08-09,Com_1,Utilities,Zone D,3074,6,0.93,50.0,0.0,0,66,0.0,0.12
2615,22,2024-08-09,Com_1,Utilities,Zone A,3083,9,0.94,60.0,0.0,0,45,0.0,0.15
2616,23,2024-08-09,Com_1,Utilities,Zone A,3093,10,0.92,50.0,0.0,0,50,0.0,0.2
2617,0,2024-08-10,Com_1,Utilities,Zone A,3100,7,0.94,55.0,0.0,0,35,0.0,0.1272727272727273
2618,1,2024-08-10,Com_1,Utilities,Zone A,3108,8,0.93,57.0,0.0,0,40,0.0,0.1403508771929824
2619,2,2024-08-10,Com_1,Utilities,Zone A,3117,9,0.92,45.0,0.0,0,45,0.0,0.2
2620,3,2024-08-10,Com_1,Utilities,Zone A,3126,9,0.9,58.0,0.0,0,45,0.0,0.1551724137931035
2621,4,2024-08-10,Com_1,Utilities,Zone A,3132,6,0.93,56.0,0.0,0,30,0.0,0.1071428571428571
2622,5,2024-08-10,Com_1,Utilities,Zone A,3140,8,0.93,48.0,0.0,0,40,0.0,0.1666666666666667
2623,6,2024-08-10,Com_1,Utilities,Zone B,3145,5,0.94,51.0,0.0,0,35,0.0,0.09803921568627451
2624,7,2024-08-10,Com_1,Utilities,Zone B,3154,9,0.9,49.0,0.0,0,63,0.0,0.1836734693877551
2625,8,2024-08-10,Com_1,Utilities,Zone B,3161,7,0.9,56.0,0.0,0,49,0.0,0.125
2626,9,2024-08-10,Com_1,Utilities,Zone C,3166,5,0.9,49.0,0.0,0,45,0.0,0.1020408163265306
2627,10,2024-08-10,Com_1,Utilities,Zone C,3171,5,0.93,60.0,0.0,0,45,0.0,0.08333333333333333
2628,11,2024-08-10,Com_1,Utilities,Zone C,3179,8,0.91,50.0,0.0,0,72,0.0,0.16
2629,12,2024-08-10,Com_1,Utilities,Zone B,3185,6,0.92,53.0,0.0,0,42,0.0,0.1132075471698113
2630,13,2024-08-10,Com_1,Utilities,Zone B,3194,9,0.93,46.0,0.0,0,63,0.0,0.1956521739130435
2631,14,2024-08-10,Com_1,Utilities,Zone B,3199,5,0.94,49.0,0.0,0,35,0.0,0.1020408163265306
2632,15,2024-08-10,Com_1,Utilities,Zone B,3208,9,0.95,55.0,0.0,0,63,0.0,0.1636363636363636
2633,16,2024-08-10,Com_1,Utilities,Zone B,3216,8,0.92,60.0,0.0,0,56,0.0,0.1333333333333333
2634,17,2024-08-10,Com_1,Utilities,Zone B,3221,5,0.92,55.0,0.0,0,35,0.0,0.09090909090909091
2635,18,2024-08-10,Com_1,Utilities,Zone D,3227,6,0.94,51.0,0.0,0,66,0.0,0.1176470588235294
2636,19,2024-08-10,Com_1,Utilities,Zone D,3237,10,0.94,48.0,0.0,0,110,0.0,0.2083333333333333
2637,20,2024-08-10,Com_1,Utilities,Zone D,3247,10,0.91,55.0,0.0,0,110,0.0,0.1818181818181818
2638,21,2024-08-10,Com_1,Utilities,Zone D,3254,7,0.93,57.0,0.0,0,77,0.0,0.1228070175438596
2639,22,2024-08-10,Com_1,Utilities,Zone A,3263,9,0.95,47.0,0.0,0,45,0.0,0.1914893617021277
2640,23,2024-08-10,Com_1,Utilities,Zone A,3272,9,0.92,50.0,0.0,0,45,0.0,0.18
2641,0,2024-08-11,Com_1,Utilities,Zone A,3279,7,0.94,47.0,0.0,0,35,0.0,0.148936170212766
2642,1,2024-08-11,Com_1,Utilities,Zone A,3288,9,0.93,45.0,0.0,0,45,0.0,0.2
2643,2,2024-08-11,Com_1,Utilities,Zone A,3296,8,0.95,57.0,0.0,0,40,0.0,0.1403508771929824
2644,3,2024-08-11,Com_1,Utilities,Zone A,3305,9,0.91,45.0,0.0,0,45,0.0,0.2
2645,4,2024-08-11,Com_1,Utilities,Zone A,3313,8,0.93,45.0,0.0,0,40,0.0,0.1777777777777778
2646,5,2024-08-11,Com_1,Utilities,Zone A,3322,9,0.9,52.0,0.0,0,45,0.0,0.1730769230769231
2647,6,2024-08-11,Com_1,Utilities,Zone B,3329,7,0.9,59.0,0.0,0,49,0.0,0.1186440677966102
2648,7,2024-08-11,Com_1,Utilities,Zone B,3335,6,0.93,47.0,0.0,0,42,0.0,0.1276595744680851
2649,8,2024-08-11,Com_1,Utilities,Zone B,3342,7,0.93,58.0,0.0,0,49,0.0,0.1206896551724138
2650,9,2024-08-11,Com_1,Utilities,Zone C,3352,10,0.94,59.0,0.0,0,90,0.0,0.1694915254237288
2651,10,2024-08-11,Com_1,Utilities,Zone C,3362,10,0.94,57.0,0.0,0,90,0.0,0.1754385964912281
2652,11,2024-08-11,Com_1,Utilities,Zone C,3371,9,0.93,49.0,0.0,0,81,0.0,0.1836734693877551
2653,12,2024-08-11,Com_1,Utilities,Zone B,3380,9,0.95,56.0,0.0,0,63,0.0,0.1607142857142857
2654,13,2024-08-11,Com_1,Utilities,Zone B,3390,10,0.94,58.0,0.0,0,70,0.0,0.1724137931034483
2655,14,2024-08-11,Com_1,Utilities,Zone B,3398,8,0.95,53.0,0.0,0,56,0.0,0.1509433962264151
2656,15,2024-08-11,Com_1,Utilities,Zone B,3405,7,0.92,45.0,0.0,0,49,0.0,0.1555555555555556
2657,16,2024-08-11,Com_1,Utilities,Zone B,3411,6,0.91,51.0,0.0,0,42,0.0,0.1176470588235294
2658,17,2024-08-11,Com_1,Utilities,Zone B,3421,10,0.93,48.0,0.0,0,70,0.0,0.2083333333333333
2659,18,2024-08-11,Com_1,Utilities,Zone D,3428,7,0.91,49.0,0.0,0,77,0.0,0.1428571428571428
2660,19,2024-08-11,Com_1,Utilities,Zone D,3434,6,0.91,49.0,0.0,0,66,0.0,0.1224489795918367
2661,20,2024-08-11,Com_1,Utilities,Zone D,3439,5,0.93,54.0,0.0,0,55,0.0,0.09259259259259259
2662,21,2024-08-11,Com_1,Utilities,Zone D,3448,9,0.94,48.0,0.0,0,99,0.0,0.1875
2663,22,2024-08-11,Com_1,Utilities,Zone A,3454,6,0.91,46.0,0.0,0,30,0.0,0.1304347826086956
2664,23,2024-08-11,Com_1,Utilities,Zone A,3463,9,0.95,45.0,0.0,0,45,0.0,0.2
2665,0,2024-08-12,Com_1,Utilities,Zone A,3473,10,0.94,58.0,0.0,0,50,0.0,0.1724137931034483
2666,1,2024-08-12,Com_1,Utilities,Zone A,3482,9,0.94,54.0,0.0,0,45,0.0,0.1666666666666667
2667,2,2024-08-12,Com_1,Utilities,Zone A,3491,9,0.93,52.0,0.0,0,45,0.0,0.1730769230769231
2668,3,2024-08-12,Com_1,Utilities,Zone A,3498,7,0.94,45.0,0.0,0,35,0.0,0.1555555555555556
2669,4,2024-08-12,Com_1,Utilities,Zone A,3504,6,0.9,59.0,0.0,0,30,0.0,0.1016949152542373
2670,5,2024-08-12,Com_1,Utilities,Zone A,3510,6,0.94,52.0,0.0,0,30,0.0,0.1153846153846154
2671,6,2024-08-12,Com_1,Utilities,Zone B,3519,9,0.93,53.0,0.0,0,63,0.0,0.169811320754717
2672,7,2024-08-12,Com_1,Utilities,Zone B,3528,9,0.93,60.0,0.0,0,63,0.0,0.15
2673,8,2024-08-12,Com_1,Utilities,Zone B,3536,8,0.92,60.0,0.0,0,56,0.0,0.1333333333333333
2674,9,2024-08-12,Com_1,Utilities,Zone C,3544,8,0.9,47.0,0.0,0,72,0.0,0.1702127659574468
2675,10,2024-08-12,Com_1,Utilities,Zone C,3551,7,0.92,58.0,0.0,0,63,0.0,0.1206896551724138
2676,11,2024-08-12,Com_1,Utilities,Zone C,3558,7,0.92,58.0,0.0,0,63,0.0,0.1206896551724138
2677,12,2024-08-12,Com_1,Utilities,Zone B,3564,6,0.93,60.0,0.0,0,42,0.0,0.1
2678,13,2024-08-12,Com_1,Utilities,Zone B,3572,8,0.91,49.0,0.0,0,56,0.0,0.163265306122449
2679,14,2024-08-12,Com_1,Utilities,Zone B,3577,5,0.93,47.0,0.0,0,35,0.0,0.1063829787234043
2680,15,2024-08-12,Com_1,Utilities,Zone B,3585,8,0.92,60.0,0.0,0,56,0.0,0.1333333333333333
2681,16,2024-08-12,Com_1,Utilities,Zone B,3590,5,0.91,50.0,0.0,0,35,0.0,0.1
2682,17,2024-08-12,Com_1,Utilities,Zone B,3597,7,0.93,54.0,0.0,0,49,0.0,0.1296296296296296
2683,18,2024-08-12,Com_1,Utilities,Zone D,3605,8,0.95,54.0,0.0,0,88,0.0,0.1481481481481481
2684,19,2024-08-12,Com_1,Utilities,Zone D,3611,6,0.95,60.0,0.0,0,66,0.0,0.1
2685,20,2024-08-12,Com_1,Utilities,Zone D,3620,9,0.95,52.0,0.0,0,99,0.0,0.1730769230769231
2686,21,2024-08-12,Com_1,Utilities,Zone D,3629,9,0.91,57.0,0.0,0,99,0.0,0.1578947368421053
2687,22,2024-08-12,Com_1,Utilities,Zone A,3636,7,0.94,55.0,0.0,0,35,0.0,0.1272727272727273
2688,23,2024-08-12,Com_1,Utilities,Zone A,3646,10,0.9,46.0,0.0,0,50,0.0,0.2173913043478261
2689,0,2024-07-30,Com_2,Utilities,Zone A,1140,13,0.94,45.0,0.0,0,65,0.0,0.2888888888888889
2690,1,2024-07-30,Com_2,Utilities,Zone A,1153,13,0.93,59.0,0.0,0,65,0.0,0.2203389830508475
2691,2,2024-07-30,Com_2,Utilities,Zone A,1169,16,0.93,47.0,0.0,0,80,0.0,0.3404255319148936
2692,3,2024-07-30,Com_2,Utilities,Zone A,1181,12,0.95,45.0,0.0,0,60,0.0,0.2666666666666667
2693,4,2024-07-30,Com_2,Utilities,Zone A,1193,12,0.95,48.0,0.0,0,60,0.0,0.25
2694,5,2024-07-30,Com_2,Utilities,Zone A,1209,16,0.95,57.0,0.0,0,80,0.0,0.2807017543859649
2695,6,2024-07-30,Com_2,Utilities,Zone B,1223,14,0.95,47.0,0.0,0,98,0.0,0.2978723404255319
2696,7,2024-07-30,Com_2,Utilities,Zone B,1236,13,0.95,52.0,0.0,0,91,0.0,0.25
2697,8,2024-07-30,Com_2,Utilities,Zone B,1249,13,0.93,57.0,0.0,0,91,0.0,0.2280701754385965
2698,9,2024-07-30,Com_2,Utilities,Zone C,1263,14,0.95,49.0,0.0,0,126,0.0,0.2857142857142857
2699,10,2024-07-30,Com_2,Utilities,Zone C,1276,13,0.92,55.0,0.0,0,117,0.0,0.2363636363636364
2700,11,2024-07-30,Com_2,Utilities,Zone C,1289,13,0.94,55.0,0.0,0,117,0.0,0.2363636363636364
2701,12,2024-07-30,Com_2,Utilities,Zone B,1304,15,0.92,59.0,0.0,0,105,0.0,0.2542372881355932
2702,13,2024-07-30,Com_2,Utilities,Zone B,1318,14,0.95,60.0,0.0,0,98,0.0,0.2333333333333333
2703,14,2024-07-30,Com_2,Utilities,Zone B,1334,16,0.93,58.0,0.0,0,112,0.0,0.2758620689655172
2704,15,2024-07-30,Com_2,Utilities,Zone B,1346,12,0.95,48.0,0.0,0,84,0.0,0.25
2705,16,2024-07-30,Com_2,Utilities,Zone B,1362,16,0.96,47.0,0.0,0,112,0.0,0.3404255319148936
2706,17,2024-07-30,Com_2,Utilities,Zone B,1374,12,0.94,45.0,0.0,0,84,0.0,0.2666666666666667
2707,18,2024-07-30,Com_2,Utilities,Zone D,1389,15,0.96,49.0,0.0,0,165,0.0,0.3061224489795918
2708,19,2024-07-30,Com_2,Utilities,Zone D,1405,16,0.95,52.0,0.0,0,176,0.0,0.3076923076923077
2709,20,2024-07-30,Com_2,Utilities,Zone D,1418,13,0.92,58.0,0.0,0,143,0.0,0.2241379310344828
2710,21,2024-07-30,Com_2,Utilities,Zone D,1431,13,0.92,57.0,0.0,0,143,0.0,0.2280701754385965
2711,22,2024-07-30,Com_2,Utilities,Zone A,1447,16,0.94,59.0,0.0,0,80,0.0,0.2711864406779661
2712,23,2024-07-30,Com_2,Utilities,Zone A,1463,16,0.95,50.0,0.0,0,80,0.0,0.32
2713,0,2024-07-31,Com_2,Utilities,Zone A,1475,12,0.94,55.0,0.0,0,60,0.0,0.2181818181818182
2714,1,2024-07-31,Com_2,Utilities,Zone A,1490,15,0.92,60.0,0.0,0,75,0.0,0.25
2715,2,2024-07-31,Com_2,Utilities,Zone A,1506,16,0.92,57.0,0.0,0,80,0.0,0.2807017543859649
2716,3,2024-07-31,Com_2,Utilities,Zone A,1519,13,0.95,48.0,0.0,0,65,0.0,0.2708333333333333
2717,4,2024-07-31,Com_2,Utilities,Zone A,1535,16,0.94,54.0,0.0,0,80,0.0,0.2962962962962963
2718,5,2024-07-31,Com_2,Utilities,Zone A,1550,15,0.92,58.0,0.0,0,75,0.0,0.2586206896551724
2719,6,2024-07-31,Com_2,Utilities,Zone B,1566,16,0.92,49.0,0.0,0,112,0.0,0.3265306122448979
2720,7,2024-07-31,Com_2,Utilities,Zone B,1578,12,0.94,50.0,0.0,0,84,0.0,0.24
2721,8,2024-07-31,Com_2,Utilities,Zone B,1591,13,0.95,58.0,0.0,0,91,0.0,0.2241379310344828
2722,9,2024-07-31,Com_2,Utilities,Zone C,1607,16,0.92,47.0,0.0,0,144,0.0,0.3404255319148936
2723,10,2024-07-31,Com_2,Utilities,Zone C,1619,12,0.94,50.0,0.0,0,108,0.0,0.24
2724,11,2024-07-31,Com_2,Utilities,Zone C,1632,13,0.95,54.0,0.0,0,117,0.0,0.2407407407407407
2725,12,2024-07-31,Com_2,Utilities,Zone B,1648,16,0.94,54.0,0.0,0,112,0.0,0.2962962962962963
2726,13,2024-07-31,Com_2,Utilities,Zone B,1663,15,0.93,52.0,0.0,0,105,0.0,0.2884615384615384
2727,14,2024-07-31,Com_2,Utilities,Zone B,1679,16,0.94,51.0,0.0,0,112,0.0,0.3137254901960784
2728,15,2024-07-31,Com_2,Utilities,Zone B,1693,14,0.94,47.0,0.0,0,98,0.0,0.2978723404255319
2729,16,2024-07-31,Com_2,Utilities,Zone B,1706,13,0.94,46.0,0.0,0,91,0.0,0.2826086956521739
2730,17,2024-07-31,Com_2,Utilities,Zone B,1718,12,0.95,49.0,0.0,0,84,0.0,0.2448979591836735
2731,18,2024-07-31,Com_2,Utilities,Zone D,1733,15,0.94,54.0,0.0,0,165,0.0,0.2777777777777778
2732,19,2024-07-31,Com_2,Utilities,Zone D,1745,12,0.95,54.0,0.0,0,132,0.0,0.2222222222222222
2733,20,2024-07-31,Com_2,Utilities,Zone D,1760,15,0.93,51.0,0.0,0,165,0.0,0.2941176470588235
2734,21,2024-07-31,Com_2,Utilities,Zone D,1773,13,0.95,60.0,0.0,0,143,0.0,0.2166666666666667
2735,22,2024-07-31,Com_2,Utilities,Zone A,1788,15,0.95,53.0,0.0,0,75,0.0,0.2830188679245283
2736,23,2024-07-31,Com_2,Utilities,Zone A,1803,15,0.94,50.0,0.0,0,75,0.0,0.3
2737,0,2024-08-01,Com_2,Utilities,Zone A,1819,16,0.93,45.0,0.0,0,80,0.0,0.3555555555555556
2738,1,2024-08-01,Com_2,Utilities,Zone A,1832,13,0.94,56.0,0.0,0,65,0.0,0.2321428571428572
2739,2,2024-08-01,Com_2,Utilities,Zone A,1846,14,0.96,56.0,0.0,0,70,0.0,0.25
2740,3,2024-08-01,Com_2,Utilities,Zone A,1859,13,0.93,51.0,0.0,0,65,0.0,0.2549019607843137
2741,4,2024-08-01,Com_2,Utilities,Zone A,1872,13,0.94,58.0,0.0,0,65,0.0,0.2241379310344828
2742,5,2024-08-01,Com_2,Utilities,Zone A,1888,16,0.92,50.0,0.0,0,80,0.0,0.32
2743,6,2024-08-01,Com_2,Utilities,Zone B,1904,16,0.95,54.0,0.0,0,112,0.0,0.2962962962962963
2744,7,2024-08-01,Com_2,Utilities,Zone B,1919,15,0.95,48.0,0.0,0,105,0.0,0.3125
2745,8,2024-08-01,Com_2,Utilities,Zone B,1935,16,0.94,59.0,0.0,0,112,0.0,0.2711864406779661
2746,9,2024-08-01,Com_2,Utilities,Zone C,1947,12,0.92,49.0,0.0,0,108,0.0,0.2448979591836735
2747,10,2024-08-01,Com_2,Utilities,Zone C,1962,15,0.96,50.0,0.0,0,135,0.0,0.3
2748,11,2024-08-01,Com_2,Utilities,Zone C,1978,16,0.92,46.0,0.0,0,144,0.0,0.3478260869565217
2749,12,2024-08-01,Com_2,Utilities,Zone B,1994,16,0.94,46.0,0.0,0,112,0.0,0.3478260869565217
2750,13,2024-08-01,Com_2,Utilities,Zone B,2010,16,0.95,51.0,0.0,0,112,0.0,0.3137254901960784
2751,14,2024-08-01,Com_2,Utilities,Zone B,2023,13,0.95,46.0,0.0,0,91,0.0,0.2826086956521739
2752,15,2024-08-01,Com_2,Utilities,Zone B,2035,12,0.93,56.0,0.0,0,84,0.0,0.2142857142857143
2753,16,2024-08-01,Com_2,Utilities,Zone B,2048,13,0.95,50.0,0.0,0,91,0.0,0.26
2754,17,2024-08-01,Com_2,Utilities,Zone B,2063,15,0.94,58.0,0.0,0,105,0.0,0.2586206896551724
2755,18,2024-08-01,Com_2,Utilities,Zone D,2076,13,0.94,56.0,0.0,0,143,0.0,0.2321428571428572
2756,19,2024-08-01,Com_2,Utilities,Zone D,2090,14,0.95,59.0,0.0,0,154,0.0,0.2372881355932203
2757,20,2024-08-01,Com_2,Utilities,Zone D,2106,16,0.94,45.0,0.0,0,176,0.0,0.3555555555555556
2758,21,2024-08-01,Com_2,Utilities,Zone D,2118,12,0.95,52.0,0.0,0,132,0.0,0.2307692307692308
2759,22,2024-08-01,Com_2,Utilities,Zone A,2130,12,0.95,52.0,0.0,0,60,0.0,0.2307692307692308
2760,23,2024-08-01,Com_2,Utilities,Zone A,2144,14,0.93,48.0,0.0,0,70,0.0,0.2916666666666667
2761,0,2024-08-02,Com_2,Utilities,Zone A,2160,16,0.95,51.0,0.0,0,80,0.0,0.3137254901960784
2762,1,2024-08-02,Com_2,Utilities,Zone A,2173,13,0.95,58.0,0.0,0,65,0.0,0.2241379310344828
2763,2,2024-08-02,Com_2,Utilities,Zone A,2189,16,0.92,48.0,0.0,0,80,0.0,0.3333333333333333
2764,3,2024-08-02,Com_2,Utilities,Zone A,2204,15,0.95,56.0,0.0,0,75,0.0,0.2678571428571428
2765,4,2024-08-02,Com_2,Utilities,Zone A,2219,15,0.92,57.0,0.0,0,75,0.0,0.2631578947368421
2766,5,2024-08-02,Com_2,Utilities,Zone A,2233,14,0.93,56.0,0.0,0,70,0.0,0.25
2767,6,2024-08-02,Com_2,Utilities,Zone B,2245,12,0.96,52.0,0.0,0,84,0.0,0.2307692307692308
2768,7,2024-08-02,Com_2,Utilities,Zone B,2259,14,0.94,59.0,0.0,0,98,0.0,0.2372881355932203
2769,8,2024-08-02,Com_2,Utilities,Zone B,2275,16,0.95,48.0,0.0,0,112,0.0,0.3333333333333333
2770,9,2024-08-02,Com_2,Utilities,Zone C,2291,16,0.93,57.0,0.0,0,144,0.0,0.2807017543859649
2771,10,2024-08-02,Com_2,Utilities,Zone C,2303,12,0.95,45.0,0.0,0,108,0.0,0.2666666666666667
2772,11,2024-08-02,Com_2,Utilities,Zone C,2317,14,0.94,56.0,0.0,0,126,0.0,0.25
2773,12,2024-08-02,Com_2,Utilities,Zone B,2332,15,0.92,52.0,0.0,0,105,0.0,0.2884615384615384
2774,13,2024-08-02,Com_2,Utilities,Zone B,2347,15,0.92,60.0,0.0,0,105,0.0,0.25
2775,14,2024-08-02,Com_2,Utilities,Zone B,2361,14,0.93,46.0,0.0,0,98,0.0,0.3043478260869565
2776,15,2024-08-02,Com_2,Utilities,Zone B,2373,12,0.92,59.0,0.0,0,84,0.0,0.2033898305084746
2777,16,2024-08-02,Com_2,Utilities,Zone B,2389,16,0.94,48.0,0.0,0,112,0.0,0.3333333333333333
2778,17,2024-08-02,Com_2,Utilities,Zone B,2401,12,0.95,48.0,0.0,0,84,0.0,0.25
2779,18,2024-08-02,Com_2,Utilities,Zone D,2417,16,0.95,46.0,0.0,0,176,0.0,0.3478260869565217
2780,19,2024-08-02,Com_2,Utilities,Zone D,2432,15,0.93,58.0,0.0,0,165,0.0,0.2586206896551724
2781,20,2024-08-02,Com_2,Utilities,Zone D,2448,16,0.92,58.0,0.0,0,176,0.0,0.2758620689655172
2782,21,2024-08-02,Com_2,Utilities,Zone D,2462,14,0.94,48.0,0.0,0,154,0.0,0.2916666666666667
2783,22,2024-08-02,Com_2,Utilities,Zone A,2474,12,0.95,45.0,0.0,0,60,0.0,0.2666666666666667
2784,23,2024-08-02,Com_2,Utilities,Zone A,2488,14,0.93,46.0,0.0,0,70,0.0,0.3043478260869565
2785,0,2024-08-03,Com_2,Utilities,Zone A,2500,12,0.95,51.0,0.0,0,60,0.0,0.2352941176470588
2786,1,2024-08-03,Com_2,Utilities,Zone A,2513,13,0.94,50.0,0.0,0,65,0.0,0.26
2787,2,2024-08-03,Com_2,Utilities,Zone A,2526,13,0.94,51.0,0.0,0,65,0.0,0.2549019607843137
2788,3,2024-08-03,Com_2,Utilities,Zone A,2538,12,0.94,50.0,0.0,0,60,0.0,0.24
2789,4,2024-08-03,Com_2,Utilities,Zone A,2550,12,0.95,52.0,0.0,0,60,0.0,0.2307692307692308
2790,5,2024-08-03,Com_2,Utilities,Zone A,2563,13,0.96,48.0,0.0,0,65,0.0,0.2708333333333333
2791,6,2024-08-03,Com_2,Utilities,Zone B,2577,14,0.94,46.0,0.0,0,98,0.0,0.3043478260869565
2792,7,2024-08-03,Com_2,Utilities,Zone B,2591,14,0.95,56.0,0.0,0,98,0.0,0.25
2793,8,2024-08-03,Com_2,Utilities,Zone B,2605,14,0.95,47.0,0.0,0,98,0.0,0.2978723404255319
2794,9,2024-08-03,Com_2,Utilities,Zone C,2620,15,0.96,54.0,0.0,0,135,0.0,0.2777777777777778
2795,10,2024-08-03,Com_2,Utilities,Zone C,2632,12,0.93,57.0,0.0,0,108,0.0,0.2105263157894737
2796,11,2024-08-03,Com_2,Utilities,Zone C,2644,12,0.95,46.0,0.0,0,108,0.0,0.2608695652173913
2797,12,2024-08-03,Com_2,Utilities,Zone B,2656,12,0.95,47.0,0.0,0,84,0.0,0.2553191489361702
2798,13,2024-08-03,Com_2,Utilities,Zone B,2669,13,0.95,48.0,0.0,0,91,0.0,0.2708333333333333
2799,14,2024-08-03,Com_2,Utilities,Zone B,2685,16,0.92,54.0,0.0,0,112,0.0,0.2962962962962963
2800,15,2024-08-03,Com_2,Utilities,Zone B,2700,15,0.95,45.0,0.0,0,105,0.0,0.3333333333333333
2801,16,2024-08-03,Com_2,Utilities,Zone B,2712,12,0.93,50.0,0.0,0,84,0.0,0.24
2802,17,2024-08-03,Com_2,Utilities,Zone B,2724,12,0.94,53.0,0.0,0,84,0.0,0.2264150943396226
2803,18,2024-08-03,Com_2,Utilities,Zone D,2736,12,0.94,60.0,0.0,0,132,0.0,0.2
2804,19,2024-08-03,Com_2,Utilities,Zone D,2751,15,0.94,53.0,0.0,0,165,0.0,0.2830188679245283
2805,20,2024-08-03,Com_2,Utilities,Zone D,2763,12,0.93,52.0,0.0,0,132,0.0,0.2307692307692308
2806,21,2024-08-03,Com_2,Utilities,Zone D,2776,13,0.93,47.0,0.0,0,143,0.0,0.2765957446808511
2807,22,2024-08-03,Com_2,Utilities,Zone A,2788,12,0.92,52.0,0.0,0,60,0.0,0.2307692307692308
2808,23,2024-08-03,Com_2,Utilities,Zone A,2800,12,0.94,52.0,0.0,0,60,0.0,0.2307692307692308
2809,0,2024-08-04,Com_2,Utilities,Zone A,2816,16,0.95,56.0,0.0,0,80,0.0,0.2857142857142857
2810,1,2024-08-04,Com_2,Utilities,Zone A,2832,16,0.96,59.0,0.0,0,80,0.0,0.2711864406779661
2811,2,2024-08-04,Com_2,Utilities,Zone A,2844,12,0.93,55.0,0.0,0,60,0.0,0.2181818181818182
2812,3,2024-08-04,Com_2,Utilities,Zone A,2856,12,0.93,48.0,0.0,0,60,0.0,0.25
2813,4,2024-08-04,Com_2,Utilities,Zone A,2872,16,0.92,51.0,0.0,0,80,0.0,0.3137254901960784
2814,5,2024-08-04,Com_2,Utilities,Zone A,2884,12,0.94,55.0,0.0,0,60,0.0,0.2181818181818182
2815,6,2024-08-04,Com_2,Utilities,Zone B,2897,13,0.95,58.0,0.0,0,91,0.0,0.2241379310344828
2816,7,2024-08-04,Com_2,Utilities,Zone B,2910,13,0.93,45.0,0.0,0,91,0.0,0.2888888888888889
2817,8,2024-08-04,Com_2,Utilities,Zone B,2925,15,0.96,51.0,0.0,0,105,0.0,0.2941176470588235
2818,9,2024-08-04,Com_2,Utilities,Zone C,2937,12,0.95,54.0,0.0,0,108,0.0,0.2222222222222222
2819,10,2024-08-04,Com_2,Utilities,Zone C,2952,15,0.94,47.0,0.0,0,135,0.0,0.3191489361702128
2820,11,2024-08-04,Com_2,Utilities,Zone C,2966,14,0.95,50.0,0.0,0,126,0.0,0.28
2821,12,2024-08-04,Com_2,Utilities,Zone B,2980,14,0.94,58.0,0.0,0,98,0.0,0.2413793103448276
2822,13,2024-08-04,Com_2,Utilities,Zone B,2992,12,0.95,55.0,0.0,0,84,0.0,0.2181818181818182
2823,14,2024-08-04,Com_2,Utilities,Zone B,3007,15,0.93,56.0,0.0,0,105,0.0,0.2678571428571428
2824,15,2024-08-04,Com_2,Utilities,Zone B,3023,16,0.96,54.0,0.0,0,112,0.0,0.2962962962962963
2825,16,2024-08-04,Com_2,Utilities,Zone B,3036,13,0.92,47.0,0.0,0,91,0.0,0.2765957446808511
2826,17,2024-08-04,Com_2,Utilities,Zone B,3050,14,0.94,51.0,0.0,0,98,0.0,0.2745098039215687
2827,18,2024-08-04,Com_2,Utilities,Zone D,3065,15,0.94,58.0,0.0,0,165,0.0,0.2586206896551724
2828,19,2024-08-04,Com_2,Utilities,Zone D,3081,16,0.94,52.0,0.0,0,176,0.0,0.3076923076923077
2829,20,2024-08-04,Com_2,Utilities,Zone D,3093,12,0.92,48.0,0.0,0,132,0.0,0.25
2830,21,2024-08-04,Com_2,Utilities,Zone D,3106,13,0.92,55.0,0.0,0,143,0.0,0.2363636363636364
2831,22,2024-08-04,Com_2,Utilities,Zone A,3121,15,0.96,52.0,0.0,0,75,0.0,0.2884615384615384
2832,23,2024-08-04,Com_2,Utilities,Zone A,3134,13,0.95,50.0,0.0,0,65,0.0,0.26
2833,0,2024-08-05,Com_2,Utilities,Zone A,3146,12,0.94,48.0,0.0,0,60,0.0,0.25
2834,1,2024-08-05,Com_2,Utilities,Zone A,3158,12,0.95,54.0,0.0,0,60,0.0,0.2222222222222222
2835,2,2024-08-05,Com_2,Utilities,Zone A,3172,14,0.94,52.0,0.0,0,70,0.0,0.2692307692307692
2836,3,2024-08-05,Com_2,Utilities,Zone A,3184,12,0.94,46.0,0.0,0,60,0.0,0.2608695652173913
2837,4,2024-08-05,Com_2,Utilities,Zone A,3199,15,0.96,53.0,0.0,0,75,0.0,0.2830188679245283
2838,5,2024-08-05,Com_2,Utilities,Zone A,3211,12,0.92,56.0,0.0,0,60,0.0,0.2142857142857143
2839,6,2024-08-05,Com_2,Utilities,Zone B,3224,13,0.94,45.0,0.0,0,91,0.0,0.2888888888888889
2840,7,2024-08-05,Com_2,Utilities,Zone B,3237,13,0.95,45.0,0.0,0,91,0.0,0.2888888888888889
2841,8,2024-08-05,Com_2,Utilities,Zone B,3249,12,0.92,50.0,0.0,0,84,0.0,0.24
2842,9,2024-08-05,Com_2,Utilities,Zone C,3264,15,0.95,47.0,0.0,0,135,0.0,0.3191489361702128
2843,10,2024-08-05,Com_2,Utilities,Zone C,3276,12,0.95,50.0,0.0,0,108,0.0,0.24
2844,11,2024-08-05,Com_2,Utilities,Zone C,3292,16,0.95,55.0,0.0,0,144,0.0,0.2909090909090909
2845,12,2024-08-05,Com_2,Utilities,Zone B,3305,13,0.95,46.0,0.0,0,91,0.0,0.2826086956521739
2846,13,2024-08-05,Com_2,Utilities,Zone B,3318,13,0.94,49.0,0.0,0,91,0.0,0.2653061224489796
2847,14,2024-08-05,Com_2,Utilities,Zone B,3332,14,0.93,46.0,0.0,0,98,0.0,0.3043478260869565
2848,15,2024-08-05,Com_2,Utilities,Zone B,3346,14,0.96,48.0,0.0,0,98,0.0,0.2916666666666667
2849,16,2024-08-05,Com_2,Utilities,Zone B,3362,16,0.93,55.0,0.0,0,112,0.0,0.2909090909090909
2850,17,2024-08-05,Com_2,Utilities,Zone B,3377,15,0.93,53.0,0.0,0,105,0.0,0.2830188679245283
2851,18,2024-08-05,Com_2,Utilities,Zone D,3392,15,0.92,49.0,0.0,0,165,0.0,0.3061224489795918
2852,19,2024-08-05,Com_2,Utilities,Zone D,3408,16,0.92,53.0,0.0,0,176,0.0,0.3018867924528302
2853,20,2024-08-05,Com_2,Utilities,Zone D,3424,16,0.96,50.0,0.0,0,176,0.0,0.32
2854,21,2024-08-05,Com_2,Utilities,Zone D,3438,14,0.93,48.0,0.0,0,154,0.0,0.2916666666666667
2855,22,2024-08-05,Com_2,Utilities,Zone A,3453,15,0.96,59.0,0.0,0,75,0.0,0.2542372881355932
2856,23,2024-08-05,Com_2,Utilities,Zone A,3468,15,0.95,47.0,0.0,0,75,0.0,0.3191489361702128
2857,0,2024-08-06,Com_2,Utilities,Zone A,3481,13,0.93,60.0,0.0,0,65,0.0,0.2166666666666667
2858,1,2024-08-06,Com_2,Utilities,Zone A,3496,15,0.96,45.0,0.0,0,75,0.0,0.3333333333333333
2859,2,2024-08-06,Com_2,Utilities,Zone A,3511,15,0.93,56.0,0.0,0,75,0.0,0.2678571428571428
2860,3,2024-08-06,Com_2,Utilities,Zone A,3525,14,0.94,54.0,0.0,0,70,0.0,0.2592592592592592
2861,4,2024-08-06,Com_2,Utilities,Zone A,3539,14,0.94,50.0,0.0,0,70,0.0,0.28
2862,5,2024-08-06,Com_2,Utilities,Zone A,3552,13,0.94,51.0,0.0,0,65,0.0,0.2549019607843137
2863,6,2024-08-06,Com_2,Utilities,Zone B,3568,16,0.95,53.0,0.0,0,112,0.0,0.3018867924528302
2864,7,2024-08-06,Com_2,Utilities,Zone B,3582,14,0.92,48.0,0.0,0,98,0.0,0.2916666666666667
2865,8,2024-08-06,Com_2,Utilities,Zone B,3596,14,0.94,51.0,0.0,0,98,0.0,0.2745098039215687
2866,9,2024-08-06,Com_2,Utilities,Zone C,3608,12,0.94,49.0,0.0,0,108,0.0,0.2448979591836735
2867,10,2024-08-06,Com_2,Utilities,Zone C,3620,12,0.92,45.0,0.0,0,108,0.0,0.2666666666666667
2868,11,2024-08-06,Com_2,Utilities,Zone C,3633,13,0.93,59.0,0.0,0,117,0.0,0.2203389830508475
2869,12,2024-08-06,Com_2,Utilities,Zone B,3647,14,0.93,50.0,0.0,0,98,0.0,0.28
2870,13,2024-08-06,Com_2,Utilities,Zone B,3660,13,0.94,57.0,0.0,0,91,0.0,0.2280701754385965
2871,14,2024-08-06,Com_2,Utilities,Zone B,3675,15,0.95,54.0,0.0,0,105,0.0,0.2777777777777778
2872,15,2024-08-06,Com_2,Utilities,Zone B,3690,15,0.94,58.0,0.0,0,105,0.0,0.2586206896551724
2873,16,2024-08-06,Com_2,Utilities,Zone B,3702,12,0.95,46.0,0.0,0,84,0.0,0.2608695652173913
2874,17,2024-08-06,Com_2,Utilities,Zone B,3716,14,0.96,60.0,0.0,0,98,0.0,0.2333333333333333
2875,18,2024-08-06,Com_2,Utilities,Zone D,3728,12,0.95,49.0,0.0,0,132,0.0,0.2448979591836735
2876,19,2024-08-06,Com_2,Utilities,Zone D,3744,16,0.93,51.0,0.0,0,176,0.0,0.3137254901960784
2877,20,2024-08-06,Com_2,Utilities,Zone D,3758,14,0.95,59.0,0.0,0,154,0.0,0.2372881355932203
2878,21,2024-08-06,Com_2,Utilities,Zone D,3773,15,0.93,58.0,0.0,0,165,0.0,0.2586206896551724
2879,22,2024-08-06,Com_2,Utilities,Zone A,3787,14,0.93,49.0,0.0,0,70,0.0,0.2857142857142857
2880,23,2024-08-06,Com_2,Utilities,Zone A,3803,16,0.96,58.0,0.0,0,80,0.0,0.2758620689655172
2881,0,2024-08-07,Com_2,Utilities,Zone A,3817,14,0.92,48.0,0.0,0,70,0.0,0.2916666666666667
2882,1,2024-08-07,Com_2,Utilities,Zone A,3831,14,0.95,59.0,0.0,0,70,0.0,0.2372881355932203
2883,2,2024-08-07,Com_2,Utilities,Zone A,3843,12,0.95,51.0,0.0,0,60,0.0,0.2352941176470588
2884,3,2024-08-07,Com_2,Utilities,Zone A,3857,14,0.95,59.0,0.0,0,70,0.0,0.2372881355932203
2885,4,2024-08-07,Com_2,Utilities,Zone A,3872,15,0.93,50.0,0.0,0,75,0.0,0.3
2886,5,2024-08-07,Com_2,Utilities,Zone A,3887,15,0.95,46.0,0.0,0,75,0.0,0.3260869565217391
2887,6,2024-08-07,Com_2,Utilities,Zone B,3903,16,0.93,46.0,0.0,0,112,0.0,0.3478260869565217
2888,7,2024-08-07,Com_2,Utilities,Zone B,3919,16,0.96,54.0,0.0,0,112,0.0,0.2962962962962963
2889,8,2024-08-07,Com_2,Utilities,Zone B,3931,12,0.93,47.0,0.0,0,84,0.0,0.2553191489361702
2890,9,2024-08-07,Com_2,Utilities,Zone C,3944,13,0.94,51.0,0.0,0,117,0.0,0.2549019607843137
2891,10,2024-08-07,Com_2,Utilities,Zone C,3958,14,0.93,56.0,0.0,0,126,0.0,0.25
2892,11,2024-08-07,Com_2,Utilities,Zone C,3972,14,0.94,58.0,0.0,0,126,0.0,0.2413793103448276
2893,12,2024-08-07,Com_2,Utilities,Zone B,3988,16,0.94,49.0,0.0,0,112,0.0,0.3265306122448979
2894,13,2024-08-07,Com_2,Utilities,Zone B,4002,14,0.93,45.0,0.0,0,98,0.0,0.3111111111111111
2895,14,2024-08-07,Com_2,Utilities,Zone B,4014,12,0.95,55.0,0.0,0,84,0.0,0.2181818181818182
2896,15,2024-08-07,Com_2,Utilities,Zone B,4026,12,0.94,58.0,0.0,0,84,0.0,0.2068965517241379
2897,16,2024-08-07,Com_2,Utilities,Zone B,4042,16,0.95,49.0,0.0,0,112,0.0,0.3265306122448979
2898,17,2024-08-07,Com_2,Utilities,Zone B,4055,13,0.94,57.0,0.0,0,91,0.0,0.2280701754385965
2899,18,2024-08-07,Com_2,Utilities,Zone D,4069,14,0.95,46.0,0.0,0,154,0.0,0.3043478260869565
2900,19,2024-08-07,Com_2,Utilities,Zone D,4084,15,0.93,58.0,0.0,0,165,0.0,0.2586206896551724
2901,20,2024-08-07,Com_2,Utilities,Zone D,4099,15,0.95,59.0,0.0,0,165,0.0,0.2542372881355932
2902,21,2024-08-07,Com_2,Utilities,Zone D,4114,15,0.95,60.0,0.0,0,165,0.0,0.25
2903,22,2024-08-07,Com_2,Utilities,Zone A,4126,12,0.93,51.0,0.0,0,60,0.0,0.2352941176470588
2904,23,2024-08-07,Com_2,Utilities,Zone A,4141,15,0.94,60.0,0.0,0,75,0.0,0.25
2905,0,2024-08-08,Com_2,Utilities,Zone A,4153,12,0.95,55.0,0.0,0,60,0.0,0.2181818181818182
2906,1,2024-08-08,Com_2,Utilities,Zone A,4166,13,0.95,49.0,0.0,0,65,0.0,0.2653061224489796
2907,2,2024-08-08,Com_2,Utilities,Zone A,4181,15,0.96,58.0,0.0,0,75,0.0,0.2586206896551724
2908,3,2024-08-08,Com_2,Utilities,Zone A,4197,16,0.94,54.0,0.0,0,80,0.0,0.2962962962962963
2909,4,2024-08-08,Com_2,Utilities,Zone A,4212,15,0.96,51.0,0.0,0,75,0.0,0.2941176470588235
2910,5,2024-08-08,Com_2,Utilities,Zone A,4226,14,0.93,51.0,0.0,0,70,0.0,0.2745098039215687
2911,6,2024-08-08,Com_2,Utilities,Zone B,4241,15,0.96,53.0,0.0,0,105,0.0,0.2830188679245283
2912,7,2024-08-08,Com_2,Utilities,Zone B,4253,12,0.94,56.0,0.0,0,84,0.0,0.2142857142857143
2913,8,2024-08-08,Com_2,Utilities,Zone B,4267,14,0.94,50.0,0.0,0,98,0.0,0.28
2914,9,2024-08-08,Com_2,Utilities,Zone C,4279,12,0.96,46.0,0.0,0,108,0.0,0.2608695652173913
2915,10,2024-08-08,Com_2,Utilities,Zone C,4291,12,0.93,60.0,0.0,0,108,0.0,0.2
2916,11,2024-08-08,Com_2,Utilities,Zone C,4305,14,0.96,52.0,0.0,0,126,0.0,0.2692307692307692
2917,12,2024-08-08,Com_2,Utilities,Zone B,4320,15,0.93,57.0,0.0,0,105,0.0,0.2631578947368421
2918,13,2024-08-08,Com_2,Utilities,Zone B,4335,15,0.96,55.0,0.0,0,105,0.0,0.2727272727272727
2919,14,2024-08-08,Com_2,Utilities,Zone B,4349,14,0.92,51.0,0.0,0,98,0.0,0.2745098039215687
2920,15,2024-08-08,Com_2,Utilities,Zone B,4364,15,0.93,54.0,0.0,0,105,0.0,0.2777777777777778
2921,16,2024-08-08,Com_2,Utilities,Zone B,4380,16,0.95,58.0,0.0,0,112,0.0,0.2758620689655172
2922,17,2024-08-08,Com_2,Utilities,Zone B,4395,15,0.92,47.0,0.0,0,105,0.0,0.3191489361702128
2923,18,2024-08-08,Com_2,Utilities,Zone D,4408,13,0.92,53.0,0.0,0,143,0.0,0.2452830188679245
2924,19,2024-08-08,Com_2,Utilities,Zone D,4422,14,0.95,59.0,0.0,0,154,0.0,0.2372881355932203
2925,20,2024-08-08,Com_2,Utilities,Zone D,4437,15,0.96,47.0,0.0,0,165,0.0,0.3191489361702128
2926,21,2024-08-08,Com_2,Utilities,Zone D,4453,16,0.92,58.0,0.0,0,176,0.0,0.2758620689655172
2927,22,2024-08-08,Com_2,Utilities,Zone A,4468,15,0.94,45.0,0.0,0,75,0.0,0.3333333333333333
2928,23,2024-08-08,Com_2,Utilities,Zone A,4484,16,0.93,54.0,0.0,0,80,0.0,0.2962962962962963
2929,0,2024-08-09,Com_2,Utilities,Zone A,4497,13,0.93,49.0,0.0,0,65,0.0,0.2653061224489796
2930,1,2024-08-09,Com_2,Utilities,Zone A,4511,14,0.93,53.0,0.0,0,70,0.0,0.2641509433962264
2931,2,2024-08-09,Com_2,Utilities,Zone A,4524,13,0.93,50.0,0.0,0,65,0.0,0.26
2932,3,2024-08-09,Com_2,Utilities,Zone A,4537,13,0.95,60.0,0.0,0,65,0.0,0.2166666666666667
2933,4,2024-08-09,Com_2,Utilities,Zone A,4551,14,0.94,45.0,0.0,0,70,0.0,0.3111111111111111
2934,5,2024-08-09,Com_2,Utilities,Zone A,4567,16,0.94,50.0,0.0,0,80,0.0,0.32
2935,6,2024-08-09,Com_2,Utilities,Zone B,4580,13,0.94,60.0,0.0,0,91,0.0,0.2166666666666667
2936,7,2024-08-09,Com_2,Utilities,Zone B,4596,16,0.94,55.0,0.0,0,112,0.0,0.2909090909090909
2937,8,2024-08-09,Com_2,Utilities,Zone B,4610,14,0.93,48.0,0.0,0,98,0.0,0.2916666666666667
2938,9,2024-08-09,Com_2,Utilities,Zone C,4624,14,0.95,52.0,0.0,0,126,0.0,0.2692307692307692
2939,10,2024-08-09,Com_2,Utilities,Zone C,4637,13,0.96,54.0,0.0,0,117,0.0,0.2407407407407407
2940,11,2024-08-09,Com_2,Utilities,Zone C,4653,16,0.95,52.0,0.0,0,144,0.0,0.3076923076923077
2941,12,2024-08-09,Com_2,Utilities,Zone B,4666,13,0.95,55.0,0.0,0,91,0.0,0.2363636363636364
2942,13,2024-08-09,Com_2,Utilities,Zone B,4680,14,0.94,46.0,0.0,0,98,0.0,0.3043478260869565
2943,14,2024-08-09,Com_2,Utilities,Zone B,4692,12,0.96,53.0,0.0,0,84,0.0,0.2264150943396226
2944,15,2024-08-09,Com_2,Utilities,Zone B,4705,13,0.92,53.0,0.0,0,91,0.0,0.2452830188679245
2945,16,2024-08-09,Com_2,Utilities,Zone B,4718,13,0.95,50.0,0.0,0,91,0.0,0.26
2946,17,2024-08-09,Com_2,Utilities,Zone B,4734,16,0.94,55.0,0.0,0,112,0.0,0.2909090909090909
2947,18,2024-08-09,Com_2,Utilities,Zone D,4746,12,0.92,58.0,0.0,0,132,0.0,0.2068965517241379
2948,19,2024-08-09,Com_2,Utilities,Zone D,4759,13,0.93,48.0,0.0,0,143,0.0,0.2708333333333333
2949,20,2024-08-09,Com_2,Utilities,Zone D,4773,14,0.94,57.0,0.0,0,154,0.0,0.2456140350877193
2950,21,2024-08-09,Com_2,Utilities,Zone D,4787,14,0.96,47.0,0.0,0,154,0.0,0.2978723404255319
2951,22,2024-08-09,Com_2,Utilities,Zone A,4800,13,0.94,53.0,0.0,0,65,0.0,0.2452830188679245
2952,23,2024-08-09,Com_2,Utilities,Zone A,4815,15,0.95,45.0,0.0,0,75,0.0,0.3333333333333333
2953,0,2024-08-10,Com_2,Utilities,Zone A,4829,14,0.92,56.0,0.0,0,70,0.0,0.25
2954,1,2024-08-10,Com_2,Utilities,Zone A,4842,13,0.93,60.0,0.0,0,65,0.0,0.2166666666666667
2955,2,2024-08-10,Com_2,Utilities,Zone A,4854,12,0.95,49.0,0.0,0,60,0.0,0.2448979591836735
2956,3,2024-08-10,Com_2,Utilities,Zone A,4867,13,0.95,55.0,0.0,0,65,0.0,0.2363636363636364
2957,4,2024-08-10,Com_2,Utilities,Zone A,4879,12,0.95,48.0,0.0,0,60,0.0,0.25
2958,5,2024-08-10,Com_2,Utilities,Zone A,4895,16,0.94,56.0,0.0,0,80,0.0,0.2857142857142857
2959,6,2024-08-10,Com_2,Utilities,Zone B,4908,13,0.95,57.0,0.0,0,91,0.0,0.2280701754385965
2960,7,2024-08-10,Com_2,Utilities,Zone B,4923,15,0.95,46.0,0.0,0,105,0.0,0.3260869565217391
2961,8,2024-08-10,Com_2,Utilities,Zone B,4937,14,0.95,47.0,0.0,0,98,0.0,0.2978723404255319
2962,9,2024-08-10,Com_2,Utilities,Zone C,4951,14,0.92,49.0,0.0,0,126,0.0,0.2857142857142857
2963,10,2024-08-10,Com_2,Utilities,Zone C,4963,12,0.92,47.0,0.0,0,108,0.0,0.2553191489361702
2964,11,2024-08-10,Com_2,Utilities,Zone C,4977,14,0.95,51.0,0.0,0,126,0.0,0.2745098039215687
2965,12,2024-08-10,Com_2,Utilities,Zone B,4992,15,0.95,47.0,0.0,0,105,0.0,0.3191489361702128
2966,13,2024-08-10,Com_2,Utilities,Zone B,5004,12,0.95,45.0,0.0,0,84,0.0,0.2666666666666667
2967,14,2024-08-10,Com_2,Utilities,Zone B,5016,12,0.92,60.0,0.0,0,84,0.0,0.2
2968,15,2024-08-10,Com_2,Utilities,Zone B,5028,12,0.94,55.0,0.0,0,84,0.0,0.2181818181818182
2969,16,2024-08-10,Com_2,Utilities,Zone B,5041,13,0.94,54.0,0.0,0,91,0.0,0.2407407407407407
2970,17,2024-08-10,Com_2,Utilities,Zone B,5053,12,0.94,49.0,0.0,0,84,0.0,0.2448979591836735
2971,18,2024-08-10,Com_2,Utilities,Zone D,5068,15,0.93,56.0,0.0,0,165,0.0,0.2678571428571428
2972,19,2024-08-10,Com_2,Utilities,Zone D,5080,12,0.93,54.0,0.0,0,132,0.0,0.2222222222222222
2973,20,2024-08-10,Com_2,Utilities,Zone D,5092,12,0.93,57.0,0.0,0,132,0.0,0.2105263157894737
2974,21,2024-08-10,Com_2,Utilities,Zone D,5106,14,0.96,57.0,0.0,0,154,0.0,0.2456140350877193
2975,22,2024-08-10,Com_2,Utilities,Zone A,5121,15,0.94,54.0,0.0,0,75,0.0,0.2777777777777778
2976,23,2024-08-10,Com_2,Utilities,Zone A,5136,15,0.95,53.0,0.0,0,75,0.0,0.2830188679245283
2977,0,2024-08-11,Com_2,Utilities,Zone A,5152,16,0.93,47.0,0.0,0,80,0.0,0.3404255319148936
2978,1,2024-08-11,Com_2,Utilities,Zone A,5166,14,0.96,55.0,0.0,0,70,0.0,0.2545454545454545
2979,2,2024-08-11,Com_2,Utilities,Zone A,5182,16,0.93,52.0,0.0,0,80,0.0,0.3076923076923077
2980,3,2024-08-11,Com_2,Utilities,Zone A,5198,16,0.92,49.0,0.0,0,80,0.0,0.3265306122448979
2981,4,2024-08-11,Com_2,Utilities,Zone A,5212,14,0.96,52.0,0.0,0,70,0.0,0.2692307692307692
2982,5,2024-08-11,Com_2,Utilities,Zone A,5224,12,0.92,54.0,0.0,0,60,0.0,0.2222222222222222
2983,6,2024-08-11,Com_2,Utilities,Zone B,5240,16,0.95,57.0,0.0,0,112,0.0,0.2807017543859649
2984,7,2024-08-11,Com_2,Utilities,Zone B,5254,14,0.94,47.0,0.0,0,98,0.0,0.2978723404255319
2985,8,2024-08-11,Com_2,Utilities,Zone B,5267,13,0.95,59.0,0.0,0,91,0.0,0.2203389830508475
2986,9,2024-08-11,Com_2,Utilities,Zone C,5280,13,0.95,54.0,0.0,0,117,0.0,0.2407407407407407
2987,10,2024-08-11,Com_2,Utilities,Zone C,5292,12,0.93,47.0,0.0,0,108,0.0,0.2553191489361702
2988,11,2024-08-11,Com_2,Utilities,Zone C,5307,15,0.94,52.0,0.0,0,135,0.0,0.2884615384615384
2989,12,2024-08-11,Com_2,Utilities,Zone B,5319,12,0.94,52.0,0.0,0,84,0.0,0.2307692307692308
2990,13,2024-08-11,Com_2,Utilities,Zone B,5333,14,0.94,57.0,0.0,0,98,0.0,0.2456140350877193
2991,14,2024-08-11,Com_2,Utilities,Zone B,5347,14,0.94,50.0,0.0,0,98,0.0,0.28
2992,15,2024-08-11,Com_2,Utilities,Zone B,5360,13,0.95,50.0,0.0,0,91,0.0,0.26
2993,16,2024-08-11,Com_2,Utilities,Zone B,5372,12,0.95,59.0,0.0,0,84,0.0,0.2033898305084746
2994,17,2024-08-11,Com_2,Utilities,Zone B,5386,14,0.92,53.0,0.0,0,98,0.0,0.2641509433962264
2995,18,2024-08-11,Com_2,Utilities,Zone D,5402,16,0.95,47.0,0.0,0,176,0.0,0.3404255319148936
2996,19,2024-08-11,Com_2,Utilities,Zone D,5417,15,0.95,48.0,0.0,0,165,0.0,0.3125
2997,20,2024-08-11,Com_2,Utilities,Zone D,5433,16,0.96,59.0,0.0,0,176,0.0,0.2711864406779661
2998,21,2024-08-11,Com_2,Utilities,Zone D,5446,13,0.95,56.0,0.0,0,143,0.0,0.2321428571428572
2999,22,2024-08-11,Com_2,Utilities,Zone A,5462,16,0.93,54.0,0.0,0,80,0.0,0.2962962962962963
3000,23,2024-08-11,Com_2,Utilities,Zone A,5475,13,0.96,49.0,0.0,0,65,0.0,0.2653061224489796
3001,0,2024-08-12,Com_2,Utilities,Zone A,5490,15,0.92,47.0,0.0,0,75,0.0,0.3191489361702128
3002,1,2024-08-12,Com_2,Utilities,Zone A,5506,16,0.93,57.0,0.0,0,80,0.0,0.2807017543859649
3003,2,2024-08-12,Com_2,Utilities,Zone A,5519,13,0.95,45.0,0.0,0,65,0.0,0.2888888888888889
3004,3,2024-08-12,Com_2,Utilities,Zone A,5533,14,0.92,46.0,0.0,0,70,0.0,0.3043478260869565
3005,4,2024-08-12,Com_2,Utilities,Zone A,5548,15,0.94,55.0,0.0,0,75,0.0,0.2727272727272727
3006,5,2024-08-12,Com_2,Utilities,Zone A,5563,15,0.93,56.0,0.0,0,75,0.0,0.2678571428571428
3007,6,2024-08-12,Com_2,Utilities,Zone B,5576,13,0.95,47.0,0.0,0,91,0.0,0.2765957446808511
3008,7,2024-08-12,Com_2,Utilities,Zone B,5592,16,0.92,57.0,0.0,0,112,0.0,0.2807017543859649
3009,8,2024-08-12,Com_2,Utilities,Zone B,5608,16,0.94,53.0,0.0,0,112,0.0,0.3018867924528302
3010,9,2024-08-12,Com_2,Utilities,Zone C,5620,12,0.93,53.0,0.0,0,108,0.0,0.2264150943396226
3011,10,2024-08-12,Com_2,Utilities,Zone C,5636,16,0.92,55.0,0.0,0,144,0.0,0.2909090909090909
3012,11,2024-08-12,Com_2,Utilities,Zone C,5649,13,0.95,58.0,0.0,0,117,0.0,0.2241379310344828
3013,12,2024-08-12,Com_2,Utilities,Zone B,5661,12,0.94,54.0,0.0,0,84,0.0,0.2222222222222222
3014,13,2024-08-12,Com_2,Utilities,Zone B,5674,13,0.95,52.0,0.0,0,91,0.0,0.25
3015,14,2024-08-12,Com_2,Utilities,Zone B,5690,16,0.94,57.0,0.0,0,112,0.0,0.2807017543859649
3016,15,2024-08-12,Com_2,Utilities,Zone B,5705,15,0.93,59.0,0.0,0,105,0.0,0.2542372881355932
3017,16,2024-08-12,Com_2,Utilities,Zone B,5720,15,0.92,51.0,0.0,0,105,0.0,0.2941176470588235
3018,17,2024-08-12,Com_2,Utilities,Zone B,5735,15,0.95,57.0,0.0,0,105,0.0,0.2631578947368421
3019,18,2024-08-12,Com_2,Utilities,Zone D,5750,15,0.95,57.0,0.0,0,165,0.0,0.2631578947368421
3020,19,2024-08-12,Com_2,Utilities,Zone D,5763,13,0.94,59.0,0.0,0,143,0.0,0.2203389830508475
3021,20,2024-08-12,Com_2,Utilities,Zone D,5777,14,0.93,53.0,0.0,0,154,0.0,0.2641509433962264
3022,21,2024-08-12,Com_2,Utilities,Zone D,5789,12,0.94,57.0,0.0,0,132,0.0,0.2105263157894737
3023,22,2024-08-12,Com_2,Utilities,Zone A,5801,12,0.94,58.0,0.0,0,60,0.0,0.2068965517241379
3024,23,2024-08-12,Com_2,Utilities,Zone A,5814,13,0.94,51.0,0.0,0,65,0.0,0.2549019607843137
3025,0,2024-07-30,Office,Utilities,Zone A,1984,4,0.94,52.0,0.0,0,20,0.0,0.07692307692307693
3026,1,2024-07-30,Office,Utilities,Zone A,1988,4,0.93,55.0,0.0,0,20,0.0,0.07272727272727272
3027,2,2024-07-30,Office,Utilities,Zone A,1991,3,0.94,52.0,0.0,0,15,0.0,0.0576923076923077
3028,3,2024-07-30,Office,Utilities,Zone A,1994,3,0.91,45.0,0.0,0,15,0.0,0.06666666666666667
3029,4,2024-07-30,Office,Utilities,Zone A,1997,3,0.93,59.0,0.0,0,15,0.0,0.05084745762711865
3030,5,2024-07-30,Office,Utilities,Zone A,2001,4,0.92,59.0,0.0,0,20,0.0,0.06779661016949153
3031,6,2024-07-30,Office,Utilities,Zone B,2004,3,0.91,55.0,0.0,0,21,0.0,0.05454545454545454
3032,7,2024-07-30,Office,Utilities,Zone B,2007,3,0.91,54.0,0.0,0,21,0.0,0.05555555555555555
3033,8,2024-07-30,Office,Utilities,Zone B,2012,5,0.92,51.0,0.0,0,35,0.0,0.09803921568627451
3034,9,2024-07-30,Office,Utilities,Zone C,2015,3,0.96,50.0,0.0,0,27,0.0,0.06
3035,10,2024-07-30,Office,Utilities,Zone C,2019,4,0.91,56.0,0.0,0,36,0.0,0.07142857142857142
3036,11,2024-07-30,Office,Utilities,Zone C,2022,3,0.92,58.0,0.0,0,27,0.0,0.05172413793103448
3037,12,2024-07-30,Office,Utilities,Zone B,2025,3,0.96,58.0,0.0,0,21,0.0,0.05172413793103448
3038,13,2024-07-30,Office,Utilities,Zone B,2030,5,0.92,51.0,0.0,0,35,0.0,0.09803921568627451
3039,14,2024-07-30,Office,Utilities,Zone B,2035,5,0.9,58.0,0.0,0,35,0.0,0.08620689655172414
3040,15,2024-07-30,Office,Utilities,Zone B,2038,3,0.93,58.0,0.0,0,21,0.0,0.05172413793103448
3041,16,2024-07-30,Office,Utilities,Zone B,2042,4,0.91,45.0,0.0,0,28,0.0,0.08888888888888889
3042,17,2024-07-30,Office,Utilities,Zone B,2047,5,0.91,51.0,0.0,0,35,0.0,0.09803921568627451
3043,18,2024-07-30,Office,Utilities,Zone D,2050,3,0.93,50.0,0.0,0,33,0.0,0.06
3044,19,2024-07-30,Office,Utilities,Zone D,2055,5,0.96,46.0,0.0,0,55,0.0,0.108695652173913
3045,20,2024-07-30,Office,Utilities,Zone D,2059,4,0.9,57.0,0.0,0,44,0.0,0.07017543859649122
3046,21,2024-07-30,Office,Utilities,Zone D,2064,5,0.92,55.0,0.0,0,55,0.0,0.09090909090909091
3047,22,2024-07-30,Office,Utilities,Zone A,2067,3,0.94,55.0,0.0,0,15,0.0,0.05454545454545454
3048,23,2024-07-30,Office,Utilities,Zone A,2071,4,0.9,52.0,0.0,0,20,0.0,0.07692307692307693
3049,0,2024-07-31,Office,Utilities,Zone A,2074,3,0.92,55.0,0.0,0,15,0.0,0.05454545454545454
3050,1,2024-07-31,Office,Utilities,Zone A,2077,3,0.95,50.0,0.0,0,15,0.0,0.06
3051,2,2024-07-31,Office,Utilities,Zone A,2081,4,0.95,52.0,0.0,0,20,0.0,0.07692307692307693
3052,3,2024-07-31,Office,Utilities,Zone A,2086,5,0.95,46.0,0.0,0,25,0.0,0.108695652173913
3053,4,2024-07-31,Office,Utilities,Zone A,2091,5,0.95,52.0,0.0,0,25,0.0,0.09615384615384616
3054,5,2024-07-31,Office,Utilities,Zone A,2094,3,0.96,57.0,0.0,0,15,0.0,0.05263157894736842
3055,6,2024-07-31,Office,Utilities,Zone B,2099,5,0.93,51.0,0.0,0,35,0.0,0.09803921568627451
3056,7,2024-07-31,Office,Utilities,Zone B,2104,5,0.91,49.0,0.0,0,35,0.0,0.1020408163265306
3057,8,2024-07-31,Office,Utilities,Zone B,2107,3,0.94,57.0,0.0,0,21,0.0,0.05263157894736842
3058,9,2024-07-31,Office,Utilities,Zone C,2112,5,0.94,56.0,0.0,0,45,0.0,0.08928571428571429
3059,10,2024-07-31,Office,Utilities,Zone C,2116,4,0.95,60.0,0.0,0,36,0.0,0.06666666666666667
3060,11,2024-07-31,Office,Utilities,Zone C,2119,3,0.94,48.0,0.0,0,27,0.0,0.0625
3061,12,2024-07-31,Office,Utilities,Zone B,2123,4,0.95,55.0,0.0,0,28,0.0,0.07272727272727272
3062,13,2024-07-31,Office,Utilities,Zone B,2127,4,0.93,49.0,0.0,0,28,0.0,0.08163265306122448
3063,14,2024-07-31,Office,Utilities,Zone B,2131,4,0.94,49.0,0.0,0,28,0.0,0.08163265306122448
3064,15,2024-07-31,Office,Utilities,Zone B,2135,4,0.9,46.0,0.0,0,28,0.0,0.08695652173913043
3065,16,2024-07-31,Office,Utilities,Zone B,2138,3,0.95,45.0,0.0,0,21,0.0,0.06666666666666667
3066,17,2024-07-31,Office,Utilities,Zone B,2143,5,0.94,53.0,0.0,0,35,0.0,0.09433962264150944
3067,18,2024-07-31,Office,Utilities,Zone D,2147,4,0.92,45.0,0.0,0,44,0.0,0.08888888888888889
3068,19,2024-07-31,Office,Utilities,Zone D,2150,3,0.91,51.0,0.0,0,33,0.0,0.05882352941176471
3069,20,2024-07-31,Office,Utilities,Zone D,2153,3,0.94,55.0,0.0,0,33,0.0,0.05454545454545454
3070,21,2024-07-31,Office,Utilities,Zone D,2158,5,0.94,50.0,0.0,0,55,0.0,0.1
3071,22,2024-07-31,Office,Utilities,Zone A,2163,5,0.94,52.0,0.0,0,25,0.0,0.09615384615384616
3072,23,2024-07-31,Office,Utilities,Zone A,2168,5,0.94,55.0,0.0,0,25,0.0,0.09090909090909091
3073,0,2024-08-01,Office,Utilities,Zone A,2173,5,0.94,59.0,0.0,0,25,0.0,0.0847457627118644
3074,1,2024-08-01,Office,Utilities,Zone A,2176,3,0.94,50.0,0.0,0,15,0.0,0.06
3075,2,2024-08-01,Office,Utilities,Zone A,2181,5,0.95,53.0,0.0,0,25,0.0,0.09433962264150944
3076,3,2024-08-01,Office,Utilities,Zone A,2186,5,0.91,56.0,0.0,0,25,0.0,0.08928571428571429
3077,4,2024-08-01,Office,Utilities,Zone A,2191,5,0.95,47.0,0.0,0,25,0.0,0.1063829787234043
3078,5,2024-08-01,Office,Utilities,Zone A,2195,4,0.93,48.0,0.0,0,20,0.0,0.08333333333333333
3079,6,2024-08-01,Office,Utilities,Zone B,2199,4,0.92,50.0,0.0,0,28,0.0,0.08
3080,7,2024-08-01,Office,Utilities,Zone B,2204,5,0.92,53.0,0.0,0,35,0.0,0.09433962264150944
3081,8,2024-08-01,Office,Utilities,Zone B,2209,5,0.92,54.0,0.0,0,35,0.0,0.09259259259259259
3082,9,2024-08-01,Office,Utilities,Zone C,2213,4,0.94,47.0,0.0,0,36,0.0,0.0851063829787234
3083,10,2024-08-01,Office,Utilities,Zone C,2216,3,0.92,46.0,0.0,0,27,0.0,0.06521739130434782
3084,11,2024-08-01,Office,Utilities,Zone C,2219,3,0.9,45.0,0.0,0,27,0.0,0.06666666666666667
3085,12,2024-08-01,Office,Utilities,Zone B,2223,4,0.94,54.0,0.0,0,28,0.0,0.07407407407407407
3086,13,2024-08-01,Office,Utilities,Zone B,2228,5,0.93,60.0,0.0,0,35,0.0,0.08333333333333333
3087,14,2024-08-01,Office,Utilities,Zone B,2233,5,0.94,58.0,0.0,0,35,0.0,0.08620689655172414
3088,15,2024-08-01,Office,Utilities,Zone B,2238,5,0.92,50.0,0.0,0,35,0.0,0.1
3089,16,2024-08-01,Office,Utilities,Zone B,2243,5,0.92,50.0,0.0,0,35,0.0,0.1
3090,17,2024-08-01,Office,Utilities,Zone B,2246,3,0.93,57.0,0.0,0,21,0.0,0.05263157894736842
3091,18,2024-08-01,Office,Utilities,Zone D,2251,5,0.91,60.0,0.0,0,55,0.0,0.08333333333333333
3092,19,2024-08-01,Office,Utilities,Zone D,2255,4,0.94,46.0,0.0,0,44,0.0,0.08695652173913043
3093,20,2024-08-01,Office,Utilities,Zone D,2259,4,0.96,45.0,0.0,0,44,0.0,0.08888888888888889
3094,21,2024-08-01,Office,Utilities,Zone D,2262,3,0.91,56.0,0.0,0,33,0.0,0.05357142857142857
3095,22,2024-08-01,Office,Utilities,Zone A,2265,3,0.91,57.0,0.0,0,15,0.0,0.05263157894736842
3096,23,2024-08-01,Office,Utilities,Zone A,2269,4,0.92,60.0,0.0,0,20,0.0,0.06666666666666667
3097,0,2024-08-02,Office,Utilities,Zone A,2272,3,0.93,46.0,0.0,0,15,0.0,0.06521739130434782
3098,1,2024-08-02,Office,Utilities,Zone A,2275,3,0.95,49.0,0.0,0,15,0.0,0.06122448979591837
3099,2,2024-08-02,Office,Utilities,Zone A,2279,4,0.9,58.0,0.0,0,20,0.0,0.06896551724137931
3100,3,2024-08-02,Office,Utilities,Zone A,2282,3,0.92,46.0,0.0,0,15,0.0,0.06521739130434782
3101,4,2024-08-02,Office,Utilities,Zone A,2286,4,0.92,45.0,0.0,0,20,0.0,0.08888888888888889
3102,5,2024-08-02,Office,Utilities,Zone A,2290,4,0.91,47.0,0.0,0,20,0.0,0.0851063829787234
3103,6,2024-08-02,Office,Utilities,Zone B,2295,5,0.95,51.0,0.0,0,35,0.0,0.09803921568627451
3104,7,2024-08-02,Office,Utilities,Zone B,2299,4,0.92,57.0,0.0,0,28,0.0,0.07017543859649122
3105,8,2024-08-02,Office,Utilities,Zone B,2304,5,0.95,58.0,0.0,0,35,0.0,0.08620689655172414
3106,9,2024-08-02,Office,Utilities,Zone C,2308,4,0.92,53.0,0.0,0,36,0.0,0.07547169811320754
3107,10,2024-08-02,Office,Utilities,Zone C,2312,4,0.9,52.0,0.0,0,36,0.0,0.07692307692307693
3108,11,2024-08-02,Office,Utilities,Zone C,2316,4,0.95,56.0,0.0,0,36,0.0,0.07142857142857142
3109,12,2024-08-02,Office,Utilities,Zone B,2320,4,0.95,56.0,0.0,0,28,0.0,0.07142857142857142
3110,13,2024-08-02,Office,Utilities,Zone B,2325,5,0.9,58.0,0.0,0,35,0.0,0.08620689655172414
3111,14,2024-08-02,Office,Utilities,Zone B,2330,5,0.93,55.0,0.0,0,35,0.0,0.09090909090909091
3112,15,2024-08-02,Office,Utilities,Zone B,2335,5,0.92,45.0,0.0,0,35,0.0,0.1111111111111111
3113,16,2024-08-02,Office,Utilities,Zone B,2340,5,0.95,57.0,0.0,0,35,0.0,0.08771929824561403
3114,17,2024-08-02,Office,Utilities,Zone B,2344,4,0.95,50.0,0.0,0,28,0.0,0.08
3115,18,2024-08-02,Office,Utilities,Zone D,2349,5,0.91,52.0,0.0,0,55,0.0,0.09615384615384616
3116,19,2024-08-02,Office,Utilities,Zone D,2353,4,0.94,52.0,0.0,0,44,0.0,0.07692307692307693
3117,20,2024-08-02,Office,Utilities,Zone D,2357,4,0.96,54.0,0.0,0,44,0.0,0.07407407407407407
3118,21,2024-08-02,Office,Utilities,Zone D,2361,4,0.91,47.0,0.0,0,44,0.0,0.0851063829787234
3119,22,2024-08-02,Office,Utilities,Zone A,2365,4,0.9,54.0,0.0,0,20,0.0,0.07407407407407407
3120,23,2024-08-02,Office,Utilities,Zone A,2369,4,0.95,48.0,0.0,0,20,0.0,0.08333333333333333
3121,0,2024-08-03,Office,Utilities,Zone A,2373,4,0.95,57.0,0.0,0,20,0.0,0.07017543859649122
3122,1,2024-08-03,Office,Utilities,Zone A,2377,4,0.91,45.0,0.0,0,20,0.0,0.08888888888888889
3123,2,2024-08-03,Office,Utilities,Zone A,2380,3,0.92,54.0,0.0,0,15,0.0,0.05555555555555555
3124,3,2024-08-03,Office,Utilities,Zone A,2383,3,0.93,55.0,0.0,0,15,0.0,0.05454545454545454
3125,4,2024-08-03,Office,Utilities,Zone A,2387,4,0.91,60.0,0.0,0,20,0.0,0.06666666666666667
3126,5,2024-08-03,Office,Utilities,Zone A,2392,5,0.91,58.0,0.0,0,25,0.0,0.08620689655172414
3127,6,2024-08-03,Office,Utilities,Zone B,2396,4,0.95,49.0,0.0,0,28,0.0,0.08163265306122448
3128,7,2024-08-03,Office,Utilities,Zone B,2399,3,0.9,51.0,0.0,0,21,0.0,0.05882352941176471
3129,8,2024-08-03,Office,Utilities,Zone B,2404,5,0.93,57.0,0.0,0,35,0.0,0.08771929824561403
3130,9,2024-08-03,Office,Utilities,Zone C,2407,3,0.92,60.0,0.0,0,27,0.0,0.05
3131,10,2024-08-03,Office,Utilities,Zone C,2412,5,0.9,46.0,0.0,0,45,0.0,0.108695652173913
3132,11,2024-08-03,Office,Utilities,Zone C,2417,5,0.91,55.0,0.0,0,45,0.0,0.09090909090909091
3133,12,2024-08-03,Office,Utilities,Zone B,2420,3,0.92,46.0,0.0,0,21,0.0,0.06521739130434782
3134,13,2024-08-03,Office,Utilities,Zone B,2423,3,0.94,47.0,0.0,0,21,0.0,0.06382978723404255
3135,14,2024-08-03,Office,Utilities,Zone B,2426,3,0.91,54.0,0.0,0,21,0.0,0.05555555555555555
3136,15,2024-08-03,Office,Utilities,Zone B,2430,4,0.91,55.0,0.0,0,28,0.0,0.07272727272727272
3137,16,2024-08-03,Office,Utilities,Zone B,2435,5,0.93,56.0,0.0,0,35,0.0,0.08928571428571429
3138,17,2024-08-03,Office,Utilities,Zone B,2439,4,0.96,47.0,0.0,0,28,0.0,0.0851063829787234
3139,18,2024-08-03,Office,Utilities,Zone D,2442,3,0.92,60.0,0.0,0,33,0.0,0.05
3140,19,2024-08-03,Office,Utilities,Zone D,2447,5,0.95,55.0,0.0,0,55,0.0,0.09090909090909091
3141,20,2024-08-03,Office,Utilities,Zone D,2450,3,0.92,53.0,0.0,0,33,0.0,0.05660377358490566
3142,21,2024-08-03,Office,Utilities,Zone D,2455,5,0.95,54.0,0.0,0,55,0.0,0.09259259259259259
3143,22,2024-08-03,Office,Utilities,Zone A,2460,5,0.95,45.0,0.0,0,25,0.0,0.1111111111111111
3144,23,2024-08-03,Office,Utilities,Zone A,2465,5,0.91,58.0,0.0,0,25,0.0,0.08620689655172414
3145,0,2024-08-04,Office,Utilities,Zone A,2469,4,0.91,46.0,0.0,0,20,0.0,0.08695652173913043
3146,1,2024-08-04,Office,Utilities,Zone A,2472,3,0.92,57.0,0.0,0,15,0.0,0.05263157894736842
3147,2,2024-08-04,Office,Utilities,Zone A,2477,5,0.93,55.0,0.0,0,25,0.0,0.09090909090909091
3148,3,2024-08-04,Office,Utilities,Zone A,2482,5,0.94,56.0,0.0,0,25,0.0,0.08928571428571429
3149,4,2024-08-04,Office,Utilities,Zone A,2486,4,0.91,52.0,0.0,0,20,0.0,0.07692307692307693
3150,5,2024-08-04,Office,Utilities,Zone A,2490,4,0.9,55.0,0.0,0,20,0.0,0.07272727272727272
3151,6,2024-08-04,Office,Utilities,Zone B,2494,4,0.92,60.0,0.0,0,28,0.0,0.06666666666666667
3152,7,2024-08-04,Office,Utilities,Zone B,2499,5,0.93,60.0,0.0,0,35,0.0,0.08333333333333333
3153,8,2024-08-04,Office,Utilities,Zone B,2504,5,0.93,55.0,0.0,0,35,0.0,0.09090909090909091
3154,9,2024-08-04,Office,Utilities,Zone C,2507,3,0.93,59.0,0.0,0,27,0.0,0.05084745762711865
3155,10,2024-08-04,Office,Utilities,Zone C,2511,4,0.91,56.0,0.0,0,36,0.0,0.07142857142857142
3156,11,2024-08-04,Office,Utilities,Zone C,2515,4,0.92,53.0,0.0,0,36,0.0,0.07547169811320754
3157,12,2024-08-04,Office,Utilities,Zone B,2519,4,0.92,53.0,0.0,0,28,0.0,0.07547169811320754
3158,13,2024-08-04,Office,Utilities,Zone B,2523,4,0.92,53.0,0.0,0,28,0.0,0.07547169811320754
3159,14,2024-08-04,Office,Utilities,Zone B,2528,5,0.93,55.0,0.0,0,35,0.0,0.09090909090909091
3160,15,2024-08-04,Office,Utilities,Zone B,2533,5,0.95,47.0,0.0,0,35,0.0,0.1063829787234043
3161,16,2024-08-04,Office,Utilities,Zone B,2536,3,0.91,46.0,0.0,0,21,0.0,0.06521739130434782
3162,17,2024-08-04,Office,Utilities,Zone B,2541,5,0.93,54.0,0.0,0,35,0.0,0.09259259259259259
3163,18,2024-08-04,Office,Utilities,Zone D,2544,3,0.96,51.0,0.0,0,33,0.0,0.05882352941176471
3164,19,2024-08-04,Office,Utilities,Zone D,2547,3,0.94,46.0,0.0,0,33,0.0,0.06521739130434782
3165,20,2024-08-04,Office,Utilities,Zone D,2551,4,0.92,56.0,0.0,0,44,0.0,0.07142857142857142
3166,21,2024-08-04,Office,Utilities,Zone D,2555,4,0.92,54.0,0.0,0,44,0.0,0.07407407407407407
3167,22,2024-08-04,Office,Utilities,Zone A,2560,5,0.94,58.0,0.0,0,25,0.0,0.08620689655172414
3168,23,2024-08-04,Office,Utilities,Zone A,2564,4,0.91,59.0,0.0,0,20,0.0,0.06779661016949153
3169,0,2024-08-05,Office,Utilities,Zone A,2568,4,0.93,45.0,0.0,0,20,0.0,0.08888888888888889
3170,1,2024-08-05,Office,Utilities,Zone A,2572,4,0.92,52.0,0.0,0,20,0.0,0.07692307692307693
3171,2,2024-08-05,Office,Utilities,Zone A,2576,4,0.92,46.0,0.0,0,20,0.0,0.08695652173913043
3172,3,2024-08-05,Office,Utilities,Zone A,2580,4,0.95,54.0,0.0,0,20,0.0,0.07407407407407407
3173,4,2024-08-05,Office,Utilities,Zone A,2584,4,0.95,45.0,0.0,0,20,0.0,0.08888888888888889
3174,5,2024-08-05,Office,Utilities,Zone A,2589,5,0.93,59.0,0.0,0,25,0.0,0.0847457627118644
3175,6,2024-08-05,Office,Utilities,Zone B,2592,3,0.91,56.0,0.0,0,21,0.0,0.05357142857142857
3176,7,2024-08-05,Office,Utilities,Zone B,2595,3,0.94,49.0,0.0,0,21,0.0,0.06122448979591837
3177,8,2024-08-05,Office,Utilities,Zone B,2598,3,0.91,57.0,0.0,0,21,0.0,0.05263157894736842
3178,9,2024-08-05,Office,Utilities,Zone C,2601,3,0.91,52.0,0.0,0,27,0.0,0.0576923076923077
3179,10,2024-08-05,Office,Utilities,Zone C,2604,3,0.95,55.0,0.0,0,27,0.0,0.05454545454545454
3180,11,2024-08-05,Office,Utilities,Zone C,2609,5,0.9,53.0,0.0,0,45,0.0,0.09433962264150944
3181,12,2024-08-05,Office,Utilities,Zone B,2613,4,0.95,56.0,0.0,0,28,0.0,0.07142857142857142
3182,13,2024-08-05,Office,Utilities,Zone B,2618,5,0.95,45.0,0.0,0,35,0.0,0.1111111111111111
3183,14,2024-08-05,Office,Utilities,Zone B,2623,5,0.91,57.0,0.0,0,35,0.0,0.08771929824561403
3184,15,2024-08-05,Office,Utilities,Zone B,2626,3,0.94,60.0,0.0,0,21,0.0,0.05
3185,16,2024-08-05,Office,Utilities,Zone B,2630,4,0.93,53.0,0.0,0,28,0.0,0.07547169811320754
3186,17,2024-08-05,Office,Utilities,Zone B,2634,4,0.93,58.0,0.0,0,28,0.0,0.06896551724137931
3187,18,2024-08-05,Office,Utilities,Zone D,2638,4,0.92,45.0,0.0,0,44,0.0,0.08888888888888889
3188,19,2024-08-05,Office,Utilities,Zone D,2642,4,0.95,51.0,0.0,0,44,0.0,0.0784313725490196
3189,20,2024-08-05,Office,Utilities,Zone D,2647,5,0.92,45.0,0.0,0,55,0.0,0.1111111111111111
3190,21,2024-08-05,Office,Utilities,Zone D,2652,5,0.92,58.0,0.0,0,55,0.0,0.08620689655172414
3191,22,2024-08-05,Office,Utilities,Zone A,2656,4,0.94,57.0,0.0,0,20,0.0,0.07017543859649122
3192,23,2024-08-05,Office,Utilities,Zone A,2660,4,0.95,47.0,0.0,0,20,0.0,0.0851063829787234
3193,0,2024-08-06,Office,Utilities,Zone A,2664,4,0.93,51.0,0.0,0,20,0.0,0.0784313725490196
3194,1,2024-08-06,Office,Utilities,Zone A,2667,3,0.95,58.0,0.0,0,15,0.0,0.05172413793103448
3195,2,2024-08-06,Office,Utilities,Zone A,2672,5,0.92,53.0,0.0,0,25,0.0,0.09433962264150944
3196,3,2024-08-06,Office,Utilities,Zone A,2675,3,0.96,56.0,0.0,0,15,0.0,0.05357142857142857
3197,4,2024-08-06,Office,Utilities,Zone A,2679,4,0.91,47.0,0.0,0,20,0.0,0.0851063829787234
3198,5,2024-08-06,Office,Utilities,Zone A,2683,4,0.92,50.0,0.0,0,20,0.0,0.08
3199,6,2024-08-06,Office,Utilities,Zone B,2688,5,0.91,55.0,0.0,0,35,0.0,0.09090909090909091
3200,7,2024-08-06,Office,Utilities,Zone B,2693,5,0.93,46.0,0.0,0,35,0.0,0.108695652173913
3201,8,2024-08-06,Office,Utilities,Zone B,2696,3,0.95,60.0,0.0,0,21,0.0,0.05
3202,9,2024-08-06,Office,Utilities,Zone C,2699,3,0.91,53.0,0.0,0,27,0.0,0.05660377358490566
3203,10,2024-08-06,Office,Utilities,Zone C,2704,5,0.92,51.0,0.0,0,45,0.0,0.09803921568627451
3204,11,2024-08-06,Office,Utilities,Zone C,2707,3,0.92,59.0,0.0,0,27,0.0,0.05084745762711865
3205,12,2024-08-06,Office,Utilities,Zone B,2711,4,0.92,58.0,0.0,0,28,0.0,0.06896551724137931
3206,13,2024-08-06,Office,Utilities,Zone B,2715,4,0.96,57.0,0.0,0,28,0.0,0.07017543859649122
3207,14,2024-08-06,Office,Utilities,Zone B,2718,3,0.96,57.0,0.0,0,21,0.0,0.05263157894736842
3208,15,2024-08-06,Office,Utilities,Zone B,2723,5,0.96,55.0,0.0,0,35,0.0,0.09090909090909091
3209,16,2024-08-06,Office,Utilities,Zone B,2728,5,0.94,60.0,0.0,0,35,0.0,0.08333333333333333
3210,17,2024-08-06,Office,Utilities,Zone B,2733,5,0.92,50.0,0.0,0,35,0.0,0.1
3211,18,2024-08-06,Office,Utilities,Zone D,2737,4,0.96,60.0,0.0,0,44,0.0,0.06666666666666667
3212,19,2024-08-06,Office,Utilities,Zone D,2741,4,0.92,54.0,0.0,0,44,0.0,0.07407407407407407
3213,20,2024-08-06,Office,Utilities,Zone D,2746,5,0.91,58.0,0.0,0,55,0.0,0.08620689655172414
3214,21,2024-08-06,Office,Utilities,Zone D,2750,4,0.96,57.0,0.0,0,44,0.0,0.07017543859649122
3215,22,2024-08-06,Office,Utilities,Zone A,2753,3,0.9,51.0,0.0,0,15,0.0,0.05882352941176471
3216,23,2024-08-06,Office,Utilities,Zone A,2756,3,0.91,55.0,0.0,0,15,0.0,0.05454545454545454
3217,0,2024-08-07,Office,Utilities,Zone A,2761,5,0.94,53.0,0.0,0,25,0.0,0.09433962264150944
3218,1,2024-08-07,Office,Utilities,Zone A,2765,4,0.93,45.0,0.0,0,20,0.0,0.08888888888888889
3219,2,2024-08-07,Office,Utilities,Zone A,2770,5,0.96,54.0,0.0,0,25,0.0,0.09259259259259259
3220,3,2024-08-07,Office,Utilities,Zone A,2773,3,0.94,58.0,0.0,0,15,0.0,0.05172413793103448
3221,4,2024-08-07,Office,Utilities,Zone A,2777,4,0.91,46.0,0.0,0,20,0.0,0.08695652173913043
3222,5,2024-08-07,Office,Utilities,Zone A,2781,4,0.92,57.0,0.0,0,20,0.0,0.07017543859649122
3223,6,2024-08-07,Office,Utilities,Zone B,2784,3,0.93,50.0,0.0,0,21,0.0,0.06
3224,7,2024-08-07,Office,Utilities,Zone B,2789,5,0.92,48.0,0.0,0,35,0.0,0.1041666666666667
3225,8,2024-08-07,Office,Utilities,Zone B,2794,5,0.93,46.0,0.0,0,35,0.0,0.108695652173913
3226,9,2024-08-07,Office,Utilities,Zone C,2797,3,0.95,50.0,0.0,0,27,0.0,0.06
3227,10,2024-08-07,Office,Utilities,Zone C,2801,4,0.93,52.0,0.0,0,36,0.0,0.07692307692307693
3228,11,2024-08-07,Office,Utilities,Zone C,2805,4,0.96,53.0,0.0,0,36,0.0,0.07547169811320754
3229,12,2024-08-07,Office,Utilities,Zone B,2808,3,0.94,48.0,0.0,0,21,0.0,0.0625
3230,13,2024-08-07,Office,Utilities,Zone B,2811,3,0.9,53.0,0.0,0,21,0.0,0.05660377358490566
3231,14,2024-08-07,Office,Utilities,Zone B,2815,4,0.93,58.0,0.0,0,28,0.0,0.06896551724137931
3232,15,2024-08-07,Office,Utilities,Zone B,2819,4,0.94,58.0,0.0,0,28,0.0,0.06896551724137931
3233,16,2024-08-07,Office,Utilities,Zone B,2823,4,0.95,53.0,0.0,0,28,0.0,0.07547169811320754
3234,17,2024-08-07,Office,Utilities,Zone B,2826,3,0.92,50.0,0.0,0,21,0.0,0.06
3235,18,2024-08-07,Office,Utilities,Zone D,2831,5,0.96,50.0,0.0,0,55,0.0,0.1
3236,19,2024-08-07,Office,Utilities,Zone D,2836,5,0.92,45.0,0.0,0,55,0.0,0.1111111111111111
3237,20,2024-08-07,Office,Utilities,Zone D,2840,4,0.93,45.0,0.0,0,44,0.0,0.08888888888888889
3238,21,2024-08-07,Office,Utilities,Zone D,2844,4,0.94,56.0,0.0,0,44,0.0,0.07142857142857142
3239,22,2024-08-07,Office,Utilities,Zone A,2847,3,0.94,54.0,0.0,0,15,0.0,0.05555555555555555
3240,23,2024-08-07,Office,Utilities,Zone A,2850,3,0.94,59.0,0.0,0,15,0.0,0.05084745762711865
3241,0,2024-08-08,Office,Utilities,Zone A,2853,3,0.9,59.0,0.0,0,15,0.0,0.05084745762711865
3242,1,2024-08-08,Office,Utilities,Zone A,2856,3,0.91,56.0,0.0,0,15,0.0,0.05357142857142857
3243,2,2024-08-08,Office,Utilities,Zone A,2859,3,0.91,56.0,0.0,0,15,0.0,0.05357142857142857
3244,3,2024-08-08,Office,Utilities,Zone A,2863,4,0.94,48.0,0.0,0,20,0.0,0.08333333333333333
3245,4,2024-08-08,Office,Utilities,Zone A,2866,3,0.91,55.0,0.0,0,15,0.0,0.05454545454545454
3246,5,2024-08-08,Office,Utilities,Zone A,2869,3,0.95,55.0,0.0,0,15,0.0,0.05454545454545454
3247,6,2024-08-08,Office,Utilities,Zone B,2873,4,0.93,50.0,0.0,0,28,0.0,0.08
3248,7,2024-08-08,Office,Utilities,Zone B,2877,4,0.94,55.0,0.0,0,28,0.0,0.07272727272727272
3249,8,2024-08-08,Office,Utilities,Zone B,2880,3,0.96,46.0,0.0,0,21,0.0,0.06521739130434782
3250,9,2024-08-08,Office,Utilities,Zone C,2884,4,0.96,60.0,0.0,0,36,0.0,0.06666666666666667
3251,10,2024-08-08,Office,Utilities,Zone C,2888,4,0.95,51.0,0.0,0,36,0.0,0.0784313725490196
3252,11,2024-08-08,Office,Utilities,Zone C,2891,3,0.91,50.0,0.0,0,27,0.0,0.06
3253,12,2024-08-08,Office,Utilities,Zone B,2894,3,0.94,53.0,0.0,0,21,0.0,0.05660377358490566
3254,13,2024-08-08,Office,Utilities,Zone B,2898,4,0.93,46.0,0.0,0,28,0.0,0.08695652173913043
3255,14,2024-08-08,Office,Utilities,Zone B,2901,3,0.91,49.0,0.0,0,21,0.0,0.06122448979591837
3256,15,2024-08-08,Office,Utilities,Zone B,2905,4,0.92,58.0,0.0,0,28,0.0,0.06896551724137931
3257,16,2024-08-08,Office,Utilities,Zone B,2908,3,0.94,51.0,0.0,0,21,0.0,0.05882352941176471
3258,17,2024-08-08,Office,Utilities,Zone B,2913,5,0.95,53.0,0.0,0,35,0.0,0.09433962264150944
3259,18,2024-08-08,Office,Utilities,Zone D,2916,3,0.95,54.0,0.0,0,33,0.0,0.05555555555555555
3260,19,2024-08-08,Office,Utilities,Zone D,2921,5,0.91,51.0,0.0,0,55,0.0,0.09803921568627451
3261,20,2024-08-08,Office,Utilities,Zone D,2925,4,0.95,49.0,0.0,0,44,0.0,0.08163265306122448
3262,21,2024-08-08,Office,Utilities,Zone D,2928,3,0.91,57.0,0.0,0,33,0.0,0.05263157894736842
3263,22,2024-08-08,Office,Utilities,Zone A,2931,3,0.91,49.0,0.0,0,15,0.0,0.06122448979591837
3264,23,2024-08-08,Office,Utilities,Zone A,2934,3,0.93,59.0,0.0,0,15,0.0,0.05084745762711865
3265,0,2024-08-09,Office,Utilities,Zone A,2937,3,0.93,48.0,0.0,0,15,0.0,0.0625
3266,1,2024-08-09,Office,Utilities,Zone A,2942,5,0.9,47.0,0.0,0,25,0.0,0.1063829787234043
3267,2,2024-08-09,Office,Utilities,Zone A,2946,4,0.94,60.0,0.0,0,20,0.0,0.06666666666666667
3268,3,2024-08-09,Office,Utilities,Zone A,2950,4,0.92,50.0,0.0,0,20,0.0,0.08
3269,4,2024-08-09,Office,Utilities,Zone A,2954,4,0.9,58.0,0.0,0,20,0.0,0.06896551724137931
3270,5,2024-08-09,Office,Utilities,Zone A,2957,3,0.9,60.0,0.0,0,15,0.0,0.05
3271,6,2024-08-09,Office,Utilities,Zone B,2960,3,0.9,49.0,0.0,0,21,0.0,0.06122448979591837
3272,7,2024-08-09,Office,Utilities,Zone B,2965,5,0.91,57.0,0.0,0,35,0.0,0.08771929824561403
3273,8,2024-08-09,Office,Utilities,Zone B,2970,5,0.94,51.0,0.0,0,35,0.0,0.09803921568627451
3274,9,2024-08-09,Office,Utilities,Zone C,2975,5,0.91,56.0,0.0,0,45,0.0,0.08928571428571429
3275,10,2024-08-09,Office,Utilities,Zone C,2978,3,0.91,56.0,0.0,0,27,0.0,0.05357142857142857
3276,11,2024-08-09,Office,Utilities,Zone C,2982,4,0.92,53.0,0.0,0,36,0.0,0.07547169811320754
3277,12,2024-08-09,Office,Utilities,Zone B,2987,5,0.92,54.0,0.0,0,35,0.0,0.09259259259259259
3278,13,2024-08-09,Office,Utilities,Zone B,2990,3,0.93,55.0,0.0,0,21,0.0,0.05454545454545454
3279,14,2024-08-09,Office,Utilities,Zone B,2993,3,0.91,54.0,0.0,0,21,0.0,0.05555555555555555
3280,15,2024-08-09,Office,Utilities,Zone B,2997,4,0.91,51.0,0.0,0,28,0.0,0.0784313725490196
3281,16,2024-08-09,Office,Utilities,Zone B,3000,3,0.92,50.0,0.0,0,21,0.0,0.06
3282,17,2024-08-09,Office,Utilities,Zone B,3005,5,0.94,50.0,0.0,0,35,0.0,0.1
3283,18,2024-08-09,Office,Utilities,Zone D,3010,5,0.93,46.0,0.0,0,55,0.0,0.108695652173913
3284,19,2024-08-09,Office,Utilities,Zone D,3013,3,0.96,56.0,0.0,0,33,0.0,0.05357142857142857
3285,20,2024-08-09,Office,Utilities,Zone D,3017,4,0.92,50.0,0.0,0,44,0.0,0.08
3286,21,2024-08-09,Office,Utilities,Zone D,3022,5,0.93,56.0,0.0,0,55,0.0,0.08928571428571429
3287,22,2024-08-09,Office,Utilities,Zone A,3026,4,0.91,50.0,0.0,0,20,0.0,0.08
3288,23,2024-08-09,Office,Utilities,Zone A,3031,5,0.95,48.0,0.0,0,25,0.0,0.1041666666666667
3289,0,2024-08-10,Office,Utilities,Zone A,3035,4,0.94,47.0,0.0,0,20,0.0,0.0851063829787234
3290,1,2024-08-10,Office,Utilities,Zone A,3039,4,0.96,58.0,0.0,0,20,0.0,0.06896551724137931
3291,2,2024-08-10,Office,Utilities,Zone A,3042,3,0.94,59.0,0.0,0,15,0.0,0.05084745762711865
3292,3,2024-08-10,Office,Utilities,Zone A,3047,5,0.94,46.0,0.0,0,25,0.0,0.108695652173913
3293,4,2024-08-10,Office,Utilities,Zone A,3051,4,0.95,59.0,0.0,0,20,0.0,0.06779661016949153
3294,5,2024-08-10,Office,Utilities,Zone A,3054,3,0.93,45.0,0.0,0,15,0.0,0.06666666666666667
3295,6,2024-08-10,Office,Utilities,Zone B,3059,5,0.95,53.0,0.0,0,35,0.0,0.09433962264150944
3296,7,2024-08-10,Office,Utilities,Zone B,3064,5,0.95,50.0,0.0,0,35,0.0,0.1
3297,8,2024-08-10,Office,Utilities,Zone B,3067,3,0.91,48.0,0.0,0,21,0.0,0.0625
3298,9,2024-08-10,Office,Utilities,Zone C,3072,5,0.92,57.0,0.0,0,45,0.0,0.08771929824561403
3299,10,2024-08-10,Office,Utilities,Zone C,3075,3,0.94,57.0,0.0,0,27,0.0,0.05263157894736842
3300,11,2024-08-10,Office,Utilities,Zone C,3079,4,0.95,59.0,0.0,0,36,0.0,0.06779661016949153
3301,12,2024-08-10,Office,Utilities,Zone B,3084,5,0.91,60.0,0.0,0,35,0.0,0.08333333333333333
3302,13,2024-08-10,Office,Utilities,Zone B,3089,5,0.94,49.0,0.0,0,35,0.0,0.1020408163265306
3303,14,2024-08-10,Office,Utilities,Zone B,3092,3,0.95,45.0,0.0,0,21,0.0,0.06666666666666667
3304,15,2024-08-10,Office,Utilities,Zone B,3095,3,0.92,57.0,0.0,0,21,0.0,0.05263157894736842
3305,16,2024-08-10,Office,Utilities,Zone B,3099,4,0.91,59.0,0.0,0,28,0.0,0.06779661016949153
3306,17,2024-08-10,Office,Utilities,Zone B,3102,3,0.91,53.0,0.0,0,21,0.0,0.05660377358490566
3307,18,2024-08-10,Office,Utilities,Zone D,3106,4,0.91,56.0,0.0,0,44,0.0,0.07142857142857142
3308,19,2024-08-10,Office,Utilities,Zone D,3109,3,0.94,52.0,0.0,0,33,0.0,0.0576923076923077
3309,20,2024-08-10,Office,Utilities,Zone D,3113,4,0.95,55.0,0.0,0,44,0.0,0.07272727272727272
3310,21,2024-08-10,Office,Utilities,Zone D,3116,3,0.92,57.0,0.0,0,33,0.0,0.05263157894736842
3311,22,2024-08-10,Office,Utilities,Zone A,3119,3,0.92,60.0,0.0,0,15,0.0,0.05
3312,23,2024-08-10,Office,Utilities,Zone A,3123,4,0.96,47.0,0.0,0,20,0.0,0.0851063829787234
3313,0,2024-08-11,Office,Utilities,Zone A,3126,3,0.92,60.0,0.0,0,15,0.0,0.05
3314,1,2024-08-11,Office,Utilities,Zone A,3131,5,0.9,47.0,0.0,0,25,0.0,0.1063829787234043
3315,2,2024-08-11,Office,Utilities,Zone A,3136,5,0.93,49.0,0.0,0,25,0.0,0.1020408163265306
3316,3,2024-08-11,Office,Utilities,Zone A,3139,3,0.9,56.0,0.0,0,15,0.0,0.05357142857142857
3317,4,2024-08-11,Office,Utilities,Zone A,3144,5,0.9,59.0,0.0,0,25,0.0,0.0847457627118644
3318,5,2024-08-11,Office,Utilities,Zone A,3147,3,0.95,48.0,0.0,0,15,0.0,0.0625
3319,6,2024-08-11,Office,Utilities,Zone B,3151,4,0.91,50.0,0.0,0,28,0.0,0.08
3320,7,2024-08-11,Office,Utilities,Zone B,3154,3,0.91,59.0,0.0,0,21,0.0,0.05084745762711865
3321,8,2024-08-11,Office,Utilities,Zone B,3158,4,0.95,45.0,0.0,0,28,0.0,0.08888888888888889
3322,9,2024-08-11,Office,Utilities,Zone C,3161,3,0.95,59.0,0.0,0,27,0.0,0.05084745762711865
3323,10,2024-08-11,Office,Utilities,Zone C,3166,5,0.95,53.0,0.0,0,45,0.0,0.09433962264150944
3324,11,2024-08-11,Office,Utilities,Zone C,3171,5,0.95,45.0,0.0,0,45,0.0,0.1111111111111111
3325,12,2024-08-11,Office,Utilities,Zone B,3175,4,0.93,53.0,0.0,0,28,0.0,0.07547169811320754
3326,13,2024-08-11,Office,Utilities,Zone B,3178,3,0.96,45.0,0.0,0,21,0.0,0.06666666666666667
3327,14,2024-08-11,Office,Utilities,Zone B,3181,3,0.9,51.0,0.0,0,21,0.0,0.05882352941176471
3328,15,2024-08-11,Office,Utilities,Zone B,3186,5,0.92,59.0,0.0,0,35,0.0,0.0847457627118644
3329,16,2024-08-11,Office,Utilities,Zone B,3191,5,0.96,57.0,0.0,0,35,0.0,0.08771929824561403
3330,17,2024-08-11,Office,Utilities,Zone B,3194,3,0.94,45.0,0.0,0,21,0.0,0.06666666666666667
3331,18,2024-08-11,Office,Utilities,Zone D,3198,4,0.96,57.0,0.0,0,44,0.0,0.07017543859649122
3332,19,2024-08-11,Office,Utilities,Zone D,3202,4,0.96,45.0,0.0,0,44,0.0,0.08888888888888889
3333,20,2024-08-11,Office,Utilities,Zone D,3206,4,0.95,47.0,0.0,0,44,0.0,0.0851063829787234
3334,21,2024-08-11,Office,Utilities,Zone D,3211,5,0.93,55.0,0.0,0,55,0.0,0.09090909090909091
3335,22,2024-08-11,Office,Utilities,Zone A,3216,5,0.94,50.0,0.0,0,25,0.0,0.1
3336,23,2024-08-11,Office,Utilities,Zone A,3219,3,0.95,53.0,0.0,0,15,0.0,0.05660377358490566
3337,0,2024-08-12,Office,Utilities,Zone A,3222,3,0.91,48.0,0.0,0,15,0.0,0.0625
3338,1,2024-08-12,Office,Utilities,Zone A,3226,4,0.94,47.0,0.0,0,20,0.0,0.0851063829787234
3339,2,2024-08-12,Office,Utilities,Zone A,3231,5,0.9,47.0,0.0,0,25,0.0,0.1063829787234043
3340,3,2024-08-12,Office,Utilities,Zone A,3234,3,0.95,47.0,0.0,0,15,0.0,0.06382978723404255
3341,4,2024-08-12,Office,Utilities,Zone A,3239,5,0.92,54.0,0.0,0,25,0.0,0.09259259259259259
3342,5,2024-08-12,Office,Utilities,Zone A,3244,5,0.94,54.0,0.0,0,25,0.0,0.09259259259259259
3343,6,2024-08-12,Office,Utilities,Zone B,3247,3,0.94,47.0,0.0,0,21,0.0,0.06382978723404255
3344,7,2024-08-12,Office,Utilities,Zone B,3252,5,0.92,55.0,0.0,0,35,0.0,0.09090909090909091
3345,8,2024-08-12,Office,Utilities,Zone B,3255,3,0.95,45.0,0.0,0,21,0.0,0.06666666666666667
3346,9,2024-08-12,Office,Utilities,Zone C,3260,5,0.9,54.0,0.0,0,45,0.0,0.09259259259259259
3347,10,2024-08-12,Office,Utilities,Zone C,3263,3,0.95,48.0,0.0,0,27,0.0,0.0625
3348,11,2024-08-12,Office,Utilities,Zone C,3268,5,0.95,49.0,0.0,0,45,0.0,0.1020408163265306
3349,12,2024-08-12,Office,Utilities,Zone B,3273,5,0.94,52.0,0.0,0,35,0.0,0.09615384615384616
3350,13,2024-08-12,Office,Utilities,Zone B,3276,3,0.96,60.0,0.0,0,21,0.0,0.05
3351,14,2024-08-12,Office,Utilities,Zone B,3280,4,0.92,48.0,0.0,0,28,0.0,0.08333333333333333
3352,15,2024-08-12,Office,Utilities,Zone B,3284,4,0.94,49.0,0.0,0,28,0.0,0.08163265306122448
3353,16,2024-08-12,Office,Utilities,Zone B,3288,4,0.96,46.0,0.0,0,28,0.0,0.08695652173913043
3354,17,2024-08-12,Office,Utilities,Zone B,3293,5,0.95,47.0,0.0,0,35,0.0,0.1063829787234043
3355,18,2024-08-12,Office,Utilities,Zone D,3296,3,0.92,48.0,0.0,0,33,0.0,0.0625
3356,19,2024-08-12,Office,Utilities,Zone D,3299,3,0.93,57.0,0.0,0,33,0.0,0.05263157894736842
3357,20,2024-08-12,Office,Utilities,Zone D,3304,5,0.93,60.0,0.0,0,55,0.0,0.08333333333333333
3358,21,2024-08-12,Office,Utilities,Zone D,3307,3,0.92,57.0,0.0,0,33,0.0,0.05263157894736842
3359,22,2024-08-12,Office,Utilities,Zone A,3310,3,0.9,59.0,0.0,0,15,0.0,0.05084745762711865
3360,23,2024-08-12,Office,Utilities,Zone A,3314,4,0.96,49.0,0.0,0,20,0.0,0.08163265306122448
3361,0,2024-07-30,IF1,Melting,Zone A,1752,600,0.87,0.0,919.0,B0001,3000,652.8835690968444,0.0
3362,1,2024-07-30,IF1,Melting,Zone A,2395,643,0.85,0.0,916.0,B0002,3215,701.9650655021834,0.0
3363,2,2024-07-30,IF1,Melting,Zone A,2950,555,0.86,0.0,850.0,B0003,2775,652.9411764705883,0.0
3364,3,2024-07-30,IF1,Melting,Zone A,3541,591,0.85,0.0,942.0,B0004,2955,627.3885350318471,0.0
3365,4,2024-07-30,IF1,Melting,Zone A,4141,600,0.88,0.0,852.0,B0005,3000,704.225352112676,0.0
3366,5,2024-07-30,IF1,Melting,Zone A,4714,573,0.89,0.0,807.0,B0006,2865,710.0371747211896,0.0
3367,6,2024-07-30,IF1,Melting,Zone B,5333,619,0.9,0.0,902.0,B0007,4333,686.2527716186253,0.0
3368,7,2024-07-30,IF1,Melting,Zone B,5891,558,0.86,0.0,924.0,B0008,3906,603.8961038961039,0.0
3369,8,2024-07-30,IF1,Melting,Zone B,6511,620,0.88,0.0,892.0,B0009,4340,695.067264573991,0.0
3370,9,2024-07-30,IF1,Melting,Zone C,7145,634,0.89,0.0,972.0,B0010,5706,652.2633744855967,0.0
3371,10,2024-07-30,IF1,Melting,Zone C,7745,600,0.86,0.0,958.0,B0011,5400,626.3048016701462,0.0
3372,11,2024-07-30,IF1,Melting,Zone C,8348,603,0.86,0.0,825.0,B0012,5427,730.909090909091,0.0
3373,12,2024-07-30,IF1,Melting,Zone B,8990,642,0.89,0.0,820.0,B0013,4494,782.9268292682927,0.0
3374,13,2024-07-30,IF1,Melting,Zone B,9573,583,0.88,0.0,855.0,B0014,4081,681.8713450292397,0.0
3375,14,2024-07-30,IF1,Melting,Zone B,10151,578,0.86,0.0,964.0,B0015,4046,599.5850622406639,0.0
3376,15,2024-07-30,IF1,Melting,Zone B,10782,631,0.88,0.0,882.0,B0016,4417,715.4195011337869,0.0
3377,16,2024-07-30,IF1,Melting,Zone B,11403,621,0.89,0.0,884.0,B0017,4347,702.4886877828054,0.0
3378,17,2024-07-30,IF1,Melting,Zone B,12032,629,0.86,0.0,823.0,B0018,4403,764.277035236938,0.0
3379,18,2024-07-30,IF1,Melting,Zone D,12597,565,0.89,0.0,800.0,B0019,6215,706.25,0.0
3380,19,2024-07-30,IF1,Melting,Zone D,13188,591,0.86,0.0,935.0,B0020,6501,632.0855614973262,0.0
3381,20,2024-07-30,IF1,Melting,Zone D,13739,551,0.86,0.0,967.0,B0021,6061,569.8035160289555,0.0
3382,21,2024-07-30,IF1,Melting,Zone D,14314,575,0.85,0.0,940.0,B0022,6325,611.7021276595744,0.0
3383,22,2024-07-30,IF1,Melting,Zone A,14901,587,0.88,0.0,902.0,B0023,2935,650.7760532150776,0.0
3384,23,2024-07-30,IF1,Melting,Zone A,15537,636,0.9,0.0,810.0,B0024,3180,785.1851851851852,0.0
3385,0,2024-07-31,IF1,Melting,Zone A,16114,577,0.86,0.0,992.0,B0025,2885,581.6532258064516,0.0
3386,1,2024-07-31,IF1,Melting,Zone A,16688,574,0.89,0.0,809.0,B0026,2870,709.5179233621756,0.0
3387,2,2024-07-31,IF1,Melting,Zone A,17324,636,0.9,0.0,897.0,B0027,3180,709.0301003344481,0.0
3388,3,2024-07-31,IF1,Melting,Zone A,17930,606,0.88,0.0,877.0,B0028,3030,690.9920182440137,0.0
3389,4,2024-07-31,IF1,Melting,Zone A,18501,571,0.87,0.0,916.0,B0029,2855,623.3624454148472,0.0
3390,5,2024-07-31,IF1,Melting,Zone A,19083,582,0.9,0.0,902.0,B0030,2910,645.2328159645233,0.0
3391,6,2024-07-31,IF1,Melting,Zone B,19665,582,0.88,0.0,807.0,B0031,4074,721.1895910780669,0.0
3392,7,2024-07-31,IF1,Melting,Zone B,20224,559,0.85,0.0,996.0,B0032,3913,561.2449799196787,0.0
3393,8,2024-07-31,IF1,Melting,Zone B,20874,650,0.85,0.0,992.0,B0033,4550,655.241935483871,0.0
3394,9,2024-07-31,IF1,Melting,Zone C,21424,550,0.9,0.0,882.0,B0034,4950,623.5827664399093,0.0
3395,10,2024-07-31,IF1,Melting,Zone C,22068,644,0.89,0.0,891.0,B0035,5796,722.7833894500561,0.0
3396,11,2024-07-31,IF1,Melting,Zone C,22701,633,0.89,0.0,895.0,B0036,5697,707.2625698324022,0.0
3397,12,2024-07-31,IF1,Melting,Zone B,23297,596,0.88,0.0,836.0,B0037,4172,712.9186602870813,0.0
3398,13,2024-07-31,IF1,Melting,Zone B,23869,572,0.86,0.0,965.0,B0038,4004,592.7461139896373,0.0
3399,14,2024-07-31,IF1,Melting,Zone B,24448,579,0.88,0.0,989.0,B0039,4053,585.4398382204247,0.0
3400,15,2024-07-31,IF1,Melting,Zone B,25069,621,0.9,0.0,985.0,B0040,4347,630.4568527918781,0.0
3401,16,2024-07-31,IF1,Melting,Zone B,25652,583,0.9,0.0,907.0,B0041,4081,642.7783902976847,0.0
3402,17,2024-07-31,IF1,Melting,Zone B,26281,629,0.9,0.0,905.0,B0042,4403,695.0276243093922,0.0
3403,18,2024-07-31,IF1,Melting,Zone D,26880,599,0.86,0.0,812.0,B0043,6589,737.6847290640394,0.0
3404,19,2024-07-31,IF1,Melting,Zone D,27523,643,0.86,0.0,947.0,B0044,7073,678.986272439282,0.0
3405,20,2024-07-31,IF1,Melting,Zone D,28118,595,0.9,0.0,856.0,B0045,6545,695.0934579439252,0.0
3406,21,2024-07-31,IF1,Melting,Zone D,28725,607,0.88,0.0,929.0,B0046,6677,653.3907427341227,0.0
3407,22,2024-07-31,IF1,Melting,Zone A,29367,642,0.88,0.0,826.0,B0047,3210,777.2397094430993,0.0
3408,23,2024-07-31,IF1,Melting,Zone A,29992,625,0.88,0.0,880.0,B0048,3125,710.2272727272727,0.0
3409,0,2024-08-01,IF1,Melting,Zone A,30608,616,0.87,0.0,977.0,B0049,3080,630.5015353121801,0.0
3410,1,2024-08-01,IF1,Melting,Zone A,31185,577,0.87,0.0,805.0,B0050,2885,716.7701863354037,0.0
3411,2,2024-08-01,IF1,Melting,Zone A,31797,612,0.9,0.0,942.0,B0051,3060,649.6815286624203,0.0
3412,3,2024-08-01,IF1,Melting,Zone A,32370,573,0.86,0.0,883.0,B0052,2865,648.9241223103058,0.0
3413,4,2024-08-01,IF1,Melting,Zone A,33012,642,0.9,0.0,898.0,B0053,3210,714.9220489977728,0.0
3414,5,2024-08-01,IF1,Melting,Zone A,33600,588,0.9,0.0,865.0,B0054,2940,679.7687861271676,0.0
3415,6,2024-08-01,IF1,Melting,Zone B,34246,646,0.88,0.0,822.0,B0055,4522,785.8880778588808,0.0
3416,7,2024-08-01,IF1,Melting,Zone B,34893,647,0.87,0.0,875.0,B0056,4529,739.4285714285714,0.0
3417,8,2024-08-01,IF1,Melting,Zone B,35509,616,0.85,0.0,872.0,B0057,4312,706.4220183486239,0.0
3418,9,2024-08-01,IF1,Melting,Zone C,36101,592,0.88,0.0,903.0,B0058,5328,655.592469545958,0.0
3419,10,2024-08-01,IF1,Melting,Zone C,36736,635,0.87,0.0,832.0,B0059,5715,763.2211538461538,0.0
3420,11,2024-08-01,IF1,Melting,Zone C,37372,636,0.86,0.0,941.0,B0060,5724,675.8767268862912,0.0
3421,12,2024-08-01,IF1,Melting,Zone B,37974,602,0.86,0.0,983.0,B0061,4214,612.410986775178,0.0
3422,13,2024-08-01,IF1,Melting,Zone B,38620,646,0.86,0.0,927.0,B0062,4522,696.8716289104639,0.0
3423,14,2024-08-01,IF1,Melting,Zone B,39206,586,0.87,0.0,972.0,B0063,4102,602.8806584362139,0.0
3424,15,2024-08-01,IF1,Melting,Zone B,39838,632,0.86,0.0,911.0,B0064,4424,693.7431394072447,0.0
3425,16,2024-08-01,IF1,Melting,Zone B,40396,558,0.88,0.0,977.0,B0065,3906,571.1361310133061,0.0
3426,17,2024-08-01,IF1,Melting,Zone B,41042,646,0.87,0.0,906.0,B0066,4522,713.0242825607064,0.0
3427,18,2024-08-01,IF1,Melting,Zone D,41605,563,0.88,0.0,803.0,B0067,6193,701.120797011208,0.0
3428,19,2024-08-01,IF1,Melting,Zone D,42235,630,0.9,0.0,992.0,B0068,6930,635.0806451612904,0.0
3429,20,2024-08-01,IF1,Melting,Zone D,42883,648,0.9,0.0,989.0,B0069,7128,655.2072800808897,0.0
3430,21,2024-08-01,IF1,Melting,Zone D,43484,601,0.89,0.0,965.0,B0070,6611,622.7979274611399,0.0
3431,22,2024-08-01,IF1,Melting,Zone A,44073,589,0.86,0.0,828.0,B0071,2945,711.3526570048309,0.0
3432,23,2024-08-01,IF1,Melting,Zone A,44640,567,0.87,0.0,899.0,B0072,2835,630.7007786429366,0.0
3433,0,2024-08-02,IF1,Melting,Zone A,45218,578,0.85,0.0,888.0,B0073,2890,650.9009009009009,0.0
3434,1,2024-08-02,IF1,Melting,Zone A,45790,572,0.9,0.0,818.0,B0074,2860,699.2665036674816,0.0
3435,2,2024-08-02,IF1,Melting,Zone A,46383,593,0.9,0.0,942.0,B0075,2965,629.511677282378,0.0
3436,3,2024-08-02,IF1,Melting,Zone A,46935,552,0.86,0.0,812.0,B0076,2760,679.8029556650246,0.0
3437,4,2024-08-02,IF1,Melting,Zone A,47556,621,0.89,0.0,946.0,B0077,3105,656.4482029598308,0.0
3438,5,2024-08-02,IF1,Melting,Zone A,48204,648,0.89,0.0,812.0,B0078,3240,798.0295566502464,0.0
3439,6,2024-08-02,IF1,Melting,Zone B,48829,625,0.87,0.0,807.0,B0079,4375,774.4733581164808,0.0
3440,7,2024-08-02,IF1,Melting,Zone B,49444,615,0.87,0.0,845.0,B0080,4305,727.8106508875741,0.0
3441,8,2024-08-02,IF1,Melting,Zone B,50023,579,0.86,0.0,920.0,B0081,4053,629.3478260869565,0.0
3442,9,2024-08-02,IF1,Melting,Zone C,50635,612,0.86,0.0,919.0,B0082,5508,665.9412404787813,0.0
3443,10,2024-08-02,IF1,Melting,Zone C,51187,552,0.9,0.0,945.0,B0083,4968,584.1269841269842,0.0
3444,11,2024-08-02,IF1,Melting,Zone C,51803,616,0.9,0.0,998.0,B0084,5544,617.2344689378757,0.0
3445,12,2024-08-02,IF1,Melting,Zone B,52364,561,0.9,0.0,868.0,B0085,3927,646.3133640552995,0.0
3446,13,2024-08-02,IF1,Melting,Zone B,52978,614,0.86,0.0,836.0,B0086,4298,734.4497607655502,0.0
3447,14,2024-08-02,IF1,Melting,Zone B,53581,603,0.88,0.0,803.0,B0087,4221,750.93399750934,0.0
3448,15,2024-08-02,IF1,Melting,Zone B,54195,614,0.89,0.0,884.0,B0088,4298,694.5701357466063,0.0
3449,16,2024-08-02,IF1,Melting,Zone B,54770,575,0.89,0.0,941.0,B0089,4025,611.0520722635495,0.0
3450,17,2024-08-02,IF1,Melting,Zone B,55390,620,0.86,0.0,887.0,B0090,4340,698.9853438556934,0.0
3451,18,2024-08-02,IF1,Melting,Zone D,56015,625,0.89,0.0,954.0,B0091,6875,655.1362683438156,0.0
3452,19,2024-08-02,IF1,Melting,Zone D,56569,554,0.86,0.0,889.0,B0092,6094,623.1721034870641,0.0
3453,20,2024-08-02,IF1,Melting,Zone D,57141,572,0.88,0.0,965.0,B0093,6292,592.7461139896373,0.0
3454,21,2024-08-02,IF1,Melting,Zone D,57700,559,0.89,0.0,869.0,B0094,6149,643.2681242807826,0.0
3455,22,2024-08-02,IF1,Melting,Zone A,58272,572,0.86,0.0,840.0,B0095,2860,680.952380952381,0.0
3456,23,2024-08-02,IF1,Melting,Zone A,58868,596,0.89,0.0,959.0,B0096,2980,621.48070907195,0.0
3457,0,2024-08-03,IF1,Melting,Zone A,59438,570,0.88,0.0,904.0,B0097,2850,630.5309734513274,0.0
3458,1,2024-08-03,IF1,Melting,Zone A,60038,600,0.86,0.0,822.0,B0098,3000,729.92700729927,0.0
3459,2,2024-08-03,IF1,Melting,Zone A,60685,647,0.87,0.0,840.0,B0099,3235,770.2380952380953,0.0
3460,3,2024-08-03,IF1,Melting,Zone A,61245,560,0.9,0.0,819.0,B0100,2800,683.7606837606837,0.0
3461,4,2024-08-03,IF1,Melting,Zone A,61808,563,0.86,0.0,932.0,B0101,2815,604.0772532188842,0.0
3462,5,2024-08-03,IF1,Melting,Zone A,62380,572,0.87,0.0,842.0,B0102,2860,679.3349168646081,0.0
3463,6,2024-08-03,IF1,Melting,Zone B,63002,622,0.87,0.0,905.0,B0103,4354,687.292817679558,0.0
3464,7,2024-08-03,IF1,Melting,Zone B,63567,565,0.9,0.0,960.0,B0104,3955,588.5416666666666,0.0
3465,8,2024-08-03,IF1,Melting,Zone B,64183,616,0.88,0.0,853.0,B0105,4312,722.1570926143025,0.0
3466,9,2024-08-03,IF1,Melting,Zone C,64821,638,0.88,0.0,884.0,B0106,5742,721.7194570135747,0.0
3467,10,2024-08-03,IF1,Melting,Zone C,65432,611,0.9,0.0,943.0,B0107,5499,647.932131495228,0.0
3468,11,2024-08-03,IF1,Melting,Zone C,66037,605,0.87,0.0,933.0,B0108,5445,648.4458735262593,0.0
3469,12,2024-08-03,IF1,Melting,Zone B,66661,624,0.87,0.0,877.0,B0109,4368,711.5165336374002,0.0
3470,13,2024-08-03,IF1,Melting,Zone B,67269,608,0.89,0.0,923.0,B0110,4256,658.7215601300109,0.0
3471,14,2024-08-03,IF1,Melting,Zone B,67880,611,0.87,0.0,890.0,B0111,4277,686.5168539325842,0.0
3472,15,2024-08-03,IF1,Melting,Zone B,68487,607,0.9,0.0,898.0,B0112,4249,675.9465478841871,0.0
3473,16,2024-08-03,IF1,Melting,Zone B,69107,620,0.85,0.0,895.0,B0113,4340,692.7374301675978,0.0
3474,17,2024-08-03,IF1,Melting,Zone B,69687,580,0.88,0.0,825.0,B0114,4060,703.030303030303,0.0
3475,18,2024-08-03,IF1,Melting,Zone D,70275,588,0.9,0.0,865.0,B0115,6468,679.7687861271676,0.0
3476,19,2024-08-03,IF1,Melting,Zone D,70904,629,0.86,0.0,950.0,B0116,6919,662.1052631578948,0.0
3477,20,2024-08-03,IF1,Melting,Zone D,71515,611,0.85,0.0,955.0,B0117,6721,639.7905759162303,0.0
3478,21,2024-08-03,IF1,Melting,Zone D,72121,606,0.89,0.0,905.0,B0118,6666,669.6132596685082,0.0
3479,22,2024-08-03,IF1,Melting,Zone A,72683,562,0.88,0.0,979.0,B0119,2810,574.0551583248213,0.0
3480,23,2024-08-03,IF1,Melting,Zone A,73237,554,0.86,0.0,964.0,B0120,2770,574.6887966804978,0.0
3481,0,2024-08-04,IF1,Melting,Zone A,73859,622,0.85,0.0,915.0,B0121,3110,679.7814207650273,0.0
3482,1,2024-08-04,IF1,Melting,Zone A,74489,630,0.88,0.0,895.0,B0122,3150,703.9106145251397,0.0
3483,2,2024-08-04,IF1,Melting,Zone A,75124,635,0.86,0.0,821.0,B0123,3175,773.4470158343483,0.0
3484,3,2024-08-04,IF1,Melting,Zone A,75733,609,0.88,0.0,959.0,B0124,3045,635.0364963503649,0.0
3485,4,2024-08-04,IF1,Melting,Zone A,76346,613,0.89,0.0,827.0,B0125,3065,741.2333736396614,0.0
3486,5,2024-08-04,IF1,Melting,Zone A,76932,586,0.88,0.0,934.0,B0126,2930,627.4089935760171,0.0
3487,6,2024-08-04,IF1,Melting,Zone B,77567,635,0.89,0.0,976.0,B0127,4445,650.6147540983607,0.0
3488,7,2024-08-04,IF1,Melting,Zone B,78165,598,0.86,0.0,981.0,B0128,4186,609.5820591233435,0.0
3489,8,2024-08-04,IF1,Melting,Zone B,78752,587,0.87,0.0,963.0,B0129,4109,609.5534787123572,0.0
3490,9,2024-08-04,IF1,Melting,Zone C,79311,559,0.85,0.0,902.0,B0130,5031,619.7339246119734,0.0
3491,10,2024-08-04,IF1,Melting,Zone C,79959,648,0.87,0.0,914.0,B0131,5832,708.9715536105032,0.0
3492,11,2024-08-04,IF1,Melting,Zone C,80535,576,0.88,0.0,919.0,B0132,5184,626.7682263329706,0.0
3493,12,2024-08-04,IF1,Melting,Zone B,81117,582,0.87,0.0,930.0,B0133,4074,625.8064516129033,0.0
3494,13,2024-08-04,IF1,Melting,Zone B,81682,565,0.89,0.0,852.0,B0134,3955,663.1455399061033,0.0
3495,14,2024-08-04,IF1,Melting,Zone B,82313,631,0.89,0.0,941.0,B0135,4417,670.5632306057386,0.0
3496,15,2024-08-04,IF1,Melting,Zone B,82873,560,0.88,0.0,843.0,B0136,3920,664.29418742586,0.0
3497,16,2024-08-04,IF1,Melting,Zone B,83440,567,0.88,0.0,965.0,B0137,3969,587.5647668393782,0.0
3498,17,2024-08-04,IF1,Melting,Zone B,84047,607,0.87,0.0,956.0,B0138,4249,634.9372384937238,0.0
3499,18,2024-08-04,IF1,Melting,Zone D,84610,563,0.89,0.0,825.0,B0139,6193,682.4242424242424,0.0
3500,19,2024-08-04,IF1,Melting,Zone D,85175,565,0.86,0.0,962.0,B0140,6215,587.3180873180874,0.0
3501,20,2024-08-04,IF1,Melting,Zone D,85769,594,0.85,0.0,911.0,B0141,6534,652.0307354555433,0.0
3502,21,2024-08-04,IF1,Melting,Zone D,86336,567,0.85,0.0,992.0,B0142,6237,571.5725806451612,0.0
3503,22,2024-08-04,IF1,Melting,Zone A,86929,593,0.89,0.0,812.0,B0143,2965,730.2955665024631,0.0
3504,23,2024-08-04,IF1,Melting,Zone A,87539,610,0.9,0.0,928.0,B0144,3050,657.3275862068966,0.0
3505,0,2024-08-05,IF1,Melting,Zone A,88168,629,0.86,0.0,917.0,B0145,3145,685.9323882224646,0.0
3506,1,2024-08-05,IF1,Melting,Zone A,88750,582,0.86,0.0,889.0,B0146,2910,654.6681664791902,0.0
3507,2,2024-08-05,IF1,Melting,Zone A,89392,642,0.86,0.0,944.0,B0147,3210,680.0847457627118,0.0
3508,3,2024-08-05,IF1,Melting,Zone A,89992,600,0.88,0.0,979.0,B0148,3000,612.8702757916241,0.0
3509,4,2024-08-05,IF1,Melting,Zone A,90627,635,0.86,0.0,987.0,B0149,3175,643.3637284701115,0.0
3510,5,2024-08-05,IF1,Melting,Zone A,91240,613,0.86,0.0,982.0,B0150,3065,624.2362525458249,0.0
3511,6,2024-08-05,IF1,Melting,Zone B,91861,621,0.87,0.0,883.0,B0151,4347,703.2842582106456,0.0
3512,7,2024-08-05,IF1,Melting,Zone B,92487,626,0.87,0.0,954.0,B0152,4382,656.1844863731657,0.0
3513,8,2024-08-05,IF1,Melting,Zone B,93099,612,0.89,0.0,921.0,B0153,4284,664.4951140065147,0.0
3514,9,2024-08-05,IF1,Melting,Zone C,93728,629,0.86,0.0,810.0,B0154,5661,776.5432098765432,0.0
3515,10,2024-08-05,IF1,Melting,Zone C,94348,620,0.89,0.0,962.0,B0155,5580,644.4906444906445,0.0
3516,11,2024-08-05,IF1,Melting,Zone C,94955,607,0.88,0.0,850.0,B0156,5463,714.1176470588235,0.0
3517,12,2024-08-05,IF1,Melting,Zone B,95535,580,0.9,0.0,886.0,B0157,4060,654.6275395033861,0.0
3518,13,2024-08-05,IF1,Melting,Zone B,96138,603,0.87,0.0,804.0,B0158,4221,750.0,0.0
3519,14,2024-08-05,IF1,Melting,Zone B,96747,609,0.9,0.0,978.0,B0159,4263,622.6993865030674,0.0
3520,15,2024-08-05,IF1,Melting,Zone B,97382,635,0.89,0.0,870.0,B0160,4445,729.8850574712644,0.0
3521,16,2024-08-05,IF1,Melting,Zone B,98007,625,0.86,0.0,933.0,B0161,4375,669.882100750268,0.0
3522,17,2024-08-05,IF1,Melting,Zone B,98573,566,0.86,0.0,969.0,B0162,3962,584.1073271413829,0.0
3523,18,2024-08-05,IF1,Melting,Zone D,99124,551,0.88,0.0,924.0,B0163,6061,596.3203463203464,0.0
3524,19,2024-08-05,IF1,Melting,Zone D,99690,566,0.9,0.0,950.0,B0164,6226,595.7894736842105,0.0
3525,20,2024-08-05,IF1,Melting,Zone D,100312,622,0.88,0.0,843.0,B0165,6842,737.8410438908659,0.0
3526,21,2024-08-05,IF1,Melting,Zone D,100865,553,0.87,0.0,916.0,B0166,6083,603.7117903930132,0.0
3527,22,2024-08-05,IF1,Melting,Zone A,101443,578,0.87,0.0,889.0,B0167,2890,650.1687289088865,0.0
3528,23,2024-08-05,IF1,Melting,Zone A,102061,618,0.87,0.0,902.0,B0168,3090,685.1441241685144,0.0
3529,0,2024-08-06,IF1,Melting,Zone A,102696,635,0.86,0.0,985.0,B0169,3175,644.6700507614214,0.0
3530,1,2024-08-06,IF1,Melting,Zone A,103267,571,0.89,0.0,903.0,B0170,2855,632.3366555924696,0.0
3531,2,2024-08-06,IF1,Melting,Zone A,103820,553,0.9,0.0,953.0,B0171,2765,580.2728226652675,0.0
3532,3,2024-08-06,IF1,Melting,Zone A,104386,566,0.87,0.0,873.0,B0172,2830,648.3390607101948,0.0
3533,4,2024-08-06,IF1,Melting,Zone A,105036,650,0.89,0.0,822.0,B0173,3250,790.7542579075426,0.0
3534,5,2024-08-06,IF1,Melting,Zone A,105631,595,0.89,0.0,968.0,B0174,2975,614.6694214876032,0.0
3535,6,2024-08-06,IF1,Melting,Zone B,106193,562,0.85,0.0,985.0,B0175,3934,570.5583756345177,0.0
3536,7,2024-08-06,IF1,Melting,Zone B,106808,615,0.9,0.0,861.0,B0176,4305,714.2857142857143,0.0
3537,8,2024-08-06,IF1,Melting,Zone B,107409,601,0.86,0.0,924.0,B0177,4207,650.4329004329005,0.0
3538,9,2024-08-06,IF1,Melting,Zone C,108058,649,0.86,0.0,810.0,B0178,5841,801.2345679012346,0.0
3539,10,2024-08-06,IF1,Melting,Zone C,108695,637,0.86,0.0,854.0,B0179,5733,745.9016393442623,0.0
3540,11,2024-08-06,IF1,Melting,Zone C,109255,560,0.9,0.0,910.0,B0180,5040,615.3846153846155,0.0
3541,12,2024-08-06,IF1,Melting,Zone B,109825,570,0.89,0.0,979.0,B0181,3990,582.226762002043,0.0
3542,13,2024-08-06,IF1,Melting,Zone B,110420,595,0.87,0.0,913.0,B0182,4165,651.697699890471,0.0
3543,14,2024-08-06,IF1,Melting,Zone B,111016,596,0.89,0.0,918.0,B0183,4172,649.2374727668845,0.0
3544,15,2024-08-06,IF1,Melting,Zone B,111606,590,0.86,0.0,958.0,B0184,4130,615.866388308977,0.0
3545,16,2024-08-06,IF1,Melting,Zone B,112160,554,0.9,0.0,862.0,B0185,3878,642.6914153132251,0.0
3546,17,2024-08-06,IF1,Melting,Zone B,112732,572,0.87,0.0,888.0,B0186,4004,644.1441441441441,0.0
3547,18,2024-08-06,IF1,Melting,Zone D,113332,600,0.85,0.0,938.0,B0187,6600,639.6588486140726,0.0
3548,19,2024-08-06,IF1,Melting,Zone D,113953,621,0.88,0.0,836.0,B0188,6831,742.8229665071771,0.0
3549,20,2024-08-06,IF1,Melting,Zone D,114590,637,0.9,0.0,987.0,B0189,7007,645.3900709219859,0.0
3550,21,2024-08-06,IF1,Melting,Zone D,115165,575,0.89,0.0,934.0,B0190,6325,615.6316916488222,0.0
3551,22,2024-08-06,IF1,Melting,Zone A,115733,568,0.89,0.0,891.0,B0191,2840,637.4859708193042,0.0
3552,23,2024-08-06,IF1,Melting,Zone A,116362,629,0.88,0.0,907.0,B0192,3145,693.4950385887541,0.0
3553,0,2024-08-07,IF1,Melting,Zone A,116978,616,0.88,0.0,935.0,B0193,3080,658.8235294117648,0.0
3554,1,2024-08-07,IF1,Melting,Zone A,117575,597,0.86,0.0,809.0,B0194,2985,737.9480840543881,0.0
3555,2,2024-08-07,IF1,Melting,Zone A,118201,626,0.88,0.0,896.0,B0195,3130,698.6607142857143,0.0
3556,3,2024-08-07,IF1,Melting,Zone A,118756,555,0.88,0.0,862.0,B0196,2775,643.8515081206497,0.0
3557,4,2024-08-07,IF1,Melting,Zone A,119385,629,0.86,0.0,817.0,B0197,3145,769.889840881273,0.0
3558,5,2024-08-07,IF1,Melting,Zone A,120010,625,0.86,0.0,807.0,B0198,3125,774.4733581164808,0.0
3559,6,2024-08-07,IF1,Melting,Zone B,120642,632,0.87,0.0,888.0,B0199,4424,711.7117117117117,0.0
3560,7,2024-08-07,IF1,Melting,Zone B,121277,635,0.89,0.0,896.0,B0200,4445,708.7053571428571,0.0
3561,8,2024-08-07,IF1,Melting,Zone B,121908,631,0.87,0.0,823.0,B0201,4417,766.7071688942891,0.0
3562,9,2024-08-07,IF1,Melting,Zone C,122531,623,0.87,0.0,844.0,B0202,5607,738.1516587677726,0.0
3563,10,2024-08-07,IF1,Melting,Zone C,123108,577,0.89,0.0,920.0,B0203,5193,627.1739130434783,0.0
3564,11,2024-08-07,IF1,Melting,Zone C,123719,611,0.86,0.0,844.0,B0204,5499,723.9336492890995,0.0
3565,12,2024-08-07,IF1,Melting,Zone B,124283,564,0.87,0.0,954.0,B0205,3948,591.1949685534591,0.0
3566,13,2024-08-07,IF1,Melting,Zone B,124882,599,0.89,0.0,882.0,B0206,4193,679.1383219954648,0.0
3567,14,2024-08-07,IF1,Melting,Zone B,125488,606,0.87,0.0,921.0,B0207,4242,657.9804560260586,0.0
3568,15,2024-08-07,IF1,Melting,Zone B,126086,598,0.88,0.0,903.0,B0208,4186,662.2369878183831,0.0
3569,16,2024-08-07,IF1,Melting,Zone B,126666,580,0.85,0.0,872.0,B0209,4060,665.1376146788991,0.0
3570,17,2024-08-07,IF1,Melting,Zone B,127239,573,0.85,0.0,802.0,B0210,4011,714.4638403990025,0.0
3571,18,2024-08-07,IF1,Melting,Zone D,127790,551,0.89,0.0,955.0,B0211,6061,576.9633507853404,0.0
3572,19,2024-08-07,IF1,Melting,Zone D,128417,627,0.88,0.0,806.0,B0212,6897,777.9156327543424,0.0
3573,20,2024-08-07,IF1,Melting,Zone D,128990,573,0.88,0.0,940.0,B0213,6303,609.5744680851064,0.0
3574,21,2024-08-07,IF1,Melting,Zone D,129621,631,0.88,0.0,805.0,B0214,6941,783.8509316770186,0.0
3575,22,2024-08-07,IF1,Melting,Zone A,130204,583,0.9,0.0,881.0,B0215,2915,661.7480136208853,0.0
3576,23,2024-08-07,IF1,Melting,Zone A,130824,620,0.86,0.0,929.0,B0216,3100,667.3842841765339,0.0
3577,0,2024-08-08,IF1,Melting,Zone A,131452,628,0.89,0.0,835.0,B0217,3140,752.0958083832336,0.0
3578,1,2024-08-08,IF1,Melting,Zone A,132091,639,0.86,0.0,958.0,B0218,3195,667.0146137787057,0.0
3579,2,2024-08-08,IF1,Melting,Zone A,132665,574,0.85,0.0,808.0,B0219,2870,710.3960396039604,0.0
3580,3,2024-08-08,IF1,Melting,Zone A,133215,550,0.89,0.0,863.0,B0220,2750,637.3117033603708,0.0
3581,4,2024-08-08,IF1,Melting,Zone A,133832,617,0.88,0.0,877.0,B0221,3085,703.5347776510832,0.0
3582,5,2024-08-08,IF1,Melting,Zone A,134468,636,0.9,0.0,973.0,B0222,3180,653.6485097636177,0.0
3583,6,2024-08-08,IF1,Melting,Zone B,135096,628,0.9,0.0,803.0,B0223,4396,782.0672478206725,0.0
3584,7,2024-08-08,IF1,Melting,Zone B,135695,599,0.88,0.0,978.0,B0224,4193,612.4744376278119,0.0
3585,8,2024-08-08,IF1,Melting,Zone B,136269,574,0.86,0.0,892.0,B0225,4018,643.4977578475336,0.0
3586,9,2024-08-08,IF1,Melting,Zone C,136825,556,0.86,0.0,903.0,B0226,5004,615.7253599114064,0.0
3587,10,2024-08-08,IF1,Melting,Zone C,137404,579,0.85,0.0,924.0,B0227,5211,626.6233766233767,0.0
3588,11,2024-08-08,IF1,Melting,Zone C,137986,582,0.86,0.0,986.0,B0228,5238,590.26369168357,0.0
3589,12,2024-08-08,IF1,Melting,Zone B,138543,557,0.87,0.0,856.0,B0229,3899,650.7009345794393,0.0
3590,13,2024-08-08,IF1,Melting,Zone B,139175,632,0.89,0.0,948.0,B0230,4424,666.6666666666666,0.0
3591,14,2024-08-08,IF1,Melting,Zone B,139773,598,0.86,0.0,872.0,B0231,4186,685.7798165137615,0.0
3592,15,2024-08-08,IF1,Melting,Zone B,140408,635,0.87,0.0,876.0,B0232,4445,724.8858447488584,0.0
3593,16,2024-08-08,IF1,Melting,Zone B,140970,562,0.88,0.0,882.0,B0233,3934,637.18820861678,0.0
3594,17,2024-08-08,IF1,Melting,Zone B,141566,596,0.87,0.0,846.0,B0234,4172,704.4917257683215,0.0
3595,18,2024-08-08,IF1,Melting,Zone D,142154,588,0.9,0.0,975.0,B0235,6468,603.0769230769231,0.0
3596,19,2024-08-08,IF1,Melting,Zone D,142762,608,0.89,0.0,908.0,B0236,6688,669.6035242290749,0.0
3597,20,2024-08-08,IF1,Melting,Zone D,143341,579,0.86,0.0,966.0,B0237,6369,599.3788819875776,0.0
3598,21,2024-08-08,IF1,Melting,Zone D,143963,622,0.87,0.0,983.0,B0238,6842,632.7568667344863,0.0
3599,22,2024-08-08,IF1,Melting,Zone A,144554,591,0.88,0.0,928.0,B0239,2955,636.8534482758621,0.0
3600,23,2024-08-08,IF1,Melting,Zone A,145134,580,0.88,0.0,915.0,B0240,2900,633.8797814207651,0.0
3601,0,2024-08-09,IF1,Melting,Zone A,145721,587,0.87,0.0,934.0,B0241,2935,628.4796573875802,0.0
3602,1,2024-08-09,IF1,Melting,Zone A,146356,635,0.86,0.0,962.0,B0242,3175,660.08316008316,0.0
3603,2,2024-08-09,IF1,Melting,Zone A,146993,637,0.85,0.0,911.0,B0243,3185,699.231613611416,0.0
3604,3,2024-08-09,IF1,Melting,Zone A,147607,614,0.89,0.0,963.0,B0244,3070,637.5908618899273,0.0
3605,4,2024-08-09,IF1,Melting,Zone A,148182,575,0.88,0.0,932.0,B0245,2875,616.9527896995708,0.0
3606,5,2024-08-09,IF1,Melting,Zone A,148815,633,0.86,0.0,858.0,B0246,3165,737.7622377622378,0.0
3607,6,2024-08-09,IF1,Melting,Zone B,149450,635,0.88,0.0,824.0,B0247,4445,770.6310679611651,0.0
3608,7,2024-08-09,IF1,Melting,Zone B,150056,606,0.88,0.0,913.0,B0248,4242,663.7458926615552,0.0
3609,8,2024-08-09,IF1,Melting,Zone B,150660,604,0.86,0.0,974.0,B0249,4228,620.1232032854209,0.0
3610,9,2024-08-09,IF1,Melting,Zone C,151307,647,0.86,0.0,868.0,B0250,5823,745.3917050691244,0.0
3611,10,2024-08-09,IF1,Melting,Zone C,151899,592,0.89,0.0,839.0,B0251,5328,705.6019070321812,0.0
3612,11,2024-08-09,IF1,Melting,Zone C,152543,644,0.86,0.0,967.0,B0252,5796,665.9772492244053,0.0
3613,12,2024-08-09,IF1,Melting,Zone B,153164,621,0.86,0.0,897.0,B0253,4347,692.3076923076923,0.0
3614,13,2024-08-09,IF1,Melting,Zone B,153716,552,0.87,0.0,965.0,B0254,3864,572.020725388601,0.0
3615,14,2024-08-09,IF1,Melting,Zone B,154294,578,0.85,0.0,996.0,B0255,4046,580.3212851405623,0.0
3616,15,2024-08-09,IF1,Melting,Zone B,154905,611,0.89,0.0,996.0,B0256,4277,613.4538152610442,0.0
3617,16,2024-08-09,IF1,Melting,Zone B,155534,629,0.88,0.0,898.0,B0257,4403,700.445434298441,0.0
3618,17,2024-08-09,IF1,Melting,Zone B,156181,647,0.88,0.0,806.0,B0258,4529,802.7295285359801,0.0
3619,18,2024-08-09,IF1,Melting,Zone D,156787,606,0.87,0.0,891.0,B0259,6666,680.1346801346801,0.0
3620,19,2024-08-09,IF1,Melting,Zone D,157368,581,0.9,0.0,824.0,B0260,6391,705.0970873786407,0.0
3621,20,2024-08-09,IF1,Melting,Zone D,157952,584,0.86,0.0,925.0,B0261,6424,631.3513513513514,0.0
3622,21,2024-08-09,IF1,Melting,Zone D,158602,650,0.87,0.0,948.0,B0262,7150,685.6540084388186,0.0
3623,22,2024-08-09,IF1,Melting,Zone A,159235,633,0.85,0.0,908.0,B0263,3165,697.136563876652,0.0
3624,23,2024-08-09,IF1,Melting,Zone A,159829,594,0.89,0.0,938.0,B0264,2970,633.2622601279318,0.0
3625,0,2024-08-10,IF1,Melting,Zone A,160464,635,0.88,0.0,881.0,B0265,3175,720.771850170261,0.0
3626,1,2024-08-10,IF1,Melting,Zone A,161103,639,0.86,0.0,892.0,B0266,3195,716.3677130044844,0.0
3627,2,2024-08-10,IF1,Melting,Zone A,161666,563,0.86,0.0,941.0,B0267,2815,598.2996811902232,0.0
3628,3,2024-08-10,IF1,Melting,Zone A,162286,620,0.9,0.0,923.0,B0268,3100,671.7226435536294,0.0
3629,4,2024-08-10,IF1,Melting,Zone A,162839,553,0.89,0.0,942.0,B0269,2765,587.0488322717622,0.0
3630,5,2024-08-10,IF1,Melting,Zone A,163392,553,0.85,0.0,943.0,B0270,2765,586.4262990455992,0.0
3631,6,2024-08-10,IF1,Melting,Zone B,163996,604,0.86,0.0,908.0,B0271,4228,665.1982378854625,0.0
3632,7,2024-08-10,IF1,Melting,Zone B,164591,595,0.9,0.0,854.0,B0272,4165,696.7213114754098,0.0
3633,8,2024-08-10,IF1,Melting,Zone B,165213,622,0.85,0.0,974.0,B0273,4354,638.6036960985626,0.0
3634,9,2024-08-10,IF1,Melting,Zone C,165848,635,0.86,0.0,802.0,B0274,5715,791.7705735660849,0.0
3635,10,2024-08-10,IF1,Melting,Zone C,166484,636,0.86,0.0,916.0,B0275,5724,694.3231441048034,0.0
3636,11,2024-08-10,IF1,Melting,Zone C,167132,648,0.88,0.0,904.0,B0276,5832,716.8141592920354,0.0
3637,12,2024-08-10,IF1,Melting,Zone B,167779,647,0.89,0.0,830.0,B0277,4529,779.5180722891566,0.0
3638,13,2024-08-10,IF1,Melting,Zone B,168404,625,0.9,0.0,858.0,B0278,4375,728.4382284382285,0.0
3639,14,2024-08-10,IF1,Melting,Zone B,168985,581,0.88,0.0,977.0,B0279,4067,594.6775844421699,0.0
3640,15,2024-08-10,IF1,Melting,Zone B,169547,562,0.85,0.0,985.0,B0280,3934,570.5583756345177,0.0
3641,16,2024-08-10,IF1,Melting,Zone B,170168,621,0.88,0.0,820.0,B0281,4347,757.3170731707318,0.0
3642,17,2024-08-10,IF1,Melting,Zone B,170804,636,0.89,0.0,873.0,B0282,4452,728.5223367697594,0.0
3643,18,2024-08-10,IF1,Melting,Zone D,171378,574,0.87,0.0,859.0,B0283,6314,668.2188591385332,0.0
3644,19,2024-08-10,IF1,Melting,Zone D,172005,627,0.85,0.0,859.0,B0284,6897,729.918509895227,0.0
3645,20,2024-08-10,IF1,Melting,Zone D,172568,563,0.89,0.0,835.0,B0285,6193,674.2514970059881,0.0
3646,21,2024-08-10,IF1,Melting,Zone D,173146,578,0.86,0.0,942.0,B0286,6358,613.588110403397,0.0
3647,22,2024-08-10,IF1,Melting,Zone A,173716,570,0.9,0.0,844.0,B0287,2850,675.3554502369668,0.0
3648,23,2024-08-10,IF1,Melting,Zone A,174364,648,0.86,0.0,928.0,B0288,3240,698.2758620689656,0.0
3649,0,2024-08-11,IF1,Melting,Zone A,174976,612,0.9,0.0,834.0,B0289,3060,733.8129496402878,0.0
3650,1,2024-08-11,IF1,Melting,Zone A,175572,596,0.87,0.0,818.0,B0290,2980,728.6063569682152,0.0
3651,2,2024-08-11,IF1,Melting,Zone A,176202,630,0.9,0.0,875.0,B0291,3150,720.0,0.0
3652,3,2024-08-11,IF1,Melting,Zone A,176819,617,0.87,0.0,977.0,B0292,3085,631.525076765609,0.0
3653,4,2024-08-11,IF1,Melting,Zone A,177432,613,0.9,0.0,961.0,B0293,3065,637.8772112382934,0.0
3654,5,2024-08-11,IF1,Melting,Zone A,178060,628,0.88,0.0,825.0,B0294,3140,761.2121212121212,0.0
3655,6,2024-08-11,IF1,Melting,Zone B,178673,613,0.88,0.0,872.0,B0295,4291,702.9816513761467,0.0
3656,7,2024-08-11,IF1,Melting,Zone B,179294,621,0.88,0.0,903.0,B0296,4347,687.7076411960132,0.0
3657,8,2024-08-11,IF1,Melting,Zone B,179845,551,0.88,0.0,914.0,B0297,3857,602.8446389496718,0.0
3658,9,2024-08-11,IF1,Melting,Zone C,180426,581,0.87,0.0,850.0,B0298,5229,683.5294117647059,0.0
3659,10,2024-08-11,IF1,Melting,Zone C,181002,576,0.88,0.0,991.0,B0299,5184,581.2310797174571,0.0
3660,11,2024-08-11,IF1,Melting,Zone C,181644,642,0.88,0.0,883.0,B0300,5778,727.0668176670441,0.0
3661,12,2024-08-11,IF1,Melting,Zone B,182230,586,0.86,0.0,889.0,B0301,4102,659.1676040494938,0.0
3662,13,2024-08-11,IF1,Melting,Zone B,182803,573,0.86,0.0,911.0,B0302,4011,628.9791437980241,0.0
3663,14,2024-08-11,IF1,Melting,Zone B,183403,600,0.89,0.0,909.0,B0303,4200,660.0660066006601,0.0
3664,15,2024-08-11,IF1,Melting,Zone B,184023,620,0.89,0.0,980.0,B0304,4340,632.6530612244899,0.0
3665,16,2024-08-11,IF1,Melting,Zone B,184628,605,0.89,0.0,923.0,B0305,4235,655.4712892741061,0.0
3666,17,2024-08-11,IF1,Melting,Zone B,185246,618,0.87,0.0,807.0,B0306,4326,765.7992565055762,0.0
3667,18,2024-08-11,IF1,Melting,Zone D,185853,607,0.85,0.0,851.0,B0307,6677,713.2784958871915,0.0
3668,19,2024-08-11,IF1,Melting,Zone D,186403,550,0.87,0.0,946.0,B0308,6050,581.3953488372093,0.0
3669,20,2024-08-11,IF1,Melting,Zone D,186979,576,0.87,0.0,806.0,B0309,6336,714.6401985111662,0.0
3670,21,2024-08-11,IF1,Melting,Zone D,187534,555,0.86,0.0,999.0,B0310,6105,555.5555555555555,0.0
3671,22,2024-08-11,IF1,Melting,Zone A,188179,645,0.87,0.0,942.0,B0311,3225,684.7133757961783,0.0
3672,23,2024-08-11,IF1,Melting,Zone A,188775,596,0.88,0.0,870.0,B0312,2980,685.0574712643678,0.0
3673,0,2024-08-12,IF1,Melting,Zone A,189342,567,0.89,0.0,904.0,B0313,2835,627.2123893805309,0.0
3674,1,2024-08-12,IF1,Melting,Zone A,189897,555,0.88,0.0,943.0,B0314,2775,588.5471898197243,0.0
3675,2,2024-08-12,IF1,Melting,Zone A,190452,555,0.88,0.0,840.0,B0315,2775,660.7142857142857,0.0
3676,3,2024-08-12,IF1,Melting,Zone A,191062,610,0.87,0.0,852.0,B0316,3050,715.962441314554,0.0
3677,4,2024-08-12,IF1,Melting,Zone A,191672,610,0.86,0.0,810.0,B0317,3050,753.0864197530865,0.0
3678,5,2024-08-12,IF1,Melting,Zone A,192287,615,0.85,0.0,910.0,B0318,3075,675.8241758241759,0.0
3679,6,2024-08-12,IF1,Melting,Zone B,192860,573,0.86,0.0,810.0,B0319,4011,707.4074074074074,0.0
3680,7,2024-08-12,IF1,Melting,Zone B,193472,612,0.89,0.0,895.0,B0320,4284,683.7988826815642,0.0
3681,8,2024-08-12,IF1,Melting,Zone B,194117,645,0.86,0.0,840.0,B0321,4515,767.8571428571429,0.0
3682,9,2024-08-12,IF1,Melting,Zone C,194732,615,0.88,0.0,956.0,B0322,5535,643.305439330544,0.0
3683,10,2024-08-12,IF1,Melting,Zone C,195331,599,0.87,0.0,945.0,B0323,5391,633.8624338624339,0.0
3684,11,2024-08-12,IF1,Melting,Zone C,195970,639,0.85,0.0,917.0,B0324,5751,696.8375136314068,0.0
3685,12,2024-08-12,IF1,Melting,Zone B,196564,594,0.89,0.0,916.0,B0325,4158,648.471615720524,0.0
3686,13,2024-08-12,IF1,Melting,Zone B,197192,628,0.86,0.0,913.0,B0326,4396,687.842278203724,0.0
3687,14,2024-08-12,IF1,Melting,Zone B,197770,578,0.85,0.0,880.0,B0327,4046,656.8181818181819,0.0
3688,15,2024-08-12,IF1,Melting,Zone B,198394,624,0.88,0.0,910.0,B0328,4368,685.7142857142857,0.0
3689,16,2024-08-12,IF1,Melting,Zone B,199001,607,0.89,0.0,856.0,B0329,4249,709.1121495327103,0.0
3690,17,2024-08-12,IF1,Melting,Zone B,199589,588,0.88,0.0,874.0,B0330,4116,672.7688787185356,0.0
3691,18,2024-08-12,IF1,Melting,Zone D,200187,598,0.89,0.0,923.0,B0331,6578,647.887323943662,0.0
3692,19,2024-08-12,IF1,Melting,Zone D,200833,646,0.85,0.0,822.0,B0332,7106,785.8880778588808,0.0
3693,20,2024-08-12,IF1,Melting,Zone D,201397,564,0.86,0.0,822.0,B0333,6204,686.1313868613139,0.0
3694,21,2024-08-12,IF1,Melting,Zone D,201949,552,0.87,0.0,843.0,B0334,6072,654.8042704626334,0.0
3695,22,2024-08-12,IF1,Melting,Zone A,202520,571,0.88,0.0,995.0,B0335,2855,573.8693467336683,0.0
3696,23,2024-08-12,IF1,Melting,Zone A,203145,625,0.88,0.0,870.0,B0336,3125,718.390804597701,0.0
3697,0,2024-07-30,IF2,Melting,Zone A,1859,600,0.95,0.0,977.0,B0361,3000,614.1248720573184,0.0
3698,1,2024-07-30,IF2,Melting,Zone A,2432,573,0.93,0.0,959.0,B0362,2865,597.4973931178312,0.0
3699,2,2024-07-30,IF2,Melting,Zone A,3034,602,0.94,0.0,868.0,B0363,3010,693.5483870967743,0.0
3700,3,2024-07-30,IF2,Melting,Zone A,3652,618,0.91,0.0,855.0,B0364,3090,722.8070175438597,0.0
3701,4,2024-07-30,IF2,Melting,Zone A,4212,560,0.94,0.0,861.0,B0365,2800,650.4065040650406,0.0
3702,5,2024-07-30,IF2,Melting,Zone A,4799,587,0.95,0.0,815.0,B0366,2935,720.2453987730061,0.0
3703,6,2024-07-30,IF2,Melting,Zone B,5370,571,0.91,0.0,814.0,B0367,3997,701.4742014742014,0.0
3704,7,2024-07-30,IF2,Melting,Zone B,5968,598,0.94,0.0,951.0,B0368,4186,628.8117770767612,0.0
3705,8,2024-07-30,IF2,Melting,Zone B,6607,639,0.92,0.0,987.0,B0369,4473,647.4164133738601,0.0
3706,9,2024-07-30,IF2,Melting,Zone C,7228,621,0.95,0.0,854.0,B0370,5589,727.1662763466043,0.0
3707,10,2024-07-30,IF2,Melting,Zone C,7868,640,0.92,0.0,972.0,B0371,5760,658.4362139917696,0.0
3708,11,2024-07-30,IF2,Melting,Zone C,8504,636,0.93,0.0,820.0,B0372,5724,775.609756097561,0.0
3709,12,2024-07-30,IF2,Melting,Zone B,9133,629,0.91,0.0,903.0,B0373,4403,696.5669988925804,0.0
3710,13,2024-07-30,IF2,Melting,Zone B,9711,578,0.91,0.0,808.0,B0374,4046,715.3465346534654,0.0
3711,14,2024-07-30,IF2,Melting,Zone B,10320,609,0.92,0.0,928.0,B0375,4263,656.25,0.0
3712,15,2024-07-30,IF2,Melting,Zone B,10946,626,0.91,0.0,859.0,B0376,4382,728.7543655413272,0.0
3713,16,2024-07-30,IF2,Melting,Zone B,11547,601,0.9,0.0,930.0,B0377,4207,646.236559139785,0.0
3714,17,2024-07-30,IF2,Melting,Zone B,12147,600,0.93,0.0,859.0,B0378,4200,698.4866123399302,0.0
3715,18,2024-07-30,IF2,Melting,Zone D,12710,563,0.91,0.0,950.0,B0379,6193,592.6315789473684,0.0
3716,19,2024-07-30,IF2,Melting,Zone D,13349,639,0.92,0.0,968.0,B0380,7029,660.1239669421489,0.0
3717,20,2024-07-30,IF2,Melting,Zone D,13959,610,0.93,0.0,909.0,B0381,6710,671.067106710671,0.0
3718,21,2024-07-30,IF2,Melting,Zone D,14549,590,0.91,0.0,849.0,B0382,6490,694.9352179034158,0.0
3719,22,2024-07-30,IF2,Melting,Zone A,15103,554,0.92,0.0,919.0,B0383,2770,602.8291621327529,0.0
3720,23,2024-07-30,IF2,Melting,Zone A,15733,630,0.91,0.0,813.0,B0384,3150,774.9077490774908,0.0
3721,0,2024-07-31,IF2,Melting,Zone A,16302,569,0.94,0.0,897.0,B0385,2845,634.3366778149386,0.0
3722,1,2024-07-31,IF2,Melting,Zone A,16937,635,0.92,0.0,927.0,B0386,3175,685.0053937432579,0.0
3723,2,2024-07-31,IF2,Melting,Zone A,17509,572,0.94,0.0,991.0,B0387,2860,577.1947527749747,0.0
3724,3,2024-07-31,IF2,Melting,Zone A,18069,560,0.95,0.0,918.0,B0388,2800,610.0217864923748,0.0
3725,4,2024-07-31,IF2,Melting,Zone A,18687,618,0.94,0.0,851.0,B0389,3090,726.2044653349001,0.0
3726,5,2024-07-31,IF2,Melting,Zone A,19247,560,0.93,0.0,821.0,B0390,2800,682.095006090134,0.0
3727,6,2024-07-31,IF2,Melting,Zone B,19834,587,0.92,0.0,809.0,B0391,4109,725.5871446229913,0.0
3728,7,2024-07-31,IF2,Melting,Zone B,20393,559,0.92,0.0,878.0,B0392,3913,636.6742596810934,0.0
3729,8,2024-07-31,IF2,Melting,Zone B,20979,586,0.94,0.0,885.0,B0393,4102,662.1468926553672,0.0
3730,9,2024-07-31,IF2,Melting,Zone C,21529,550,0.9,0.0,805.0,B0394,4950,683.2298136645962,0.0
3731,10,2024-07-31,IF2,Melting,Zone C,22167,638,0.92,0.0,924.0,B0395,5742,690.4761904761905,0.0
3732,11,2024-07-31,IF2,Melting,Zone C,22732,565,0.93,0.0,894.0,B0396,5085,631.9910514541386,0.0
3733,12,2024-07-31,IF2,Melting,Zone B,23304,572,0.91,0.0,966.0,B0397,4004,592.1325051759835,0.0
3734,13,2024-07-31,IF2,Melting,Zone B,23919,615,0.94,0.0,913.0,B0398,4305,673.6035049288062,0.0
3735,14,2024-07-31,IF2,Melting,Zone B,24492,573,0.9,0.0,835.0,B0399,4011,686.2275449101796,0.0
3736,15,2024-07-31,IF2,Melting,Zone B,25122,630,0.94,0.0,914.0,B0400,4410,689.2778993435448,0.0
3737,16,2024-07-31,IF2,Melting,Zone B,25758,636,0.9,0.0,898.0,B0401,4452,708.2405345211581,0.0
3738,17,2024-07-31,IF2,Melting,Zone B,26331,573,0.93,0.0,946.0,B0402,4011,605.7082452431289,0.0
3739,18,2024-07-31,IF2,Melting,Zone D,26947,616,0.92,0.0,829.0,B0403,6776,743.0639324487333,0.0
3740,19,2024-07-31,IF2,Melting,Zone D,27590,643,0.92,0.0,974.0,B0404,7073,660.164271047228,0.0
3741,20,2024-07-31,IF2,Melting,Zone D,28223,633,0.95,0.0,839.0,B0405,6963,754.4696066746126,0.0
3742,21,2024-07-31,IF2,Melting,Zone D,28818,595,0.9,0.0,804.0,B0406,6545,740.0497512437811,0.0
3743,22,2024-07-31,IF2,Melting,Zone A,29392,574,0.94,0.0,915.0,B0407,2870,627.3224043715848,0.0
3744,23,2024-07-31,IF2,Melting,Zone A,30013,621,0.93,0.0,992.0,B0408,3105,626.008064516129,0.0
3745,0,2024-08-01,IF2,Melting,Zone A,30609,596,0.93,0.0,938.0,B0409,2980,635.3944562899787,0.0
3746,1,2024-08-01,IF2,Melting,Zone A,31168,559,0.95,0.0,983.0,B0410,2795,568.6673448626653,0.0
3747,2,2024-08-01,IF2,Melting,Zone A,31803,635,0.94,0.0,898.0,B0411,3175,707.1269487750557,0.0
3748,3,2024-08-01,IF2,Melting,Zone A,32358,555,0.94,0.0,957.0,B0412,2775,579.9373040752351,0.0
3749,4,2024-08-01,IF2,Melting,Zone A,32924,566,0.93,0.0,988.0,B0413,2830,572.8744939271255,0.0
3750,5,2024-08-01,IF2,Melting,Zone A,33560,636,0.94,0.0,880.0,B0414,3180,722.7272727272727,0.0
3751,6,2024-08-01,IF2,Melting,Zone B,34149,589,0.92,0.0,868.0,B0415,4123,678.5714285714286,0.0
3752,7,2024-08-01,IF2,Melting,Zone B,34785,636,0.9,0.0,939.0,B0416,4452,677.3162939297125,0.0
3753,8,2024-08-01,IF2,Melting,Zone B,35371,586,0.9,0.0,910.0,B0417,4102,643.956043956044,0.0
3754,9,2024-08-01,IF2,Melting,Zone C,35987,616,0.94,0.0,916.0,B0418,5544,672.4890829694323,0.0
3755,10,2024-08-01,IF2,Melting,Zone C,36607,620,0.93,0.0,960.0,B0419,5580,645.8333333333334,0.0
3756,11,2024-08-01,IF2,Melting,Zone C,37254,647,0.92,0.0,839.0,B0420,5823,771.1561382598331,0.0
3757,12,2024-08-01,IF2,Melting,Zone B,37850,596,0.91,0.0,851.0,B0421,4172,700.352526439483,0.0
3758,13,2024-08-01,IF2,Melting,Zone B,38451,601,0.93,0.0,928.0,B0422,4207,647.6293103448277,0.0
3759,14,2024-08-01,IF2,Melting,Zone B,39007,556,0.91,0.0,879.0,B0423,3892,632.5369738339022,0.0
3760,15,2024-08-01,IF2,Melting,Zone B,39572,565,0.91,0.0,812.0,B0424,3955,695.8128078817733,0.0
3761,16,2024-08-01,IF2,Melting,Zone B,40188,616,0.9,0.0,813.0,B0425,4312,757.6875768757687,0.0
3762,17,2024-08-01,IF2,Melting,Zone B,40768,580,0.94,0.0,961.0,B0426,4060,603.537981269511,0.0
3763,18,2024-08-01,IF2,Melting,Zone D,41394,626,0.93,0.0,927.0,B0427,6886,675.2966558791802,0.0
3764,19,2024-08-01,IF2,Melting,Zone D,41963,569,0.93,0.0,915.0,B0428,6259,621.8579234972677,0.0
3765,20,2024-08-01,IF2,Melting,Zone D,42541,578,0.92,0.0,917.0,B0429,6358,630.3162486368593,0.0
3766,21,2024-08-01,IF2,Melting,Zone D,43173,632,0.92,0.0,997.0,B0430,6952,633.9017051153461,0.0
3767,22,2024-08-01,IF2,Melting,Zone A,43731,558,0.9,0.0,916.0,B0431,2790,609.170305676856,0.0
3768,23,2024-08-01,IF2,Melting,Zone A,44311,580,0.92,0.0,923.0,B0432,2900,628.385698808234,0.0
3769,0,2024-08-02,IF2,Melting,Zone A,44942,631,0.92,0.0,855.0,B0433,3155,738.0116959064328,0.0
3770,1,2024-08-02,IF2,Melting,Zone A,45541,599,0.92,0.0,900.0,B0434,2995,665.5555555555555,0.0
3771,2,2024-08-02,IF2,Melting,Zone A,46154,613,0.94,0.0,916.0,B0435,3065,669.2139737991266,0.0
3772,3,2024-08-02,IF2,Melting,Zone A,46788,634,0.9,0.0,897.0,B0436,3170,706.8004459308808,0.0
3773,4,2024-08-02,IF2,Melting,Zone A,47349,561,0.95,0.0,819.0,B0437,2805,684.981684981685,0.0
3774,5,2024-08-02,IF2,Melting,Zone A,47931,582,0.93,0.0,887.0,B0438,2910,656.1443066516347,0.0
3775,6,2024-08-02,IF2,Melting,Zone B,48566,635,0.92,0.0,957.0,B0439,4445,663.531870428422,0.0
3776,7,2024-08-02,IF2,Melting,Zone B,49190,624,0.9,0.0,876.0,B0440,4368,712.3287671232877,0.0
3777,8,2024-08-02,IF2,Melting,Zone B,49838,648,0.93,0.0,857.0,B0441,4536,756.1260210035006,0.0
3778,9,2024-08-02,IF2,Melting,Zone C,50392,554,0.91,0.0,808.0,B0442,4986,685.6435643564357,0.0
3779,10,2024-08-02,IF2,Melting,Zone C,51022,630,0.9,0.0,826.0,B0443,5670,762.7118644067797,0.0
3780,11,2024-08-02,IF2,Melting,Zone C,51624,602,0.9,0.0,839.0,B0444,5418,717.5208581644815,0.0
3781,12,2024-08-02,IF2,Melting,Zone B,52260,636,0.93,0.0,957.0,B0445,4452,664.576802507837,0.0
3782,13,2024-08-02,IF2,Melting,Zone B,52823,563,0.9,0.0,957.0,B0446,3941,588.2967607105538,0.0
3783,14,2024-08-02,IF2,Melting,Zone B,53459,636,0.9,0.0,813.0,B0447,4452,782.2878228782288,0.0
3784,15,2024-08-02,IF2,Melting,Zone B,54106,647,0.93,0.0,938.0,B0448,4529,689.7654584221749,0.0
3785,16,2024-08-02,IF2,Melting,Zone B,54744,638,0.91,0.0,855.0,B0449,4466,746.1988304093568,0.0
3786,17,2024-08-02,IF2,Melting,Zone B,55373,629,0.92,0.0,926.0,B0450,4403,679.2656587473001,0.0
3787,18,2024-08-02,IF2,Melting,Zone D,55996,623,0.94,0.0,915.0,B0451,6853,680.8743169398907,0.0
3788,19,2024-08-02,IF2,Melting,Zone D,56558,562,0.91,0.0,985.0,B0452,6182,570.5583756345177,0.0
3789,20,2024-08-02,IF2,Melting,Zone D,57119,561,0.95,0.0,842.0,B0453,6171,666.270783847981,0.0
3790,21,2024-08-02,IF2,Melting,Zone D,57670,551,0.94,0.0,997.0,B0454,6061,552.6579739217653,0.0
3791,22,2024-08-02,IF2,Melting,Zone A,58267,597,0.93,0.0,851.0,B0455,2985,701.5276145710928,0.0
3792,23,2024-08-02,IF2,Melting,Zone A,58838,571,0.91,0.0,826.0,B0456,2855,691.2832929782082,0.0
3793,0,2024-08-03,IF2,Melting,Zone A,59449,611,0.93,0.0,970.0,B0457,3055,629.8969072164948,0.0
3794,1,2024-08-03,IF2,Melting,Zone A,60063,614,0.9,0.0,904.0,B0458,3070,679.2035398230089,0.0
3795,2,2024-08-03,IF2,Melting,Zone A,60669,606,0.95,0.0,982.0,B0459,3030,617.1079429735234,0.0
3796,3,2024-08-03,IF2,Melting,Zone A,61287,618,0.95,0.0,930.0,B0460,3090,664.516129032258,0.0
3797,4,2024-08-03,IF2,Melting,Zone A,61910,623,0.92,0.0,924.0,B0461,3115,674.2424242424242,0.0
3798,5,2024-08-03,IF2,Melting,Zone A,62533,623,0.93,0.0,835.0,B0462,3115,746.1077844311377,0.0
3799,6,2024-08-03,IF2,Melting,Zone B,63108,575,0.92,0.0,970.0,B0463,4025,592.7835051546392,0.0
3800,7,2024-08-03,IF2,Melting,Zone B,63702,594,0.91,0.0,825.0,B0464,4158,720.0,0.0
3801,8,2024-08-03,IF2,Melting,Zone B,64338,636,0.92,0.0,930.0,B0465,4452,683.8709677419355,0.0
3802,9,2024-08-03,IF2,Melting,Zone C,64933,595,0.92,0.0,890.0,B0466,5355,668.5393258426966,0.0
3803,10,2024-08-03,IF2,Melting,Zone C,65512,579,0.93,0.0,843.0,B0467,5211,686.8327402135232,0.0
3804,11,2024-08-03,IF2,Melting,Zone C,66136,624,0.93,0.0,822.0,B0468,5616,759.1240875912408,0.0
3805,12,2024-08-03,IF2,Melting,Zone B,66746,610,0.91,0.0,969.0,B0469,4270,629.514963880289,0.0
3806,13,2024-08-03,IF2,Melting,Zone B,67339,593,0.91,0.0,846.0,B0470,4151,700.9456264775413,0.0
3807,14,2024-08-03,IF2,Melting,Zone B,67918,579,0.95,0.0,961.0,B0471,4053,602.4973985431842,0.0
3808,15,2024-08-03,IF2,Melting,Zone B,68537,619,0.94,0.0,842.0,B0472,4333,735.1543942992874,0.0
3809,16,2024-08-03,IF2,Melting,Zone B,69146,609,0.92,0.0,945.0,B0473,4263,644.4444444444445,0.0
3810,17,2024-08-03,IF2,Melting,Zone B,69720,574,0.92,0.0,901.0,B0474,4018,637.0699223085461,0.0
3811,18,2024-08-03,IF2,Melting,Zone D,70302,582,0.94,0.0,894.0,B0475,6402,651.006711409396,0.0
3812,19,2024-08-03,IF2,Melting,Zone D,70887,585,0.9,0.0,857.0,B0476,6435,682.6137689614936,0.0
3813,20,2024-08-03,IF2,Melting,Zone D,71464,577,0.91,0.0,913.0,B0477,6347,631.9824753559693,0.0
3814,21,2024-08-03,IF2,Melting,Zone D,72058,594,0.91,0.0,851.0,B0478,6534,698.0023501762632,0.0
3815,22,2024-08-03,IF2,Melting,Zone A,72689,631,0.94,0.0,832.0,B0479,3155,758.4134615384615,0.0
3816,23,2024-08-03,IF2,Melting,Zone A,73272,583,0.95,0.0,905.0,B0480,2915,644.1988950276243,0.0
3817,0,2024-08-04,IF2,Melting,Zone A,73852,580,0.93,0.0,852.0,B0481,2900,680.7511737089202,0.0
3818,1,2024-08-04,IF2,Melting,Zone A,74405,553,0.94,0.0,966.0,B0482,2765,572.463768115942,0.0
3819,2,2024-08-04,IF2,Melting,Zone A,75013,608,0.93,0.0,890.0,B0483,3040,683.1460674157304,0.0
3820,3,2024-08-04,IF2,Melting,Zone A,75611,598,0.94,0.0,882.0,B0484,2990,678.0045351473923,0.0
3821,4,2024-08-04,IF2,Melting,Zone A,76165,554,0.93,0.0,928.0,B0485,2770,596.9827586206897,0.0
3822,5,2024-08-04,IF2,Melting,Zone A,76792,627,0.92,0.0,866.0,B0486,3135,724.0184757505773,0.0
3823,6,2024-08-04,IF2,Melting,Zone B,77411,619,0.91,0.0,856.0,B0487,4333,723.1308411214953,0.0
3824,7,2024-08-04,IF2,Melting,Zone B,78025,614,0.94,0.0,819.0,B0488,4298,749.6947496947497,0.0
3825,8,2024-08-04,IF2,Melting,Zone B,78589,564,0.93,0.0,891.0,B0489,3948,632.996632996633,0.0
3826,9,2024-08-04,IF2,Melting,Zone C,79139,550,0.93,0.0,977.0,B0490,4950,562.9477993858751,0.0
3827,10,2024-08-04,IF2,Melting,Zone C,79690,551,0.93,0.0,820.0,B0491,4959,671.9512195121952,0.0
3828,11,2024-08-04,IF2,Melting,Zone C,80265,575,0.92,0.0,855.0,B0492,5175,672.514619883041,0.0
3829,12,2024-08-04,IF2,Melting,Zone B,80890,625,0.91,0.0,991.0,B0493,4375,630.6760847628657,0.0
3830,13,2024-08-04,IF2,Melting,Zone B,81488,598,0.93,0.0,969.0,B0494,4186,617.1310629514963,0.0
3831,14,2024-08-04,IF2,Melting,Zone B,82096,608,0.9,0.0,916.0,B0495,4256,663.7554585152839,0.0
3832,15,2024-08-04,IF2,Melting,Zone B,82733,637,0.93,0.0,968.0,B0496,4459,658.0578512396694,0.0
3833,16,2024-08-04,IF2,Melting,Zone B,83285,552,0.92,0.0,997.0,B0497,3864,553.6609829488466,0.0
3834,17,2024-08-04,IF2,Melting,Zone B,83918,633,0.94,0.0,864.0,B0498,4431,732.6388888888888,0.0
3835,18,2024-08-04,IF2,Melting,Zone D,84505,587,0.9,0.0,904.0,B0499,6457,649.3362831858407,0.0
3836,19,2024-08-04,IF2,Melting,Zone D,85061,556,0.95,0.0,991.0,B0500,6116,561.0494450050454,0.0
3837,20,2024-08-04,IF2,Melting,Zone D,85664,603,0.92,0.0,806.0,B0501,6633,748.1389578163772,0.0
3838,21,2024-08-04,IF2,Melting,Zone D,86283,619,0.91,0.0,802.0,B0502,6809,771.8204488778055,0.0
3839,22,2024-08-04,IF2,Melting,Zone A,86872,589,0.94,0.0,871.0,B0503,2945,676.2342135476464,0.0
3840,23,2024-08-04,IF2,Melting,Zone A,87447,575,0.93,0.0,894.0,B0504,2875,643.1767337807606,0.0
3841,0,2024-08-05,IF2,Melting,Zone A,88036,589,0.9,0.0,906.0,B0505,2945,650.1103752759382,0.0
3842,1,2024-08-05,IF2,Melting,Zone A,88677,641,0.91,0.0,979.0,B0506,3205,654.7497446373851,0.0
3843,2,2024-08-05,IF2,Melting,Zone A,89291,614,0.91,0.0,825.0,B0507,3070,744.2424242424242,0.0
3844,3,2024-08-05,IF2,Melting,Zone A,89900,609,0.93,0.0,993.0,B0508,3045,613.2930513595167,0.0
3845,4,2024-08-05,IF2,Melting,Zone A,90521,621,0.94,0.0,916.0,B0509,3105,677.9475982532751,0.0
3846,5,2024-08-05,IF2,Melting,Zone A,91149,628,0.92,0.0,926.0,B0510,3140,678.1857451403888,0.0
3847,6,2024-08-05,IF2,Melting,Zone B,91738,589,0.91,0.0,954.0,B0511,4123,617.4004192872118,0.0
3848,7,2024-08-05,IF2,Melting,Zone B,92345,607,0.91,0.0,869.0,B0512,4249,698.5040276179517,0.0
3849,8,2024-08-05,IF2,Melting,Zone B,92927,582,0.93,0.0,870.0,B0513,4074,668.9655172413793,0.0
3850,9,2024-08-05,IF2,Melting,Zone C,93481,554,0.92,0.0,941.0,B0514,4986,588.7353878852285,0.0
3851,10,2024-08-05,IF2,Melting,Zone C,94107,626,0.92,0.0,881.0,B0515,5634,710.5561861520999,0.0
3852,11,2024-08-05,IF2,Melting,Zone C,94743,636,0.94,0.0,800.0,B0516,5724,795.0,0.0
3853,12,2024-08-05,IF2,Melting,Zone B,95364,621,0.9,0.0,966.0,B0517,4347,642.8571428571429,0.0
3854,13,2024-08-05,IF2,Melting,Zone B,95996,632,0.9,0.0,917.0,B0518,4424,689.2039258451472,0.0
3855,14,2024-08-05,IF2,Melting,Zone B,96631,635,0.94,0.0,850.0,B0519,4445,747.0588235294118,0.0
3856,15,2024-08-05,IF2,Melting,Zone B,97223,592,0.91,0.0,854.0,B0520,4144,693.2084309133489,0.0
3857,16,2024-08-05,IF2,Melting,Zone B,97837,614,0.92,0.0,977.0,B0521,4298,628.4544524053224,0.0
3858,17,2024-08-05,IF2,Melting,Zone B,98453,616,0.93,0.0,807.0,B0522,4312,763.3209417596036,0.0
3859,18,2024-08-05,IF2,Melting,Zone D,99033,580,0.95,0.0,917.0,B0523,6380,632.4972737186478,0.0
3860,19,2024-08-05,IF2,Melting,Zone D,99602,569,0.93,0.0,874.0,B0524,6259,651.0297482837528,0.0
3861,20,2024-08-05,IF2,Melting,Zone D,100221,619,0.9,0.0,907.0,B0525,6809,682.4696802646087,0.0
3862,21,2024-08-05,IF2,Melting,Zone D,100836,615,0.92,0.0,924.0,B0526,6765,665.5844155844156,0.0
3863,22,2024-08-05,IF2,Melting,Zone A,101398,562,0.92,0.0,842.0,B0527,2810,667.458432304038,0.0
3864,23,2024-08-05,IF2,Melting,Zone A,102025,627,0.92,0.0,862.0,B0528,3135,727.3781902552205,0.0
3865,0,2024-08-06,IF2,Melting,Zone A,102605,580,0.95,0.0,965.0,B0529,2900,601.0362694300518,0.0
3866,1,2024-08-06,IF2,Melting,Zone A,103237,632,0.91,0.0,853.0,B0530,3160,740.9144196951935,0.0
3867,2,2024-08-06,IF2,Melting,Zone A,103878,641,0.93,0.0,987.0,B0531,3205,649.4427558257345,0.0
3868,3,2024-08-06,IF2,Melting,Zone A,104504,626,0.92,0.0,997.0,B0532,3130,627.8836509528586,0.0
3869,4,2024-08-06,IF2,Melting,Zone A,105140,636,0.91,0.0,830.0,B0533,3180,766.2650602409639,0.0
3870,5,2024-08-06,IF2,Melting,Zone A,105749,609,0.92,0.0,875.0,B0534,3045,696.0,0.0
3871,6,2024-08-06,IF2,Melting,Zone B,106384,635,0.94,0.0,985.0,B0535,4445,644.6700507614214,0.0
3872,7,2024-08-06,IF2,Melting,Zone B,107003,619,0.91,0.0,845.0,B0536,4333,732.5443786982248,0.0
3873,8,2024-08-06,IF2,Melting,Zone B,107644,641,0.94,0.0,839.0,B0537,4487,764.0047675804528,0.0
3874,9,2024-08-06,IF2,Melting,Zone C,108212,568,0.93,0.0,967.0,B0538,5112,587.3836608066184,0.0
3875,10,2024-08-06,IF2,Melting,Zone C,108812,600,0.91,0.0,846.0,B0539,5400,709.2198581560284,0.0
3876,11,2024-08-06,IF2,Melting,Zone C,109444,632,0.91,0.0,929.0,B0540,5688,680.3013993541442,0.0
3877,12,2024-08-06,IF2,Melting,Zone B,110010,566,0.94,0.0,832.0,B0541,3962,680.2884615384615,0.0
3878,13,2024-08-06,IF2,Melting,Zone B,110580,570,0.91,0.0,912.0,B0542,3990,625.0,0.0
3879,14,2024-08-06,IF2,Melting,Zone B,111204,624,0.95,0.0,811.0,B0543,4368,769.4204685573366,0.0
3880,15,2024-08-06,IF2,Melting,Zone B,111852,648,0.94,0.0,805.0,B0544,4536,804.9689440993789,0.0
3881,16,2024-08-06,IF2,Melting,Zone B,112486,634,0.9,0.0,998.0,B0545,4438,635.2705410821643,0.0
3882,17,2024-08-06,IF2,Melting,Zone B,113084,598,0.95,0.0,863.0,B0546,4186,692.9316338354578,0.0
3883,18,2024-08-06,IF2,Melting,Zone D,113646,562,0.91,0.0,978.0,B0547,6182,574.6421267893661,0.0
3884,19,2024-08-06,IF2,Melting,Zone D,114292,646,0.9,0.0,906.0,B0548,7106,713.0242825607064,0.0
3885,20,2024-08-06,IF2,Melting,Zone D,114924,632,0.92,0.0,968.0,B0549,6952,652.8925619834711,0.0
3886,21,2024-08-06,IF2,Melting,Zone D,115519,595,0.92,0.0,995.0,B0550,6545,597.9899497487438,0.0
3887,22,2024-08-06,IF2,Melting,Zone A,116093,574,0.92,0.0,950.0,B0551,2870,604.2105263157894,0.0
3888,23,2024-08-06,IF2,Melting,Zone A,116685,592,0.93,0.0,907.0,B0552,2960,652.7012127894156,0.0
3889,0,2024-08-07,IF2,Melting,Zone A,117316,631,0.91,0.0,908.0,B0553,3155,694.9339207048458,0.0
3890,1,2024-08-07,IF2,Melting,Zone A,117880,564,0.93,0.0,886.0,B0554,2820,636.5688487584649,0.0
3891,2,2024-08-07,IF2,Melting,Zone A,118470,590,0.93,0.0,941.0,B0555,2950,626.9925611052072,0.0
3892,3,2024-08-07,IF2,Melting,Zone A,119057,587,0.93,0.0,810.0,B0556,2935,724.6913580246913,0.0
3893,4,2024-08-07,IF2,Melting,Zone A,119626,569,0.93,0.0,999.0,B0557,2845,569.5695695695696,0.0
3894,5,2024-08-07,IF2,Melting,Zone A,120248,622,0.91,0.0,868.0,B0558,3110,716.5898617511521,0.0
3895,6,2024-08-07,IF2,Melting,Zone B,120840,592,0.95,0.0,824.0,B0559,4144,718.4466019417475,0.0
3896,7,2024-08-07,IF2,Melting,Zone B,121458,618,0.94,0.0,833.0,B0560,4326,741.8967587034814,0.0
3897,8,2024-08-07,IF2,Melting,Zone B,122051,593,0.91,0.0,825.0,B0561,4151,718.7878787878788,0.0
3898,9,2024-08-07,IF2,Melting,Zone C,122692,641,0.92,0.0,905.0,B0562,5769,708.2872928176796,0.0
3899,10,2024-08-07,IF2,Melting,Zone C,123297,605,0.92,0.0,888.0,B0563,5445,681.3063063063063,0.0
3900,11,2024-08-07,IF2,Melting,Zone C,123857,560,0.9,0.0,882.0,B0564,5040,634.9206349206349,0.0
3901,12,2024-08-07,IF2,Melting,Zone B,124456,599,0.94,0.0,924.0,B0565,4193,648.2683982683982,0.0
3902,13,2024-08-07,IF2,Melting,Zone B,125038,582,0.92,0.0,863.0,B0566,4074,674.3916570104287,0.0
3903,14,2024-08-07,IF2,Melting,Zone B,125653,615,0.93,0.0,958.0,B0567,4305,641.9624217118998,0.0
3904,15,2024-08-07,IF2,Melting,Zone B,126256,603,0.92,0.0,926.0,B0568,4221,651.1879049676025,0.0
3905,16,2024-08-07,IF2,Melting,Zone B,126832,576,0.91,0.0,855.0,B0569,4032,673.6842105263157,0.0
3906,17,2024-08-07,IF2,Melting,Zone B,127455,623,0.91,0.0,894.0,B0570,4361,696.8680089485458,0.0
3907,18,2024-08-07,IF2,Melting,Zone D,128017,562,0.93,0.0,803.0,B0571,6182,699.8754669987547,0.0
3908,19,2024-08-07,IF2,Melting,Zone D,128597,580,0.91,0.0,975.0,B0572,6380,594.8717948717949,0.0
3909,20,2024-08-07,IF2,Melting,Zone D,129197,600,0.95,0.0,858.0,B0573,6600,699.3006993006993,0.0
3910,21,2024-08-07,IF2,Melting,Zone D,129804,607,0.92,0.0,977.0,B0574,6677,621.2896622313203,0.0
3911,22,2024-08-07,IF2,Melting,Zone A,130366,562,0.93,0.0,856.0,B0575,2810,656.5420560747664,0.0
3912,23,2024-08-07,IF2,Melting,Zone A,131010,644,0.94,0.0,952.0,B0576,3220,676.4705882352941,0.0
3913,0,2024-08-08,IF2,Melting,Zone A,131621,611,0.93,0.0,855.0,B0577,3055,714.6198830409357,0.0
3914,1,2024-08-08,IF2,Melting,Zone A,132184,563,0.95,0.0,958.0,B0578,2815,587.6826722338204,0.0
3915,2,2024-08-08,IF2,Melting,Zone A,132741,557,0.95,0.0,899.0,B0579,2785,619.5773081201335,0.0
3916,3,2024-08-08,IF2,Melting,Zone A,133357,616,0.94,0.0,987.0,B0580,3080,624.113475177305,0.0
3917,4,2024-08-08,IF2,Melting,Zone A,133953,596,0.92,0.0,862.0,B0581,2980,691.415313225058,0.0
3918,5,2024-08-08,IF2,Melting,Zone A,134588,635,0.92,0.0,869.0,B0582,3175,730.7249712313003,0.0
3919,6,2024-08-08,IF2,Melting,Zone B,135151,563,0.92,0.0,858.0,B0583,3941,656.1771561771562,0.0
3920,7,2024-08-08,IF2,Melting,Zone B,135773,622,0.93,0.0,938.0,B0584,4354,663.1130063965884,0.0
3921,8,2024-08-08,IF2,Melting,Zone B,136354,581,0.95,0.0,836.0,B0585,4067,694.976076555024,0.0
3922,9,2024-08-08,IF2,Melting,Zone C,136951,597,0.93,0.0,886.0,B0586,5373,673.8148984198646,0.0
3923,10,2024-08-08,IF2,Melting,Zone C,137528,577,0.94,0.0,960.0,B0587,5193,601.0416666666667,0.0
3924,11,2024-08-08,IF2,Melting,Zone C,138107,579,0.92,0.0,875.0,B0588,5211,661.7142857142857,0.0
3925,12,2024-08-08,IF2,Melting,Zone B,138714,607,0.91,0.0,817.0,B0589,4249,742.9620563035496,0.0
3926,13,2024-08-08,IF2,Melting,Zone B,139297,583,0.94,0.0,996.0,B0590,4081,585.3413654618473,0.0
3927,14,2024-08-08,IF2,Melting,Zone B,139876,579,0.94,0.0,945.0,B0591,4053,612.6984126984128,0.0
3928,15,2024-08-08,IF2,Melting,Zone B,140477,601,0.94,0.0,979.0,B0592,4207,613.8917262512769,0.0
3929,16,2024-08-08,IF2,Melting,Zone B,141041,564,0.94,0.0,997.0,B0593,3948,565.6970912738215,0.0
3930,17,2024-08-08,IF2,Melting,Zone B,141656,615,0.9,0.0,901.0,B0594,4305,682.5749167591565,0.0
3931,18,2024-08-08,IF2,Melting,Zone D,142289,633,0.9,0.0,804.0,B0595,6963,787.3134328358209,0.0
3932,19,2024-08-08,IF2,Melting,Zone D,142871,582,0.95,0.0,928.0,B0596,6402,627.1551724137931,0.0
3933,20,2024-08-08,IF2,Melting,Zone D,143436,565,0.92,0.0,993.0,B0597,6215,568.9828801611278,0.0
3934,21,2024-08-08,IF2,Melting,Zone D,144024,588,0.91,0.0,865.0,B0598,6468,679.7687861271676,0.0
3935,22,2024-08-08,IF2,Melting,Zone A,144669,645,0.93,0.0,939.0,B0599,3225,686.9009584664537,0.0
3936,23,2024-08-08,IF2,Melting,Zone A,145298,629,0.94,0.0,853.0,B0600,3145,737.3974208675263,0.0
3937,0,2024-08-09,IF2,Melting,Zone A,145878,580,0.91,0.0,880.0,B0601,2900,659.090909090909,0.0
3938,1,2024-08-09,IF2,Melting,Zone A,146520,642,0.93,0.0,919.0,B0602,3210,698.5854189336235,0.0
3939,2,2024-08-09,IF2,Melting,Zone A,147088,568,0.9,0.0,962.0,B0603,2840,590.4365904365904,0.0
3940,3,2024-08-09,IF2,Melting,Zone A,147697,609,0.91,0.0,904.0,B0604,3045,673.6725663716813,0.0
3941,4,2024-08-09,IF2,Melting,Zone A,148262,565,0.9,0.0,961.0,B0605,2825,587.9292403746098,0.0
3942,5,2024-08-09,IF2,Melting,Zone A,148819,557,0.91,0.0,937.0,B0606,2785,594.4503735325507,0.0
3943,6,2024-08-09,IF2,Melting,Zone B,149424,605,0.9,0.0,817.0,B0607,4235,740.5140758873929,0.0
3944,7,2024-08-09,IF2,Melting,Zone B,150012,588,0.94,0.0,959.0,B0608,4116,613.1386861313869,0.0
3945,8,2024-08-09,IF2,Melting,Zone B,150604,592,0.95,0.0,804.0,B0609,4144,736.318407960199,0.0
3946,9,2024-08-09,IF2,Melting,Zone C,151236,632,0.91,0.0,804.0,B0610,5688,786.0696517412935,0.0
3947,10,2024-08-09,IF2,Melting,Zone C,151816,580,0.92,0.0,895.0,B0611,5220,648.0446927374302,0.0
3948,11,2024-08-09,IF2,Melting,Zone C,152438,622,0.95,0.0,859.0,B0612,5598,724.0977881257276,0.0
3949,12,2024-08-09,IF2,Melting,Zone B,152989,551,0.94,0.0,995.0,B0613,3857,553.7688442211055,0.0
3950,13,2024-08-09,IF2,Melting,Zone B,153636,647,0.94,0.0,961.0,B0614,4529,673.2570239334027,0.0
3951,14,2024-08-09,IF2,Melting,Zone B,154194,558,0.91,0.0,988.0,B0615,3906,564.7773279352226,0.0
3952,15,2024-08-09,IF2,Melting,Zone B,154797,603,0.9,0.0,896.0,B0616,4221,672.9910714285714,0.0
3953,16,2024-08-09,IF2,Melting,Zone B,155400,603,0.93,0.0,938.0,B0617,4221,642.8571428571429,0.0
3954,17,2024-08-09,IF2,Melting,Zone B,155991,591,0.92,0.0,972.0,B0618,4137,608.0246913580247,0.0
3955,18,2024-08-09,IF2,Melting,Zone D,156569,578,0.93,0.0,849.0,B0619,6358,680.8009422850412,0.0
3956,19,2024-08-09,IF2,Melting,Zone D,157152,583,0.9,0.0,963.0,B0620,6413,605.3997923156802,0.0
3957,20,2024-08-09,IF2,Melting,Zone D,157741,589,0.93,0.0,848.0,B0621,6479,694.5754716981132,0.0
3958,21,2024-08-09,IF2,Melting,Zone D,158341,600,0.94,0.0,886.0,B0622,6600,677.2009029345372,0.0
3959,22,2024-08-09,IF2,Melting,Zone A,158991,650,0.93,0.0,826.0,B0623,3250,786.9249394673124,0.0
3960,23,2024-08-09,IF2,Melting,Zone A,159600,609,0.93,0.0,813.0,B0624,3045,749.0774907749077,0.0
3961,0,2024-08-10,IF2,Melting,Zone A,160183,583,0.93,0.0,917.0,B0625,2915,635.7688113413304,0.0
3962,1,2024-08-10,IF2,Melting,Zone A,160740,557,0.9,0.0,969.0,B0626,2785,574.8194014447885,0.0
3963,2,2024-08-10,IF2,Melting,Zone A,161366,626,0.9,0.0,938.0,B0627,3130,667.3773987206823,0.0
3964,3,2024-08-10,IF2,Melting,Zone A,161938,572,0.94,0.0,801.0,B0628,2860,714.107365792759,0.0
3965,4,2024-08-10,IF2,Melting,Zone A,162559,621,0.91,0.0,981.0,B0629,3105,633.0275229357798,0.0
3966,5,2024-08-10,IF2,Melting,Zone A,163162,603,0.92,0.0,951.0,B0630,3015,634.0694006309149,0.0
3967,6,2024-08-10,IF2,Melting,Zone B,163792,630,0.95,0.0,935.0,B0631,4410,673.7967914438503,0.0
3968,7,2024-08-10,IF2,Melting,Zone B,164378,586,0.93,0.0,961.0,B0632,4102,609.7814776274714,0.0
3969,8,2024-08-10,IF2,Melting,Zone B,164980,602,0.92,0.0,826.0,B0633,4214,728.8135593220338,0.0
3970,9,2024-08-10,IF2,Melting,Zone C,165591,611,0.91,0.0,864.0,B0634,5499,707.175925925926,0.0
3971,10,2024-08-10,IF2,Melting,Zone C,166158,567,0.95,0.0,835.0,B0635,5103,679.0419161676647,0.0
3972,11,2024-08-10,IF2,Melting,Zone C,166760,602,0.94,0.0,809.0,B0636,5418,744.1285537700866,0.0
3973,12,2024-08-10,IF2,Melting,Zone B,167390,630,0.94,0.0,845.0,B0637,4410,745.5621301775149,0.0
3974,13,2024-08-10,IF2,Melting,Zone B,168020,630,0.91,0.0,887.0,B0638,4410,710.2593010146562,0.0
3975,14,2024-08-10,IF2,Melting,Zone B,168591,571,0.9,0.0,817.0,B0639,3997,698.8984088127295,0.0
3976,15,2024-08-10,IF2,Melting,Zone B,169193,602,0.93,0.0,843.0,B0640,4214,714.1162514827996,0.0
3977,16,2024-08-10,IF2,Melting,Zone B,169775,582,0.93,0.0,925.0,B0641,4074,629.1891891891892,0.0
3978,17,2024-08-10,IF2,Melting,Zone B,170351,576,0.9,0.0,944.0,B0642,4032,610.1694915254237,0.0
3979,18,2024-08-10,IF2,Melting,Zone D,170985,634,0.92,0.0,999.0,B0643,6974,634.6346346346346,0.0
3980,19,2024-08-10,IF2,Melting,Zone D,171609,624,0.92,0.0,876.0,B0644,6864,712.3287671232877,0.0
3981,20,2024-08-10,IF2,Melting,Zone D,172250,641,0.94,0.0,947.0,B0645,7051,676.8743400211193,0.0
3982,21,2024-08-10,IF2,Melting,Zone D,172878,628,0.93,0.0,948.0,B0646,6908,662.4472573839663,0.0
3983,22,2024-08-10,IF2,Melting,Zone A,173457,579,0.92,0.0,882.0,B0647,2895,656.4625850340135,0.0
3984,23,2024-08-10,IF2,Melting,Zone A,174046,589,0.95,0.0,814.0,B0648,2945,723.5872235872237,0.0
3985,0,2024-08-11,IF2,Melting,Zone A,174632,586,0.91,0.0,969.0,B0649,2930,604.7471620227038,0.0
3986,1,2024-08-11,IF2,Melting,Zone A,175243,611,0.93,0.0,853.0,B0650,3055,716.295427901524,0.0
3987,2,2024-08-11,IF2,Melting,Zone A,175805,562,0.94,0.0,895.0,B0651,2810,627.9329608938548,0.0
3988,3,2024-08-11,IF2,Melting,Zone A,176420,615,0.9,0.0,903.0,B0652,3075,681.063122923588,0.0
3989,4,2024-08-11,IF2,Melting,Zone A,177061,641,0.92,0.0,927.0,B0653,3205,691.477885652643,0.0
3990,5,2024-08-11,IF2,Melting,Zone A,177624,563,0.92,0.0,844.0,B0654,2815,667.0616113744076,0.0
3991,6,2024-08-11,IF2,Melting,Zone B,178254,630,0.91,0.0,900.0,B0655,4410,700.0,0.0
3992,7,2024-08-11,IF2,Melting,Zone B,178889,635,0.91,0.0,994.0,B0656,4445,638.8329979879276,0.0
3993,8,2024-08-11,IF2,Melting,Zone B,179500,611,0.9,0.0,944.0,B0657,4277,647.2457627118644,0.0
3994,9,2024-08-11,IF2,Melting,Zone C,180070,570,0.92,0.0,947.0,B0658,5130,601.9007391763463,0.0
3995,10,2024-08-11,IF2,Melting,Zone C,180696,626,0.94,0.0,997.0,B0659,5634,627.8836509528586,0.0
3996,11,2024-08-11,IF2,Melting,Zone C,181272,576,0.93,0.0,987.0,B0660,5184,583.5866261398176,0.0
3997,12,2024-08-11,IF2,Melting,Zone B,181903,631,0.92,0.0,897.0,B0661,4417,703.4559643255296,0.0
3998,13,2024-08-11,IF2,Melting,Zone B,182527,624,0.95,0.0,888.0,B0662,4368,702.7027027027027,0.0
3999,14,2024-08-11,IF2,Melting,Zone B,183177,650,0.91,0.0,888.0,B0663,4550,731.9819819819819,0.0
4000,15,2024-08-11,IF2,Melting,Zone B,183786,609,0.92,0.0,927.0,B0664,4263,656.957928802589,0.0
4001,16,2024-08-11,IF2,Melting,Zone B,184348,562,0.93,0.0,846.0,B0665,3934,664.3026004728132,0.0
4002,17,2024-08-11,IF2,Melting,Zone B,184911,563,0.92,0.0,911.0,B0666,3941,618.0021953896817,0.0
4003,18,2024-08-11,IF2,Melting,Zone D,185536,625,0.95,0.0,848.0,B0667,6875,737.0283018867925,0.0
4004,19,2024-08-11,IF2,Melting,Zone D,186158,622,0.95,0.0,959.0,B0668,6842,648.5922836287799,0.0
4005,20,2024-08-11,IF2,Melting,Zone D,186711,553,0.91,0.0,896.0,B0669,6083,617.1875,0.0
4006,21,2024-08-11,IF2,Melting,Zone D,187307,596,0.94,0.0,827.0,B0670,6556,720.677146311971,0.0
4007,22,2024-08-11,IF2,Melting,Zone A,187870,563,0.91,0.0,850.0,B0671,2815,662.3529411764706,0.0
4008,23,2024-08-11,IF2,Melting,Zone A,188426,556,0.95,0.0,860.0,B0672,2780,646.5116279069767,0.0
4009,0,2024-08-12,IF2,Melting,Zone A,189033,607,0.93,0.0,858.0,B0673,3035,707.4592074592074,0.0
4010,1,2024-08-12,IF2,Melting,Zone A,189678,645,0.94,0.0,816.0,B0674,3225,790.4411764705882,0.0
4011,2,2024-08-12,IF2,Melting,Zone A,190290,612,0.92,0.0,956.0,B0675,3060,640.1673640167363,0.0
4012,3,2024-08-12,IF2,Melting,Zone A,190934,644,0.91,0.0,881.0,B0676,3220,730.9875141884222,0.0
4013,4,2024-08-12,IF2,Melting,Zone A,191509,575,0.91,0.0,987.0,B0677,2875,582.5734549138805,0.0
4014,5,2024-08-12,IF2,Melting,Zone A,192125,616,0.94,0.0,977.0,B0678,3080,630.5015353121801,0.0
4015,6,2024-08-12,IF2,Melting,Zone B,192689,564,0.92,0.0,936.0,B0679,3948,602.5641025641025,0.0
4016,7,2024-08-12,IF2,Melting,Zone B,193299,610,0.91,0.0,920.0,B0680,4270,663.0434782608695,0.0
4017,8,2024-08-12,IF2,Melting,Zone B,193864,565,0.9,0.0,844.0,B0681,3955,669.431279620853,0.0
4018,9,2024-08-12,IF2,Melting,Zone C,194501,637,0.91,0.0,892.0,B0682,5733,714.1255605381166,0.0
4019,10,2024-08-12,IF2,Melting,Zone C,195070,569,0.95,0.0,813.0,B0683,5121,699.8769987699876,0.0
4020,11,2024-08-12,IF2,Melting,Zone C,195685,615,0.92,0.0,861.0,B0684,5535,714.2857142857143,0.0
4021,12,2024-08-12,IF2,Melting,Zone B,196298,613,0.92,0.0,987.0,B0685,4291,621.0739614994934,0.0
4022,13,2024-08-12,IF2,Melting,Zone B,196904,606,0.95,0.0,958.0,B0686,4242,632.5678496868477,0.0
4023,14,2024-08-12,IF2,Melting,Zone B,197533,629,0.93,0.0,848.0,B0687,4403,741.7452830188679,0.0
4024,15,2024-08-12,IF2,Melting,Zone B,198135,602,0.92,0.0,999.0,B0688,4214,602.6026026026026,0.0
4025,16,2024-08-12,IF2,Melting,Zone B,198769,634,0.93,0.0,938.0,B0689,4438,675.90618336887,0.0
4026,17,2024-08-12,IF2,Melting,Zone B,199324,555,0.91,0.0,818.0,B0690,3885,678.4841075794621,0.0
4027,18,2024-08-12,IF2,Melting,Zone D,199968,644,0.91,0.0,899.0,B0691,7084,716.3515016685205,0.0
4028,19,2024-08-12,IF2,Melting,Zone D,200606,638,0.92,0.0,818.0,B0692,7018,779.9511002444988,0.0
4029,20,2024-08-12,IF2,Melting,Zone D,201196,590,0.94,0.0,955.0,B0693,6490,617.8010471204188,0.0
4030,21,2024-08-12,IF2,Melting,Zone D,201843,647,0.93,0.0,962.0,B0694,7117,672.5571725571725,0.0
4031,22,2024-08-12,IF2,Melting,Zone A,202438,595,0.9,0.0,942.0,B0695,2975,631.6348195329086,0.0
4032,23,2024-08-12,IF2,Melting,Zone A,203005,567,0.94,0.0,877.0,B0696,2835,646.5222348916761,0.0
1,0,2024-08-13,MM1,Moulding,Zone A,6919,17,0.87,53.0,0.0,0,85,0.0,0.32075471698113206
2,1,2024-08-13,MM1,Moulding,Zone A,6939,20,0.89,56.0,0.0,0,100,0.0,0.35714285714285715
3,2,2024-08-13,MM1,Moulding,Zone A,6955,16,0.87,56.0,0.0,0,80,0.0,0.2857142857142857
4,3,2024-08-13,MM1,Moulding,Zone A,6974,19,0.88,49.0,0.0,0,95,0.0,0.3877551020408163
5,4,2024-08-13,MM1,Moulding,Zone A,6993,19,0.85,46.0,0.0,0,95,0.0,0.41304347826086957
6,5,2024-08-13,MM1,Moulding,Zone A,7010,17,0.87,57.0,0.0,0,85,0.0,0.2982456140350877
7,6,2024-08-13,MM1,Moulding,Zone B,7030,20,0.88,54.0,0.0,0,140,0.0,0.37037037037037035
8,7,2024-08-13,MM1,Moulding,Zone B,7046,16,0.88,53.0,0.0,0,112,0.0,0.3018867924528302
9,8,2024-08-13,MM1,Moulding,Zone B,7066,20,0.88,46.0,0.0,0,140,0.0,0.43478260869565216
10,9,2024-08-13,MM1,Moulding,Zone C,7082,16,0.86,46.0,0.0,0,144,0.0,0.34782608695652173
11,10,2024-08-13,MM1,Moulding,Zone C,7101,19,0.86,59.0,0.0,0,171,0.0,0.3220338983050847
12,11,2024-08-13,MM1,Moulding,Zone C,7120,19,0.88,49.0,0.0,0,171,0.0,0.3877551020408163
13,12,2024-08-13,MM1,Moulding,Zone B,7136,16,0.9,59.0,0.0,0,112,0.0,0.2711864406779661
14,13,2024-08-13,MM1,Moulding,Zone B,7153,17,0.86,54.0,0.0,0,119,0.0,0.3148148148148148
15,14,2024-08-13,MM1,Moulding,Zone B,7168,15,0.89,50.0,0.0,0,105,0.0,0.3
16,15,2024-08-13,MM1,Moulding,Zone B,7186,18,0.87,45.0,0.0,0,126,0.0,0.4
17,16,2024-08-13,MM1,Moulding,Zone B,7206,20,0.88,56.0,0.0,0,140,0.0,0.35714285714285715
18,17,2024-08-13,MM1,Moulding,Zone B,7224,18,0.86,55.0,0.0,0,126,0.0,0.32727272727272727
19,18,2024-08-13,MM1,Moulding,Zone D,7239,15,0.86,47.0,0.0,0,165,0.0,0.3191489361702128
20,19,2024-08-13,MM1,Moulding,Zone D,7255,16,0.88,53.0,0.0,0,176,0.0,0.3018867924528302
21,20,2024-08-13,MM1,Moulding,Zone D,7271,16,0.88,53.0,0.0,0,176,0.0,0.3018867924528302
22,21,2024-08-13,MM1,Moulding,Zone D,7286,15,0.89,52.0,0.0,0,165,0.0,0.28846153846153844
23,22,2024-08-13,MM1,Moulding,Zone A,7306,20,0.88,46.0,0.0,0,100,0.0,0.43478260869565216
24,23,2024-08-13,MM1,Moulding,Zone A,7321,15,0.9,59.0,0.0,0,75,0.0,0.2542372881355932
25,0,2024-08-13,MM2,Moulding,Zone A,11081,30,0.77,59.0,0.0,0,150,0.0,0.5084745762711864
26,1,2024-08-13,MM2,Moulding,Zone A,11111,30,0.76,51.0,0.0,0,150,0.0,0.5882352941176471
27,2,2024-08-13,MM2,Moulding,Zone A,11136,25,0.78,46.0,0.0,0,125,0.0,0.5434782608695652
28,3,2024-08-13,MM2,Moulding,Zone A,11165,29,0.75,60.0,0.0,0,145,0.0,0.48333333333333334
29,4,2024-08-13,MM2,Moulding,Zone A,11194,29,0.75,54.0,0.0,0,145,0.0,0.5370370370370371
30,5,2024-08-13,MM2,Moulding,Zone A,11223,29,0.79,45.0,0.0,0,145,0.0,0.6444444444444445
31,6,2024-08-13,MM2,Moulding,Zone B,11252,29,0.8,58.0,0.0,0,203,0.0,0.5
32,7,2024-08-13,MM2,Moulding,Zone B,11281,29,0.78,52.0,0.0,0,203,0.0,0.5576923076923077
33,8,2024-08-13,MM2,Moulding,Zone B,11311,30,0.79,57.0,0.0,0,210,0.0,0.5263157894736842
34,9,2024-08-13,MM2,Moulding,Zone C,11336,25,0.77,60.0,0.0,0,225,0.0,0.4166666666666667
35,10,2024-08-13,MM2,Moulding,Zone C,11364,28,0.79,51.0,0.0,0,252,0.0,0.5490196078431373
36,11,2024-08-13,MM2,Moulding,Zone C,11394,30,0.8,50.0,0.0,0,270,0.0,0.6
37,12,2024-08-13,MM2,Moulding,Zone B,11421,27,0.78,55.0,0.0,0,189,0.0,0.4909090909090909
38,13,2024-08-13,MM2,Moulding,Zone B,11451,30,0.79,60.0,0.0,0,210,0.0,0.5
39,14,2024-08-13,MM2,Moulding,Zone B,11477,26,0.79,47.0,0.0,0,182,0.0,0.5531914893617021
40,15,2024-08-13,MM2,Moulding,Zone B,11507,30,0.8,57.0,0.0,0,210,0.0,0.5263157894736842
41,16,2024-08-13,MM2,Moulding,Zone B,11533,26,0.78,48.0,0.0,0,182,0.0,0.5416666666666666
42,17,2024-08-13,MM2,Moulding,Zone B,11558,25,0.77,54.0,0.0,0,175,0.0,0.46296296296296297
43,18,2024-08-13,MM2,Moulding,Zone D,11585,27,0.78,55.0,0.0,0,297,0.0,0.4909090909090909
44,19,2024-08-13,MM2,Moulding,Zone D,11611,26,0.77,57.0,0.0,0,286,0.0,0.45614035087719296
45,20,2024-08-13,MM2,Moulding,Zone D,11639,28,0.78,55.0,0.0,0,308,0.0,0.509090909090909
46,21,2024-08-13,MM2,Moulding,Zone D,11667,28,0.79,51.0,0.0,0,308,0.0,0.5490196078431373
47,22,2024-08-13,MM2,Moulding,Zone A,11692,25,0.76,53.0,0.0,0,125,0.0,0.4716981132075472
48,23,2024-08-13,MM2,Moulding,Zone A,11721,29,0.79,55.0,0.0,0,145,0.0,0.5272727272727272
49,0,2024-08-13,SP1,Sand_Plant,Zone A,22206,61,0.57,53.0,0.0,0,305,0.0,1.150943396226415
50,1,2024-08-13,SP1,Sand_Plant,Zone A,22262,56,0.72,52.0,0.0,0,280,0.0,1.0769230769230769
51,2,2024-08-13,SP1,Sand_Plant,Zone A,22331,69,0.61,57.0,0.0,0,345,0.0,1.2105263157894737
52,3,2024-08-13,SP1,Sand_Plant,Zone A,22400,69,0.57,59.0,0.0,0,345,0.0,1.1694915254237288
53,4,2024-08-13,SP1,Sand_Plant,Zone A,22464,64,0.5,59.0,0.0,0,320,0.0,1.0847457627118644
54,5,2024-08-13,SP1,Sand_Plant,Zone A,22523,59,0.56,54.0,0.0,0,295,0.0,1.0925925925925926
55,6,2024-08-13,SP1,Sand_Plant,Zone B,22591,68,0.59,58.0,0.0,0,476,0.0,1.1724137931034482
56,7,2024-08-13,SP1,Sand_Plant,Zone B,22645,54,0.69,50.0,0.0,0,378,0.0,1.08
57,8,2024-08-13,SP1,Sand_Plant,Zone B,22702,57,0.55,55.0,0.0,0,399,0.0,1.0363636363636364
58,9,2024-08-13,SP1,Sand_Plant,Zone C,22769,67,0.73,52.0,0.0,0,603,0.0,1.2884615384615385
59,10,2024-08-13,SP1,Sand_Plant,Zone C,22821,52,0.67,54.0,0.0,0,468,0.0,0.9629629629629629
60,11,2024-08-13,SP1,Sand_Plant,Zone C,22890,69,0.73,58.0,0.0,0,621,0.0,1.1896551724137931
61,12,2024-08-13,SP1,Sand_Plant,Zone B,22948,58,0.56,56.0,0.0,0,406,0.0,1.0357142857142858
62,13,2024-08-13,SP1,Sand_Plant,Zone B,22998,50,0.68,53.0,0.0,0,350,0.0,0.9433962264150944
63,14,2024-08-13,SP1,Sand_Plant,Zone B,23061,63,0.57,52.0,0.0,0,441,0.0,1.2115384615384615
64,15,2024-08-13,SP1,Sand_Plant,Zone B,23125,64,0.66,57.0,0.0,0,448,0.0,1.1228070175438596
65,16,2024-08-13,SP1,Sand_Plant,Zone B,23184,59,0.72,52.0,0.0,0,413,0.0,1.1346153846153846
66,17,2024-08-13,SP1,Sand_Plant,Zone B,23239,55,0.74,56.0,0.0,0,385,0.0,0.9821428571428571
67,18,2024-08-13,SP1,Sand_Plant,Zone D,23312,73,0.65,51.0,0.0,0,803,0.0,1.4313725490196079
68,19,2024-08-13,SP1,Sand_Plant,Zone D,23363,51,0.55,59.0,0.0,0,561,0.0,0.864406779661017
69,20,2024-08-13,SP1,Sand_Plant,Zone D,23420,57,0.67,51.0,0.0,0,627,0.0,1.1176470588235294
70,21,2024-08-13,SP1,Sand_Plant,Zone D,23470,50,0.64,50.0,0.0,0,550,0.0,1.0
71,22,2024-08-13,SP1,Sand_Plant,Zone A,23537,67,0.75,53.0,0.0,0,335,0.0,1.2641509433962264
72,23,2024-08-13,SP1,Sand_Plant,Zone A,23604,67,0.6,55.0,0.0,0,335,0.0,1.2181818181818183
73,0,2024-08-13,SP2,Sand_Plant,Zone A,31465,97,0.84,90.0,0.0,0,485,0.0,1.0777777777777777
74,1,2024-08-13,SP2,Sand_Plant,Zone A,31560,95,0.97,87.0,0.0,0,475,0.0,1.0919540229885059
75,2,2024-08-13,SP2,Sand_Plant,Zone A,31650,90,0.92,85.0,0.0,0,450,0.0,1.0588235294117647
76,3,2024-08-13,SP2,Sand_Plant,Zone A,31736,86,0.96,83.0,0.0,0,430,0.0,1.036144578313253
77,4,2024-08-13,SP2,Sand_Plant,Zone A,31831,95,0.99,90.0,0.0,0,475,0.0,1.0555555555555556
78,5,2024-08-13,SP2,Sand_Plant,Zone A,31929,98,0.99,84.0,0.0,0,490,0.0,1.1666666666666667
79,6,2024-08-13,SP2,Sand_Plant,Zone B,32010,81,0.96,85.0,0.0,0,567,0.0,0.9529411764705882
80,7,2024-08-13,SP2,Sand_Plant,Zone B,32099,89,0.87,81.0,0.0,0,623,0.0,1.0987654320987654
81,8,2024-08-13,SP2,Sand_Plant,Zone B,32188,89,0.97,86.0,0.0,0,623,0.0,1.0348837209302326
82,9,2024-08-13,SP2,Sand_Plant,Zone C,32272,84,0.9,89.0,0.0,0,756,0.0,0.9438202247191011
83,10,2024-08-13,SP2,Sand_Plant,Zone C,32352,80,0.82,85.0,0.0,0,720,0.0,0.9411764705882353
84,11,2024-08-13,SP2,Sand_Plant,Zone C,32434,82,0.89,87.0,0.0,0,738,0.0,0.9425287356321839
85,12,2024-08-13,SP2,Sand_Plant,Zone B,32515,81,0.81,82.0,0.0,0,567,0.0,0.9878048780487805
86,13,2024-08-13,SP2,Sand_Plant,Zone B,32612,97,0.89,89.0,0.0,0,679,0.0,1.0898876404494382
87,14,2024-08-13,SP2,Sand_Plant,Zone B,32695,83,0.87,81.0,0.0,0,581,0.0,1.0246913580246915
88,15,2024-08-13,SP2,Sand_Plant,Zone B,32785,90,0.99,89.0,0.0,0,630,0.0,1.0112359550561798
89,16,2024-08-13,SP2,Sand_Plant,Zone B,32873,88,0.87,90.0,0.0,0,616,0.0,0.9777777777777777
90,17,2024-08-13,SP2,Sand_Plant,Zone B,32969,96,0.85,89.0,0.0,0,672,0.0,1.0786516853932584
91,18,2024-08-13,SP2,Sand_Plant,Zone D,33052,83,0.9,85.0,0.0,0,913,0.0,0.9764705882352941
92,19,2024-08-13,SP2,Sand_Plant,Zone D,33142,90,0.93,86.0,0.0,0,990,0.0,1.0465116279069768
93,20,2024-08-13,SP2,Sand_Plant,Zone D,33228,86,0.93,83.0,0.0,0,946,0.0,1.036144578313253
94,21,2024-08-13,SP2,Sand_Plant,Zone D,33309,81,0.98,87.0,0.0,0,891,0.0,0.9310344827586207
95,22,2024-08-13,SP2,Sand_Plant,Zone A,33391,82,0.83,90.0,0.0,0,410,0.0,0.9111111111111111
96,23,2024-08-13,SP2,Sand_Plant,Zone A,33472,81,0.85,83.0,0.0,0,405,0.0,0.9759036144578314
97,0,2024-08-13,SP3,Sand_Plant,Zone A,12193,35,0.23,38.0,0.0,0,175,0.0,0.9210526315789473
98,1,2024-08-13,SP3,Sand_Plant,Zone A,12219,26,0.39,36.0,0.0,0,130,0.0,0.7222222222222222
99,2,2024-08-13,SP3,Sand_Plant,Zone A,12243,24,0.35,31.0,0.0,0,120,0.0,0.7741935483870968
100,3,2024-08-13,SP3,Sand_Plant,Zone A,12275,32,0.4,34.0,0.0,0,160,0.0,0.9411764705882353
101,4,2024-08-13,SP3,Sand_Plant,Zone A,12314,39,0.26,36.0,0.0,0,195,0.0,1.0833333333333333
102,5,2024-08-13,SP3,Sand_Plant,Zone A,12340,26,0.42,40.0,0.0,0,130,0.0,0.65
103,6,2024-08-13,SP3,Sand_Plant,Zone B,12365,25,0.33,30.0,0.0,0,175,0.0,0.8333333333333334
104,7,2024-08-13,SP3,Sand_Plant,Zone B,12403,38,0.41,35.0,0.0,0,266,0.0,1.0857142857142856
105,8,2024-08-13,SP3,Sand_Plant,Zone B,12448,45,0.28,30.0,0.0,0,315,0.0,1.5
106,9,2024-08-13,SP3,Sand_Plant,Zone C,12489,41,0.36,40.0,0.0,0,369,0.0,1.025
107,10,2024-08-13,SP3,Sand_Plant,Zone C,12523,34,0.37,37.0,0.0,0,306,0.0,0.918918918918919
108,11,2024-08-13,SP3,Sand_Plant,Zone C,12549,26,0.3,32.0,0.0,0,234,0.0,0.8125
109,12,2024-08-13,SP3,Sand_Plant,Zone B,12579,30,0.34,38.0,0.0,0,210,0.0,0.7894736842105263
110,13,2024-08-13,SP3,Sand_Plant,Zone B,12616,37,0.3,34.0,0.0,0,259,0.0,1.088235294117647
111,14,2024-08-13,SP3,Sand_Plant,Zone B,12636,20,0.33,40.0,0.0,0,140,0.0,0.5
112,15,2024-08-13,SP3,Sand_Plant,Zone B,12659,23,0.29,31.0,0.0,0,161,0.0,0.7419354838709677
113,16,2024-08-13,SP3,Sand_Plant,Zone B,12693,34,0.42,30.0,0.0,0,238,0.0,1.1333333333333333
114,17,2024-08-13,SP3,Sand_Plant,Zone B,12713,20,0.23,30.0,0.0,0,140,0.0,0.6666666666666666
115,18,2024-08-13,SP3,Sand_Plant,Zone D,12749,36,0.38,32.0,0.0,0,396,0.0,1.125
116,19,2024-08-13,SP3,Sand_Plant,Zone D,12779,30,0.33,31.0,0.0,0,330,0.0,0.967741935483871
117,20,2024-08-13,SP3,Sand_Plant,Zone D,12816,37,0.29,31.0,0.0,0,407,0.0,1.1935483870967742
118,21,2024-08-13,SP3,Sand_Plant,Zone D,12856,40,0.34,40.0,0.0,0,440,0.0,1.0
119,22,2024-08-13,SP3,Sand_Plant,Zone A,12900,44,0.29,30.0,0.0,0,220,0.0,1.4666666666666666
120,23,2024-08-13,SP3,Sand_Plant,Zone A,12943,43,0.39,33.0,0.0,0,215,0.0,1.303030303030303
121,0,2024-08-13,SB1,Shot_Blasting,Zone A,54806,162,0.8,77.0,0.0,0,810,0.0,2.103896103896104
122,1,2024-08-13,SB1,Shot_Blasting,Zone A,54956,150,0.83,75.0,0.0,0,750,0.0,2.0
123,2,2024-08-13,SB1,Shot_Blasting,Zone A,55124,168,0.75,78.0,0.0,0,840,0.0,2.1538461538461537
124,3,2024-08-13,SB1,Shot_Blasting,Zone A,55284,160,0.83,74.0,0.0,0,800,0.0,2.1621621621621623
125,4,2024-08-13,SB1,Shot_Blasting,Zone A,55449,165,0.82,73.0,0.0,0,825,0.0,2.26027397260274
126,5,2024-08-13,SB1,Shot_Blasting,Zone A,55609,160,0.75,72.0,0.0,0,800,0.0,2.2222222222222223
127,6,2024-08-13,SB1,Shot_Blasting,Zone B,55761,152,0.77,80.0,0.0,0,1064,0.0,1.9
128,7,2024-08-13,SB1,Shot_Blasting,Zone B,55920,159,0.83,71.0,0.0,0,1113,0.0,2.23943661971831
129,8,2024-08-13,SB1,Shot_Blasting,Zone B,56073,153,0.79,76.0,0.0,0,1071,0.0,2.013157894736842
130,9,2024-08-13,SB1,Shot_Blasting,Zone C,56236,163,0.84,78.0,0.0,0,1467,0.0,2.08974358974359
131,10,2024-08-13,SB1,Shot_Blasting,Zone C,56386,150,0.85,74.0,0.0,0,1350,0.0,2.027027027027027
132,11,2024-08-13,SB1,Shot_Blasting,Zone C,56545,159,0.79,78.0,0.0,0,1431,0.0,2.0384615384615383
133,12,2024-08-13,SB1,Shot_Blasting,Zone B,56715,170,0.76,71.0,0.0,0,1190,0.0,2.3943661971830985
134,13,2024-08-13,SB1,Shot_Blasting,Zone B,56881,166,0.85,75.0,0.0,0,1162,0.0,2.2133333333333334
135,14,2024-08-13,SB1,Shot_Blasting,Zone B,57044,163,0.78,72.0,0.0,0,1141,0.0,2.263888888888889
136,15,2024-08-13,SB1,Shot_Blasting,Zone B,57195,151,0.78,76.0,0.0,0,1057,0.0,1.986842105263158
137,16,2024-08-13,SB1,Shot_Blasting,Zone B,57355,160,0.8,70.0,0.0,0,1120,0.0,2.2857142857142856
138,17,2024-08-13,SB1,Shot_Blasting,Zone B,57522,167,0.79,73.0,0.0,0,1169,0.0,2.287671232876712
139,18,2024-08-13,SB1,Shot_Blasting,Zone D,57675,153,0.81,78.0,0.0,0,1683,0.0,1.9615384615384615
140,19,2024-08-13,SB1,Shot_Blasting,Zone D,57827,152,0.78,75.0,0.0,0,1672,0.0,2.026666666666667
141,20,2024-08-13,SB1,Shot_Blasting,Zone D,57996,169,0.82,75.0,0.0,0,1859,0.0,2.2533333333333334
142,21,2024-08-13,SB1,Shot_Blasting,Zone D,58148,152,0.77,76.0,0.0,0,1672,0.0,2.0
143,22,2024-08-13,SB1,Shot_Blasting,Zone A,58308,160,0.78,72.0,0.0,0,800,0.0,2.2222222222222223
144,23,2024-08-13,SB1,Shot_Blasting,Zone A,58470,162,0.84,77.0,0.0,0,810,0.0,2.103896103896104
145,0,2024-08-13,SB2,Shot_Blasting,Zone A,71952,209,0.57,70.0,0.0,0,1045,0.0,2.9857142857142858
146,1,2024-08-13,SB2,Shot_Blasting,Zone A,72167,215,0.58,52.0,0.0,0,1075,0.0,4.134615384615385
147,2,2024-08-13,SB2,Shot_Blasting,Zone A,72383,216,0.62,78.0,0.0,0,1080,0.0,2.769230769230769
148,3,2024-08-13,SB2,Shot_Blasting,Zone A,72602,219,0.66,80.0,0.0,0,1095,0.0,2.7375
149,4,2024-08-13,SB2,Shot_Blasting,Zone A,72822,220,0.61,62.0,0.0,0,1100,0.0,3.5483870967741935
150,5,2024-08-13,SB2,Shot_Blasting,Zone A,73031,209,0.66,69.0,0.0,0,1045,0.0,3.028985507246377
151,6,2024-08-13,SB2,Shot_Blasting,Zone B,73232,201,0.6,74.0,0.0,0,1407,0.0,2.7162162162162162
152,7,2024-08-13,SB2,Shot_Blasting,Zone B,73433,201,0.65,52.0,0.0,0,1407,0.0,3.8653846153846154
153,8,2024-08-13,SB2,Shot_Blasting,Zone B,73642,209,0.61,80.0,0.0,0,1463,0.0,2.6125
154,9,2024-08-13,SB2,Shot_Blasting,Zone C,73859,217,0.65,54.0,0.0,0,1953,0.0,4.018518518518518
155,10,2024-08-13,SB2,Shot_Blasting,Zone C,74063,204,0.68,71.0,0.0,0,1836,0.0,2.8732394366197185
156,11,2024-08-13,SB2,Shot_Blasting,Zone C,74270,207,0.64,58.0,0.0,0,1863,0.0,3.5689655172413794
157,12,2024-08-13,SB2,Shot_Blasting,Zone B,74479,209,0.66,56.0,0.0,0,1463,0.0,3.732142857142857
158,13,2024-08-13,SB2,Shot_Blasting,Zone B,74699,220,0.67,67.0,0.0,0,1540,0.0,3.283582089552239
159,14,2024-08-13,SB2,Shot_Blasting,Zone B,74915,216,0.68,56.0,0.0,0,1512,0.0,3.857142857142857
160,15,2024-08-13,SB2,Shot_Blasting,Zone B,75118,203,0.67,52.0,0.0,0,1421,0.0,3.9038461538461537
161,16,2024-08-13,SB2,Shot_Blasting,Zone B,75336,218,0.56,59.0,0.0,0,1526,0.0,3.694915254237288
162,17,2024-08-13,SB2,Shot_Blasting,Zone B,75553,217,0.67,71.0,0.0,0,1519,0.0,3.056338028169014
163,18,2024-08-13,SB2,Shot_Blasting,Zone D,75772,219,0.65,52.0,0.0,0,2409,0.0,4.211538461538462
164,19,2024-08-13,SB2,Shot_Blasting,Zone D,75986,214,0.56,60.0,0.0,0,2354,0.0,3.566666666666667
165,20,2024-08-13,SB2,Shot_Blasting,Zone D,76186,200,0.55,52.0,0.0,0,2200,0.0,3.8461538461538463
166,21,2024-08-13,SB2,Shot_Blasting,Zone D,76395,209,0.6,61.0,0.0,0,2299,0.0,3.4262295081967213
167,22,2024-08-13,SB2,Shot_Blasting,Zone A,76608,213,0.67,55.0,0.0,0,1065,0.0,3.8727272727272726
168,23,2024-08-13,SB2,Shot_Blasting,Zone A,76827,219,0.57,60.0,0.0,0,1095,0.0,3.65
169,0,2024-08-13,Com_1,Utilities,Zone A,3656,10,0.9,50.0,0.0,0,50,0.0,0.2
170,1,2024-08-13,Com_1,Utilities,Zone A,3666,10,0.93,58.0,0.0,0,50,0.0,0.1724137931034483
171,2,2024-08-13,Com_1,Utilities,Zone A,3672,6,0.9,58.0,0.0,0,30,0.0,0.10344827586206896
172,3,2024-08-13,Com_1,Utilities,Zone A,3681,9,0.91,52.0,0.0,0,45,0.0,0.17307692307692307
173,4,2024-08-13,Com_1,Utilities,Zone A,3687,6,0.92,48.0,0.0,0,30,0.0,0.125
174,5,2024-08-13,Com_1,Utilities,Zone A,3692,5,0.94,56.0,0.0,0,25,0.0,0.08928571428571429
175,6,2024-08-13,Com_1,Utilities,Zone B,3700,8,0.93,49.0,0.0,0,56,0.0,0.16326530612244897
176,7,2024-08-13,Com_1,Utilities,Zone B,3708,8,0.91,48.0,0.0,0,56,0.0,0.16666666666666666
177,8,2024-08-13,Com_1,Utilities,Zone B,3713,5,0.94,60.0,0.0,0,35,0.0,0.08333333333333333
178,9,2024-08-13,Com_1,Utilities,Zone C,3720,7,0.95,53.0,0.0,0,63,0.0,0.1320754716981132
179,10,2024-08-13,Com_1,Utilities,Zone C,3730,10,0.93,58.0,0.0,0,90,0.0,0.1724137931034483
180,11,2024-08-13,Com_1,Utilities,Zone C,3739,9,0.91,45.0,0.0,0,81,0.0,0.2
181,12,2024-08-13,Com_1,Utilities,Zone B,3749,10,0.93,45.0,0.0,0,70,0.0,0.2222222222222222
182,13,2024-08-13,Com_1,Utilities,Zone B,3757,8,0.92,48.0,0.0,0,56,0.0,0.16666666666666666
183,14,2024-08-13,Com_1,Utilities,Zone B,3767,10,0.92,48.0,0.0,0,70,0.0,0.20833333333333334
184,15,2024-08-13,Com_1,Utilities,Zone B,3777,10,0.93,59.0,0.0,0,70,0.0,0.1694915254237288
185,16,2024-08-13,Com_1,Utilities,Zone B,3785,8,0.91,57.0,0.0,0,56,0.0,0.14035087719298245
186,17,2024-08-13,Com_1,Utilities,Zone B,3791,6,0.93,53.0,0.0,0,42,0.0,0.11320754716981132
187,18,2024-08-13,Com_1,Utilities,Zone D,3801,10,0.92,50.0,0.0,0,110,0.0,0.2
188,19,2024-08-13,Com_1,Utilities,Zone D,3807,6,0.92,48.0,0.0,0,66,0.0,0.125
189,20,2024-08-13,Com_1,Utilities,Zone D,3813,6,0.91,59.0,0.0,0,66,0.0,0.1016949152542373
190,21,2024-08-13,Com_1,Utilities,Zone D,3823,10,0.94,57.0,0.0,0,110,0.0,0.17543859649122806
191,22,2024-08-13,Com_1,Utilities,Zone A,3829,6,0.92,57.0,0.0,0,30,0.0,0.10526315789473684
192,23,2024-08-13,Com_1,Utilities,Zone A,3838,9,0.91,55.0,0.0,0,45,0.0,0.16363636363636364
193,0,2024-08-13,Com_2,Utilities,Zone A,5827,13,0.93,45.0,0.0,0,65,0.0,0.28888888888888886
194,1,2024-08-13,Com_2,Utilities,Zone A,5840,13,0.93,48.0,0.0,0,65,0.0,0.2708333333333333
195,2,2024-08-13,Com_2,Utilities,Zone A,5852,12,0.96,53.0,0.0,0,60,0.0,0.22641509433962265
196,3,2024-08-13,Com_2,Utilities,Zone A,5868,16,0.94,59.0,0.0,0,80,0.0,0.2711864406779661
197,4,2024-08-13,Com_2,Utilities,Zone A,5881,13,0.93,57.0,0.0,0,65,0.0,0.22807017543859648
198,5,2024-08-13,Com_2,Utilities,Zone A,5893,12,0.93,54.0,0.0,0,60,0.0,0.2222222222222222
199,6,2024-08-13,Com_2,Utilities,Zone B,5906,13,0.96,58.0,0.0,0,91,0.0,0.22413793103448276
200,7,2024-08-13,Com_2,Utilities,Zone B,5918,12,0.94,48.0,0.0,0,84,0.0,0.25
201,8,2024-08-13,Com_2,Utilities,Zone B,5930,12,0.95,56.0,0.0,0,84,0.0,0.21428571428571427
202,9,2024-08-13,Com_2,Utilities,Zone C,5944,14,0.96,56.0,0.0,0,126,0.0,0.25
203,10,2024-08-13,Com_2,Utilities,Zone C,5957,13,0.95,51.0,0.0,0,117,0.0,0.2549019607843137
204,11,2024-08-13,Com_2,Utilities,Zone C,5972,15,0.93,46.0,0.0,0,135,0.0,0.32608695652173914
205,12,2024-08-13,Com_2,Utilities,Zone B,5988,16,0.93,58.0,0.0,0,112,0.0,0.27586206896551724
206,13,2024-08-13,Com_2,Utilities,Zone B,6004,16,0.94,59.0,0.0,0,112,0.0,0.2711864406779661
207,14,2024-08-13,Com_2,Utilities,Zone B,6019,15,0.94,48.0,0.0,0,105,0.0,0.3125
208,15,2024-08-13,Com_2,Utilities,Zone B,6032,13,0.94,49.0,0.0,0,91,0.0,0.2653061224489796
209,16,2024-08-13,Com_2,Utilities,Zone B,6048,16,0.94,52.0,0.0,0,112,0.0,0.3076923076923077
210,17,2024-08-13,Com_2,Utilities,Zone B,6062,14,0.95,59.0,0.0,0,98,0.0,0.23728813559322035
211,18,2024-08-13,Com_2,Utilities,Zone D,6074,12,0.93,60.0,0.0,0,132,0.0,0.2
212,19,2024-08-13,Com_2,Utilities,Zone D,6088,14,0.93,46.0,0.0,0,154,0.0,0.30434782608695654
213,20,2024-08-13,Com_2,Utilities,Zone D,6100,12,0.95,51.0,0.0,0,132,0.0,0.23529411764705882
214,21,2024-08-13,Com_2,Utilities,Zone D,6115,15,0.95,46.0,0.0,0,165,0.0,0.32608695652173914
215,22,2024-08-13,Com_2,Utilities,Zone A,6127,12,0.93,49.0,0.0,0,60,0.0,0.24489795918367346
216,23,2024-08-13,Com_2,Utilities,Zone A,6142,15,0.93,48.0,0.0,0,75,0.0,0.3125
217,0,2024-08-13,Office,Utilities,Zone A,3319,5,0.91,47.0,0.0,0,25,0.0,0.10638297872340426
218,1,2024-08-13,Office,Utilities,Zone A,3324,5,0.93,52.0,0.0,0,25,0.0,0.09615384615384616
219,2,2024-08-13,Office,Utilities,Zone A,3328,4,0.93,57.0,0.0,0,20,0.0,0.07017543859649122
220,3,2024-08-13,Office,Utilities,Zone A,3333,5,0.91,51.0,0.0,0,25,0.0,0.09803921568627451
221,4,2024-08-13,Office,Utilities,Zone A,3337,4,0.91,54.0,0.0,0,20,0.0,0.07407407407407407
222,5,2024-08-13,Office,Utilities,Zone A,3340,3,0.91,46.0,0.0,0,15,0.0,0.06521739130434782
223,6,2024-08-13,Office,Utilities,Zone B,3344,4,0.91,54.0,0.0,0,28,0.0,0.07407407407407407
224,7,2024-08-13,Office,Utilities,Zone B,3349,5,0.94,45.0,0.0,0,35,0.0,0.1111111111111111
225,8,2024-08-13,Office,Utilities,Zone B,3352,3,0.9,54.0,0.0,0,21,0.0,0.05555555555555555
226,9,2024-08-13,Office,Utilities,Zone C,3355,3,0.92,60.0,0.0,0,27,0.0,0.05
227,10,2024-08-13,Office,Utilities,Zone C,3360,5,0.96,47.0,0.0,0,45,0.0,0.10638297872340426
228,11,2024-08-13,Office,Utilities,Zone C,3363,3,0.9,47.0,0.0,0,27,0.0,0.06382978723404255
229,12,2024-08-13,Office,Utilities,Zone B,3366,3,0.92,60.0,0.0,0,21,0.0,0.05
230,13,2024-08-13,Office,Utilities,Zone B,3369,3,0.95,45.0,0.0,0,21,0.0,0.06666666666666667
231,14,2024-08-13,Office,Utilities,Zone B,3372,3,0.92,48.0,0.0,0,21,0.0,0.0625
232,15,2024-08-13,Office,Utilities,Zone B,3376,4,0.9,56.0,0.0,0,28,0.0,0.07142857142857142
233,16,2024-08-13,Office,Utilities,Zone B,3380,4,0.96,53.0,0.0,0,28,0.0,0.07547169811320754
234,17,2024-08-13,Office,Utilities,Zone B,3384,4,0.92,56.0,0.0,0,28,0.0,0.07142857142857142
235,18,2024-08-13,Office,Utilities,Zone D,3387,3,0.91,52.0,0.0,0,33,0.0,0.057692307692307696
236,19,2024-08-13,Office,Utilities,Zone D,3391,4,0.9,50.0,0.0,0,44,0.0,0.08
237,20,2024-08-13,Office,Utilities,Zone D,3395,4,0.9,50.0,0.0,0,44,0.0,0.08
238,21,2024-08-13,Office,Utilities,Zone D,3398,3,0.92,55.0,0.0,0,33,0.0,0.05454545454545454
239,22,2024-08-13,Office,Utilities,Zone A,3401,3,0.94,57.0,0.0,0,15,0.0,0.05263157894736842
240,23,2024-08-13,Office,Utilities,Zone A,3405,4,0.91,51.0,0.0,0,20,0.0,0.0784313725490196
241,0,2024-08-13,IF1,Melting,Zone A,203787,642,0.87,0.0,902.0,B0337,3210,711.7516629711752,0.0
242,1,2024-08-13,IF1,Melting,Zone A,204387,600,0.89,0.0,981.0,B0338,3000,611.6207951070336,0.0
243,2,2024-08-13,IF1,Melting,Zone A,204976,589,0.89,0.0,834.0,B0339,2945,706.2350119904078,0.0
244,3,2024-08-13,IF1,Melting,Zone A,205603,627,0.88,0.0,967.0,B0340,3135,648.3971044467424,0.0
245,4,2024-08-13,IF1,Melting,Zone A,206245,642,0.9,0.0,890.0,B0341,3210,721.3483146067415,0.0
246,5,2024-08-13,IF1,Melting,Zone A,206845,600,0.9,0.0,817.0,B0342,3000,734.3941248470012,0.0
247,6,2024-08-13,IF1,Melting,Zone B,207478,633,0.89,0.0,912.0,B0343,4431,694.078947368421,0.0
248,7,2024-08-13,IF1,Melting,Zone B,208044,566,0.89,0.0,918.0,B0344,3962,616.557734204793,0.0
249,8,2024-08-13,IF1,Melting,Zone B,208623,579,0.86,0.0,859.0,B0345,4053,674.0395809080326,0.0
250,9,2024-08-13,IF1,Melting,Zone C,209261,638,0.88,0.0,969.0,B0346,5742,658.4107327141382,0.0
251,10,2024-08-13,IF1,Melting,Zone C,209819,558,0.9,0.0,987.0,B0347,5022,565.3495440729483,0.0
252,11,2024-08-13,IF1,Melting,Zone C,210416,597,0.85,0.0,906.0,B0348,5373,658.9403973509934,0.0
253,12,2024-08-13,IF1,Melting,Zone B,210973,557,0.88,0.0,912.0,B0349,3899,610.7456140350878,0.0
254,13,2024-08-13,IF1,Melting,Zone B,211623,650,0.89,0.0,846.0,B0350,4550,768.3215130023641,0.0
255,14,2024-08-13,IF1,Melting,Zone B,212268,645,0.86,0.0,856.0,B0351,4515,753.5046728971962,0.0
256,15,2024-08-13,IF1,Melting,Zone B,212897,629,0.85,0.0,925.0,B0352,4403,680.0,0.0
257,16,2024-08-13,IF1,Melting,Zone B,213533,636,0.9,0.0,957.0,B0353,4452,664.576802507837,0.0
258,17,2024-08-13,IF1,Melting,Zone B,214112,579,0.89,0.0,994.0,B0354,4053,582.4949698189134,0.0
259,18,2024-08-13,IF1,Melting,Zone D,214759,647,0.86,0.0,829.0,B0355,7117,780.4583835946925,0.0
260,19,2024-08-13,IF1,Melting,Zone D,215320,561,0.87,0.0,895.0,B0356,6171,626.8156424581005,0.0
261,20,2024-08-13,IF1,Melting,Zone D,215874,554,0.87,0.0,871.0,B0357,6094,636.0505166475316,0.0
262,21,2024-08-13,IF1,Melting,Zone D,216434,560,0.86,0.0,940.0,B0358,6160,595.7446808510638,0.0
263,22,2024-08-13,IF1,Melting,Zone A,217049,615,0.87,0.0,977.0,B0359,3075,629.4779938587512,0.0
264,23,2024-08-13,IF1,Melting,Zone A,217662,613,0.89,0.0,976.0,B0360,3065,628.0737704918032,0.0
265,0,2024-08-13,IF2,Melting,Zone A,203615,610,0.92,0.0,825.0,B0697,3050,739.3939393939394,0.0
266,1,2024-08-13,IF2,Melting,Zone A,204190,575,0.95,0.0,820.0,B0698,2875,701.2195121951219,0.0
267,2,2024-08-13,IF2,Melting,Zone A,204777,587,0.92,0.0,902.0,B0699,2935,650.7760532150776,0.0
268,3,2024-08-13,IF2,Melting,Zone A,205368,591,0.94,0.0,992.0,B0700,2955,595.7661290322582,0.0
269,4,2024-08-13,IF2,Melting,Zone A,205945,577,0.94,0.0,930.0,B0701,2885,620.4301075268818,0.0
270,5,2024-08-13,IF2,Melting,Zone A,206557,612,0.91,0.0,850.0,B0702,3060,720.0,0.0
271,6,2024-08-13,IF2,Melting,Zone B,207199,642,0.95,0.0,808.0,B0703,4494,794.5544554455446,0.0
272,7,2024-08-13,IF2,Melting,Zone B,207783,584,0.95,0.0,977.0,B0704,4088,597.7482088024565,0.0
273,8,2024-08-13,IF2,Melting,Zone B,208404,621,0.93,0.0,851.0,B0705,4347,729.7297297297297,0.0
274,9,2024-08-13,IF2,Melting,Zone C,209007,603,0.92,0.0,835.0,B0706,5427,722.1556886227545,0.0
275,10,2024-08-13,IF2,Melting,Zone C,209558,551,0.92,0.0,907.0,B0707,4959,607.497243660419,0.0
276,11,2024-08-13,IF2,Melting,Zone C,210149,591,0.92,0.0,944.0,B0708,5319,626.0593220338984,0.0
277,12,2024-08-13,IF2,Melting,Zone B,210796,647,0.93,0.0,893.0,B0709,4529,724.5240761478163,0.0
278,13,2024-08-13,IF2,Melting,Zone B,211383,587,0.91,0.0,897.0,B0710,4109,654.4035674470457,0.0
279,14,2024-08-13,IF2,Melting,Zone B,211951,568,0.93,0.0,868.0,B0711,3976,654.3778801843318,0.0
280,15,2024-08-13,IF2,Melting,Zone B,212501,550,0.92,0.0,910.0,B0712,3850,604.3956043956043,0.0
281,16,2024-08-13,IF2,Melting,Zone B,213080,579,0.95,0.0,923.0,B0713,4053,627.3022751895992,0.0
282,17,2024-08-13,IF2,Melting,Zone B,213683,603,0.92,0.0,842.0,B0714,4221,716.1520190023754,0.0
283,18,2024-08-13,IF2,Melting,Zone D,214250,567,0.94,0.0,944.0,B0715,6237,600.635593220339,0.0
284,19,2024-08-13,IF2,Melting,Zone D,214886,636,0.93,0.0,871.0,B0716,6996,730.195177956372,0.0
285,20,2024-08-13,IF2,Melting,Zone D,215438,552,0.91,0.0,946.0,B0717,6072,583.5095137420718,0.0
286,21,2024-08-13,IF2,Melting,Zone D,216036,598,0.95,0.0,886.0,B0718,6578,674.943566591422,0.0
287,22,2024-08-13,IF2,Melting,Zone A,216589,553,0.94,0.0,916.0,B0719,2765,603.7117903930132,0.0
288,23,2024-08-13,IF2,Melting,Zone A,217149,560,0.92,0.0,912.0,B0720,2800,614.0350877192983,0.0
